tree
version=v3
num_class=1
num_tree_per_iteration=1
label_index=0
max_feature_idx=15
objective=binary sigmoid:1
feature_names=match_mean min_edge edge_spread liquidity_min liquidity_mean size_spread count progress is_proposed is_frozen hours_since_created hours_in_stage vote_velocity category_popularity category_diversity reliability_mean
feature_infos=[0.047206999999999999:0.95268699999999995] [0:0.93980399999999997] [0.00013300000000000001:1] [0.25:1] [0.25:1] [0:11] [2:4] [0:1] [0:1] [0:1] [0:94.576865999999995] [0:45.149085999999997] [0:2781.6012569999998] [0.00010900000000000001:0.99994499999999997] [0.25:1] none
tree_sizes=1822 1844 1843 1849 1844 1850 1847 1848 1845 1846 1847 1851 1846 1847 1850 1849 1852 1848 1849 1853 1848 1855 1851 1847 1852 1850 1847 1848 1851 1849 1851 1853 1846 1842 1844 1842 1848 1853 1851 1860 1850 1850 1851 1850 1854 1857 1854 1856 1855 1850 1851 1860 1848 1859 1861 1868 1865 1862 1860 1860 1867 1858 1849 1858 1868 1857 1863 1853 1849 1852 1855 1859 1844 1854 1843 1859 1847 1855 1847 1865 1856 1854 1860 1857 1841 1835 1857 1847 1855 1855 1854 1865 1853 1856 1838 1864 1839 1846 1847 1853 1854 1864 1844 1853 1848 1847 1855 1866 1858 1852 1850 1841 1846 1854 1860 1860 1849 1852 1846 1839 1855 1838 1862 1841 1851 1863 1834 1854 1829 1854 1834 1852 1842 1864 1834 1857 1851 1824 1844 1857 1830 1831 1840 1837 1842 1835 1832 1843 1834 1850 1841 1842 1845 1842 1851 1845 1842 1836 1856 1847 1849 1840 1843 1850 1836 1838 1825 1831 1852 1856 1828 1850 1850 1840 1855 1843 1838 1850 1845 1855 1841 1844 1829 1850 1842 1856 1858 1830 1842 1831 1837 1831 1858 1848 1851 1838 1836 1851 1830 1840 1848 1847 1841 1846 1850 1843 1850 1829 1862 1840 1841 1837 1837 1860 1854 1828 1845 1860 1855 1851 1834 1837 1836 1866 1849 1843 1839 1842 1857 1848 1844 1849 1841 1833 1838 1846 1842 1840 1860 1840 1847 1845 1846 1826 1849 1843 1837 1851 1832 1866 1852 1831 1837 1858 1851 1859 1855 1863 1838 1843 1851 1857 1872 1833 1836 1851 1855 1858 1858 1834 1843 1835 1834 1833 1832 1839 1844 1859 1849 1848 1859 1856 1849 1846 1863 1839 1844 1858 1842 1850 1855 1847 1858 1854 1852 1833 1856 1839 1858 1844 1851 1849 1850 1853 1851 1846 1850 1836 1837 1855 1846 1848 1852 1856 1857 1839 1847 1866 1836 1856 1863 1841 1857 1870 1838 1837 1857 1852 1866 1844 1852 1837 1840 1840 1841 1861 1861 1853 1851 1849 1841 1846 1847 1861 1849 1838 1852 1840 1859 1840 1839 1849 1834 1855 1840 1852 1845 1847 1854 1836 1857 1846 1852 1831 1833 1832 1856 1853 1859 1824 1852 1856 1836 1842 1855 1855 1842 1851 1843 1857 1836 1845 1841 1859 1834 1859 1849 1834 1826 1839 1853 1845 1858 1848 1850 1866 1821 1847 1835 1856 1849 1850 1842 1853 1857 1852 1837 1839 1840 1845 1863 1852 1848 1845 1854 1846 1850 1841 1843 1837 1851 1854 1861 1842 1865 1857 1865 1838 1844 1846 1854 1846 1845 1851 1860 1840 1851 1849 1850 1843 1843 1841 1837 1846 1853 1853 1843 1850 1849 1857 1852 1861 1855 1847 1833 1838 1843 1851 1835 1859 1840 1845 1853 1848 1836 1841 1858 1857 1833 1838 1847 1857 1848 1847 1845 1851 1838 1860 1843 1865 1846 1840 1838 1856 1845 1847 1856 1841 1845 1855 1842 1847 1849 1849 1852 1835 1842 1866 1843 1839

Tree=0
num_leaves=16
num_cat=0
split_feature=8 7 6 3 11 0 6 12 3 0 12 6 0 0 6
split_gain=3946.66 577.569 346.744 116.093 64.5248 56.3443 27.0258 25.8091 24.4362 17.6391 15.7307 14.2829 12.9242 11.8333 11.5033
threshold=1.0000000180025095e-35 0.87500000000000011 2.5000000000000004 0.37500000000000006 1.0000000180025095e-35 0.56134150000000016 3.5000000000000004 1.8404865000000001 0.37500000000000006 0.43955750000000005 2.5426230000000003 2.5000000000000004 0.35462050000000006 0.36730450000000009 2.5000000000000004
decision_type=2 2 2 2 2 2 2 2 2 2 2 2 2 2 2
left_child=2 3 5 14 -3 7 9 12 -7 -4 -10 -5 -1 -9 -2
right_child=1 4 6 11 -6 8 -8 13 10 -11 -12 -13 -14 -15 -16
leaf_value=-0.52182837442843677 -0.49657914608790477 -0.4413134428131788 -0.53428069161022129 -0.4648262661381386 -0.42162864506046338 -0.51824358322289876 -0.5380464565640859 -0.51436426532894797 -0.49786415471587453 -0.52450094884668108 -0.47975839458466868 -0.47696064665507271 -0.51181157205379213 -0.49234323728131602 -0.51847835578233026
leaf_weight=172.19766336679459 47.989512741565704 350.27639447152615 263.47183465957642 301.581153601408 293.8181441873312 46.107571065425873 348.62969550490379 29.875824108719826 292.6419306397438 530.94279538094997 49.636211708188057 131.97116003930569 385.09231548011303 75.277667045593262 38.344561651349068
leaf_count=732 204 1489 1120 1282 1249 196 1482 127 1244 2257 211 561 1637 320 163
internal_value=-0.495833 -0.451204 -0.519521 -0.474784 -0.432233 -0.507066 -0.530951 -0.512379 -0.497986 -0.527789 -0.495199 -0.468468 -0.514948 -0.498715 -0.506453
internal_weight=0 1163.98 2193.87 519.886 644.095 1050.83 1143.04 662.443 388.386 794.415 342.278 433.552 557.29 105.153 86.3341
internal_count=14274 4948 9326 2210 2738 4467 4859 2816 1651 3377 1455 1843 2369 447 367
is_linear=0
shrinkage=1


Tree=1
num_leaves=16
num_cat=0
split_feature=8 7 6 3 11 0 6 12 3 0 12 6 0 0 6
split_gain=3696.43 527.617 332.184 108.323 58.136 53.4281 26.1828 24.5134 23.1616 17.0478 14.7651 13.1867 12.361 11.2033 10.932
threshold=1.0000000180025095e-35 0.87500000000000011 2.5000000000000004 0.37500000000000006 1.0000000180025095e-35 0.56134150000000016 3.5000000000000004 1.8404865000000001 0.37500000000000006 0.43955750000000005 2.5426230000000003 2.5000000000000004 0.35462050000000006 0.36730450000000009 2.5000000000000004
decision_type=2 2 2 2 2 2 2 2 2 2 2 2 2 2 2
left_child=2 3 5 14 -3 7 9 12 -7 -4 -10 -5 -1 -9 -2
right_child=1 4 6 11 -6 8 -8 13 10 -11 -12 -13 -14 -15 -16
leaf_value=-0.025385208936317155 -0.00072417876744266163 0.052221031855416822 -0.037665695696283585 0.029858103900953437 0.07077708509203888 -0.021872942382826215 -0.041395375669991387 -0.018074353650800269 -0.0019712449323951151 -0.028011811078760687 0.015542457552231496 0.018227718060276954 -0.015562292002054541 0.0033837444983058703 -0.022105720733262082
leaf_weight=171.08638107776642 47.980809688568115 354.69785191118717 260.93168973922729 303.79277953505516 298.77382308244705 45.851797103881836 344.92825448513031 29.739217787981033 292.49726754426956 527.15587472915649 49.827410310506821 132.56654401123524 383.5772293806076 75.341305732727051 38.129583090543747
leaf_count=732 204 1489 1120 1282 1249 196 1482 127 1244 2257 211 561 1637 320 163
internal_value=0 0.0428456 -0.023119 0.0203158 0.0608002 -0.0109293 -0.0343737 -0.0161191 -0.00208995 -0.0312518 0.000615825 0.0263745 -0.0186324 -0.00280232 -0.010337
internal_weight=0 1175.94 2180.94 522.47 653.472 1047.92 1133.02 659.744 388.176 788.088 342.325 436.359 554.664 105.081 86.1104
internal_count=14274 4948 9326 2210 2738 4467 4859 2816 1651 3377 1455 1843 2369 447 367
is_linear=0
shrinkage=0.03


Tree=2
num_leaves=16
num_cat=0
split_feature=8 7 6 3 11 0 6 12 3 0 12 3 0 13 0
split_gain=3466.21 484.679 318.504 101.15 53.0068 50.666 25.429 23.2848 21.9557 16.5098 13.8617 12.3673 11.8295 11.7277 10.6074
threshold=1.0000000180025095e-35 0.87500000000000011 2.5000000000000004 0.37500000000000006 1.0000000180025095e-35 0.56134150000000016 3.5000000000000004 1.8404865000000001 0.37500000000000006 0.43955750000000005 2.5426230000000003 0.87500000000000011 0.35462050000000006 0.41001850000000001 0.36730450000000009
decision_type=2 2 2 2 2 2 2 2 2 2 2 2 2 2 2
left_child=2 3 5 -2 -3 7 9 12 -7 -4 -10 13 -1 -5 -9
right_child=1 4 6 11 -6 8 -8 14 10 -11 -12 -13 -14 -15 -16
leaf_value=-0.024793378879505435 -0.010061654269134539 0.050113314855539486 -0.036917390693260756 0.028266815728219638 0.06772863795560792 -0.021350406173441739 -0.040617954585832713 -0.017629670286988128 -0.0019132405090848128 -0.027376610390317389 0.015031368582577002 0.03258596588399254 -0.015157215713039416 0.015942213899098546 0.0032808857903965601
leaf_weight=169.95628309249878 85.884462311863899 358.50901092588902 258.29436302185059 133.11798387765884 302.83450974524021 45.593195974826813 341.06187164783478 29.601992636919022 292.35640454292297 523.28763209283352 50.007176801562309 148.67764748632908 382.06338733434677 157.13330756127834 75.402646064758301
leaf_count=732 367 1489 1120 559 1249 196 1482 127 1244 2257 211 624 1637 660 320
internal_value=0 0.0411991 -0.0225684 0.0196177 0.0582696 -0.010634 -0.0336579 -0.015704 -0.00202937 -0.0305728 0.000598335 0.0254347 -0.0181635 0.0216723 -0.00272474
internal_weight=0 1186.16 2167.62 524.813 661.344 1044.98 1122.64 657.024 387.957 781.582 342.364 438.929 552.02 290.251 105.005
internal_count=14274 4948 9326 2210 2738 4467 4859 2816 1651 3377 1455 1843 2369 1219 447
is_linear=0
shrinkage=0.03


Tree=3
num_leaves=16
num_cat=0
split_feature=8 7 6 3 11 0 6 12 3 0 13 1 13 6 0
split_gain=3253.92 447.422 305.621 94.5058 48.8453 48.049 24.7529 22.119 20.8144 16.0182 13.1557 21.7094 16.2775 12.0365 11.3269
threshold=1.0000000180025095e-35 0.87500000000000011 2.5000000000000004 0.37500000000000006 1.0000000180025095e-35 0.56134150000000016 3.5000000000000004 1.8404865000000001 0.37500000000000006 0.43955750000000005 0.40556650000000005 0.6391285000000001 0.49834850000000003 2.5000000000000004 0.35462050000000006
decision_type=2 2 2 2 2 2 2 2 2 2 2 2 2 2 2
left_child=2 3 5 -2 -3 7 9 14 -7 -4 -10 12 -12 -5 -1
right_child=1 4 6 13 -6 8 -8 -9 10 -11 11 -13 -14 -15 -16
leaf_value=-0.02421865926745383 -0.0097884490321521259 0.048171819285750581 -0.036199835420372944 0.027846009726101899 0.064998973357889497 -0.020842063745298255 -0.039877566367724895 -0.0026493844186965846 0.0085691554672879203 -0.026760830833108287 -0.031635470453103845 0.012702625091311315 -0.0051547740621776623 0.016806342121836439 -0.014762775117426333
leaf_weight=168.81096893548965 85.664439335465431 361.75799691677094 255.57297229766846 307.45389372110367 306.0752831697464 45.332442343235016 337.05170300602913 104.92621403932571 119.55969575047493 519.35189019143581 23.525078654289246 53.885533154010773 145.42510688304901 133.82473476231098 380.55335062742233
leaf_count=732 367 1489 1120 1282 1249 196 1482 447 508 2257 100 229 618 561 1637
internal_value=0 0.0396739 -0.0220352 0.0189543 0.0559695 -0.0103469 -0.0329689 -0.0153001 -0.00197061 -0.0299165 0.000581354 -0.00372354 -0.00900647 0.0245436 -0.0177071
internal_weight=0 1194.78 2153.99 526.943 667.833 1042.02 1111.98 654.291 387.728 774.925 342.395 222.836 168.95 441.279 549.364
internal_count=14274 4948 9326 2210 2738 4467 4859 2816 1651 3377 1455 947 718 1843 2369
is_linear=0
shrinkage=0.03


Tree=4
num_leaves=16
num_cat=0
split_feature=8 7 6 3 0 11 12 6 1 0 10 3 13 3 6
split_gain=3057.49 414.939 293.456 88.345 45.9845 45.4382 25.911 24.1442 20.8656 15.5671 12.3062 11.3355 10.8449 10.5611 10.462
threshold=1.0000000180025095e-35 0.87500000000000011 2.5000000000000004 0.37500000000000006 0.40876600000000002 1.0000000180025095e-35 1.8180595000000002 3.5000000000000004 0.6302215000000001 0.43955750000000005 1.5424760000000002 0.87500000000000011 0.41001850000000001 0.37500000000000006 2.5000000000000004
decision_type=2 2 2 2 2 2 2 2 2 2 2 2 2 2 2
left_child=2 3 4 14 -1 -3 8 9 10 -4 -6 12 -5 -11 -2
right_child=1 5 7 11 6 -7 -8 -9 -10 13 -12 -13 -14 -15 -16
leaf_value=-0.020195539034940542 -0.00012169179672607792 0.046375881415543253 -0.03551055580119801 0.026410051166709293 -0.0097105145216211212 0.062540019734088931 0.0058653575411585866 -0.039171091773861466 0.0048483073081257138 -0.035250545505825549 -0.028215120794074497 0.03048910751132063 0.014631984080367252 -0.023957629269639593 -0.021111948552351784
leaf_weight=289.91535176336765 47.736473679542542 364.4894296079874 252.77958393096924 134.55673576891422 495.37960937619209 308.56519220769405 132.68159979581833 332.91738080978394 87.09222149848938 97.729150056838989 33.999674439430237 150.43258590996265 158.43671277165413 417.63227909803391 37.710585117340088
leaf_count=1259 204 1489 1120 559 2129 1249 562 1482 371 428 146 624 660 1829 163
internal_value=0 0.0382541 -0.0215181 0.0183191 -0.0100682 0.0538682 -0.00612733 -0.0323045 -0.0087138 -0.0292814 -0.0109499 0.0236934 0.0201125 -0.0261633 -0.00952244
internal_weight=0 1201.93 2140.13 528.873 1039.07 673.055 749.153 1101.06 616.472 768.141 529.379 443.426 292.993 515.361 85.4471
internal_count=14274 4948 9326 2210 4467 2738 3208 4859 2646 3377 2275 1843 1219 2257 367
is_linear=0
shrinkage=0.03


Tree=5
num_leaves=16
num_cat=0
split_feature=8 7 6 3 0 11 6 12 3 0 12 6 0 3 6
split_gain=2875.41 386.353 282.014 82.6676 43.9622 42.6264 23.5892 20.2652 19.8022 15.1458 12.4043 11.0424 10.5001 10.2239 9.94368
threshold=1.0000000180025095e-35 0.87500000000000011 2.5000000000000004 0.37500000000000006 0.56134150000000016 1.0000000180025095e-35 3.5000000000000004 1.8404865000000001 0.37500000000000006 0.43955750000000005 2.5426230000000003 2.5000000000000004 0.35462050000000006 0.37500000000000006 2.5000000000000004
decision_type=2 2 2 2 2 2 2 2 2 2 2 2 2 2 2
left_child=2 3 4 14 7 -3 9 12 -6 -4 -10 -5 -1 -11 -2
right_child=1 5 6 11 8 -7 -8 -9 10 13 -12 -13 -14 -15 -16
leaf_value=-0.023196175323003783 -0.00011811764362684184 0.044708122485455672 -0.034847307992841706 0.026028056056501686 -0.020261159250574069 0.060312878906022431 -0.038495749200078241 -0.002449312590118212 -0.0016877585575638186 -0.034572080653107323 0.014311042195703292 0.015513307104319545 -0.014043789225932706 -0.023410319462927657 -0.020614254325682268
leaf_weight=166.66059118509293 47.735005438327789 366.74473367631435 249.92537975311279 310.48237423598766 45.022902473807335 310.36798141896725 328.67696937918663 104.72881849110126 291.78540922701359 96.69300389289856 50.252531751990318 134.89580304920673 377.70967650413513 414.64328111708164 37.489920526742935
leaf_count=732 204 1489 1120 1282 196 1249 1482 447 1244 428 211 561 1637 1829 163
internal_value=0 0.0369292 -0.0210158 0.017713 -0.00979571 0.0519393 -0.0316636 -0.0145617 -0.00178619 -0.0286671 0.000697666 0.0228852 -0.0168832 -0.0255844 -0.00926875
internal_weight=0 1207.72 2126.1 530.603 1036.16 677.113 1089.94 649.099 387.061 761.262 342.038 445.378 544.37 511.336 85.2249
internal_count=14274 4948 9326 2210 4467 2738 4859 2816 1651 3377 1455 1843 2369 2257 367
is_linear=0
shrinkage=0.03


Tree=6
num_leaves=16
num_cat=0
split_feature=8 7 6 3 0 11 12 6 1 3 0 0 3 13 14
split_gain=2706.23 361.099 271.151 77.3871 42.0586 40.2901 23.3196 23.0851 19.618 15.0593 14.8766 12.9968 10.4437 10.0677 9.62807
threshold=1.0000000180025095e-35 0.87500000000000011 2.5000000000000004 0.37500000000000006 0.40876600000000002 1.0000000180025095e-35 1.8180595000000002 3.5000000000000004 0.73166750000000003 0.37500000000000006 0.51154050000000006 0.6026585000000001 0.87500000000000011 0.41001850000000001 0.87500000000000011
decision_type=2 2 2 2 2 2 2 2 2 2 2 2 2 2 2
left_child=2 3 4 -2 -1 -3 8 10 9 -6 -4 -11 13 -5 -15
right_child=1 5 7 12 6 -7 -8 -9 -10 11 -12 -13 -14 14 -16
leaf_value=-0.01927998732599923 -0.0090220302539818619 0.043153817872345214 -0.032142735161551736 0.024725341399412154 -0.02173038047794652 0.058285754561800122 0.0055939729927420483 -0.037849007782499909 0.015521611540193776 -0.011077285268216122 -0.023472016847132487 -0.0010430088936708264 0.028594483900696303 -0.0041902188975086324 0.016475041787151694
leaf_weight=286.7292011231184 85.001907855272293 368.56233844161034 396.93873250484467 135.74889227747917 76.9940205514431 311.54253774881363 132.93039953708649 324.34714177250862 28.919060364365578 327.57081271708012 357.35694892704487 180.06249803304672 151.86686508357525 23.394987016916275 136.14839974045753
leaf_count=1259 367 1489 1787 559 336 1249 562 1482 123 1419 1590 768 624 97 563
internal_value=0 0.0356876 -0.0205284 0.0171312 -0.00953116 0.0501609 -0.00576575 -0.0310438 -0.00823204 -0.00943153 -0.0280714 -0.00752708 0.0221118 0.0186926 0.0134375
internal_weight=0 1212.27 2111.85 532.161 1033.21 680.105 746.477 1078.64 613.546 584.627 754.296 507.633 447.159 295.292 159.543
internal_count=14274 4948 9326 2210 4467 2738 3208 4859 2646 2523 3377 2187 1843 1219 660
is_linear=0
shrinkage=0.03


Tree=7
num_leaves=16
num_cat=0
split_feature=8 7 6 3 0 11 6 12 1 0 3 10 0 6 3
split_gain=2548.78 338.575 260.819 72.4731 40.0052 38.3372 22.6348 22.0024 18.4996 14.6015 14.3506 12.6205 11.3091 10.0749 10.0573
threshold=1.0000000180025095e-35 0.87500000000000011 2.5000000000000004 0.37500000000000006 0.40876600000000002 1.0000000180025095e-35 3.5000000000000004 1.8180595000000002 0.73166750000000003 0.43955750000000005 0.37500000000000006 1.6469120000000002 0.6026585000000001 2.5000000000000004 0.37500000000000006
decision_type=2 2 2 2 2 2 2 2 2 2 2 2 2 2 2
left_child=2 3 4 -2 -1 -3 9 8 10 -4 -6 12 -12 -5 -11
right_child=1 5 6 13 7 -7 -8 -9 -10 14 11 -13 -14 -15 -16
leaf_value=-0.018814198010011378 -0.0087761325109660289 0.041700395370256924 -0.033627979329986984 0.024361410686976628 -0.021222129453113525 0.056432386260616856 -0.037228593942792342 0.005420382182116483 0.015016559407651255 -0.033434666365938844 -0.0095345762452632519 -0.0262821551714221 0.00010624684817031839 0.014363594255472041 -0.022286813978926411
leaf_weight=285.06328848004341 84.793292656540871 369.97794412076473 244.25518989562988 312.98253436386585 76.504255250096321 312.14324414730072 319.94326812028885 133.10130889713764 29.026900365948677 94.814999833703041 308.24037404358387 28.823981046676636 169.51144850254059 135.77913410961628 408.2035303413868
leaf_count=1259 367 1489 1120 1282 336 1249 1482 562 123 428 1339 125 723 561 1829
internal_value=0 0.034522 -0.0200537 0.016576 -0.00927328 0.0485146 -0.0304424 -0.00560329 -0.0080053 -0.027491 -0.00917512 -0.00731752 -0.00612083 0.0213751 -0.0244503
internal_weight=0 1215.68 2097.49 533.555 1030.27 682.121 1067.22 745.208 612.107 747.274 583.08 506.576 477.752 448.762 503.019
internal_count=14274 4948 9326 2210 4467 2738 4859 3208 2646 3377 2523 2187 2062 1843 2257
is_linear=0
shrinkage=0.03


Tree=8
num_leaves=16
num_cat=0
split_feature=8 7 6 3 0 11 6 12 1 0 10 3 6 13 3
split_gain=2402.01 318.454 251 67.8932 38.0468 36.6965 22.2145 20.7635 17.6768 14.2738 11.4541 9.66357 9.51585 9.37638 9.03836
threshold=1.0000000180025095e-35 0.87500000000000011 2.5000000000000004 0.37500000000000006 0.40876600000000002 1.0000000180025095e-35 3.5000000000000004 1.8180595000000002 0.6302215000000001 0.51154050000000006 1.5424760000000002 0.87500000000000011 2.5000000000000004 0.41001850000000001 0.37500000000000006
decision_type=2 2 2 2 2 2 2 2 2 2 2 2 2 2 2
left_child=2 3 4 12 -1 -3 9 8 10 -4 14 13 -2 -5 -6
right_child=1 5 6 11 7 -7 -8 -9 -10 -11 -12 -13 -14 -15 -16
leaf_value=-0.018360069344256227 0.00040897726240534575 0.04033708076202977 -0.030962177035931262 0.023188505132920326 -0.019161728959721121 0.054730887688055563 -0.036632440917722581 0.0052524630597944313 0.004678556169153498 -0.022399700520745771 -0.026679187706811155 0.026872210056813523 -0.019711917468395328 0.012344671571855176 -0.0070663042702213659
leaf_weight=283.40098512172699 47.515538334846497 371.02474370598793 388.42355613410473 136.72693876922131 63.591817080974579 312.22048208117485 315.47950395941734 133.26523695886135 87.174832805991173 351.7733608931303 33.331660717725754 153.02223615348339 37.072265729308128 160.47531957924366 426.57816265523434
leaf_count=1259 204 1489 1787 559 281 1249 1482 562 371 1590 146 624 163 660 1848
internal_value=0 0.033423 -0.0195928 0.0160417 -0.00902316 0.0469849 -0.0298605 -0.00544643 -0.00778598 -0.0269286 -0.00986656 0.0206681 -0.00853668 0.0173944 -0.00867131
internal_weight=0 1218.06 2083.02 534.812 1027.34 683.245 1055.68 743.942 610.676 740.197 523.502 450.224 84.5878 297.202 490.17
internal_count=14274 4948 9326 2210 4467 2738 4859 3208 2646 3377 2275 1843 367 1219 2129
is_linear=0
shrinkage=0.03


Tree=9
num_leaves=16
num_cat=0
split_feature=8 7 6 3 0 11 6 3 12 0 13 1 13 13 4
split_gain=2264.98 300.309 241.618 63.656 36.5656 35.3119 21.8375 17.2334 17.1139 14.1244 12.2563 18.2381 15.5408 10.6311 10.0709
threshold=1.0000000180025095e-35 0.87500000000000011 2.5000000000000004 0.37500000000000006 0.56134150000000016 1.0000000180025095e-35 3.5000000000000004 0.37500000000000006 1.8404865000000001 0.43955750000000005 0.40556650000000005 0.6391285000000001 0.49834850000000003 0.68163400000000018 0.71875000000000011
decision_type=2 2 2 2 2 2 2 2 2 2 2 2 2 2 2
left_child=2 3 4 -2 8 -3 9 -6 -1 -4 14 12 -12 -14 -9
right_child=1 5 6 -5 7 -7 -8 10 -10 -11 11 -13 13 -15 -16
leaf_value=-0.0153449008410349 -0.008309182803473399 0.039054579053696997 -0.032487505521010186 0.019993282723245166 -0.018883524471492316 0.053162872038235373 -0.036058673215852363 0.02217672437401251 -0.002038392701355413 -0.023375077407084787 -0.030504203482072167 0.011623244604270543 0.0064242798872534718 -0.010465939681258947 0.0029778025986651512
leaf_weight=534.40606474876404 84.37074713408947 371.7335117161274 238.46750736236572 451.53265938162804 44.227289289236069 311.82087348401546 310.96881231665611 33.679928809404373 104.26339073479176 494.63350506126881 23.194526791572571 54.303862273693085 51.223614022135735 93.289590582251549 85.873425528407097
leaf_count=2369 367 1489 1120 1843 196 1249 1482 143 447 2257 100 229 219 399 365
internal_value=0 0.0323859 -0.0191432 0.0155303 -0.0087796 0.0455587 -0.0292941 -0.00148097 -0.0131792 -0.0263794 0.000820938 -0.0033476 -0.00823534 -0.00447609 0.00852551
internal_weight=0 1219.46 2068.53 535.903 1024.46 683.554 1044.07 385.792 638.669 733.101 341.565 222.012 167.708 144.513 119.553
internal_count=14274 4948 9326 2210 4467 2738 4859 1651 2816 3377 1455 947 718 618 508
is_linear=0
shrinkage=0.03


Tree=10
num_leaves=16
num_cat=0
split_feature=8 7 6 3 0 11 6 3 12 1 3 0 10 13 6
split_gain=2136.71 283.98 232.681 59.673 35.3292 34.1392 21.4875 19.4304 19.8741 18.2677 14.2925 12.4731 11.232 9.70809 9.33373
threshold=1.0000000180025095e-35 0.87500000000000011 2.5000000000000004 0.37500000000000006 0.40876600000000002 1.0000000180025095e-35 3.5000000000000004 0.37500000000000006 1.8180595000000002 0.55230650000000014 0.37500000000000006 0.44338900000000009 1.6469120000000002 0.20811650000000004 2.5000000000000004
decision_type=2 2 2 2 2 2 2 2 2 2 2 2 2 2 2
left_child=2 3 4 -2 -1 -3 10 -6 9 12 -4 -12 -9 -11 -5
right_child=1 5 6 14 7 -7 -8 8 -10 13 11 -13 -14 -15 -16
leaf_value=-0.017593452862305379 -0.0080819521451792886 0.037844831686298652 -0.034604403969558654 0.022198178769852941 -0.017660517208117538 0.05171277748918434 -0.035505574233401165 -0.0076109279049100791 0.0080047656545066889 0.019962198827088568 -0.030032272377418383 -0.020512005958236931 -0.028861490036633745 -0.00014701894665937741 0.012643945509506937
leaf_weight=280.49526746571064 84.171787425875664 372.1328926384449 140.0329053401947 315.77415163815022 95.449266269803047 310.98757854104042 306.42320662736893 372.4472870528698 115.6591112613678 25.971715539693832 193.15801274776459 392.79020753502846 23.011329010128975 108.54881504178047 136.97951917350292
leaf_count=1259 367 1489 656 1282 423 1249 1482 1625 486 110 918 1803 102 462 561
internal_value=0 0.0314017 -0.0187052 0.0150357 -0.00854206 0.0442245 -0.0287439 -0.00509709 -0.00321531 -0.00567437 -0.025845 -0.0236962 -0.00891716 0.00385409 0.0193418
internal_weight=0 1220.05 2053.99 536.925 1021.58 683.12 1032.4 741.088 645.638 529.979 725.981 585.948 395.459 134.521 452.754
internal_count=14274 4948 9326 2210 4467 2738 4859 3208 2785 2299 3377 2721 1727 572 1843
is_linear=0
shrinkage=0.03


Tree=11
num_leaves=16
num_cat=0
split_feature=8 7 6 3 0 11 6 1 3 12 3 0 10 0 6
split_gain=2016.76 269.1 224.144 55.9689 33.5984 33.1425 21.1574 18.8141 19.4156 18.495 13.9341 12.2883 11.0899 9.28722 9.10269
threshold=1.0000000180025095e-35 0.87500000000000011 2.5000000000000004 0.37500000000000006 0.40876600000000002 1.0000000180025095e-35 3.5000000000000004 0.73166750000000003 0.37500000000000006 1.8180595000000002 0.37500000000000006 0.6026585000000001 1.6469120000000002 0.6026585000000001 2.5000000000000004
decision_type=2 2 2 2 2 2 2 2 2 2 2 2 2 2 2
left_child=2 3 4 14 -1 -3 10 8 -6 12 -4 -12 13 -10 -2
right_child=1 5 6 -5 7 -7 -8 -9 9 -11 11 -13 -14 -15 -16
leaf_value=-0.017169059832224182 0.0008812203509817473 0.036700821436280097 -0.034032656397045835 0.018719130372776869 -0.018813081903450549 0.050367327794852271 -0.034971587274584361 0.016543503477418117 -0.0085297174219608196 0.0069214546001496015 -0.025583894387761656 -0.014952655758964621 -0.024522855922422853 0.00022626784920306038 -0.018866620251888899
leaf_weight=278.85568434000015 47.314644634723663 372.24946749210358 138.15916003286839 453.82055343687534 91.720877394080162 309.76061208546162 301.85359615087509 33.983738914132118 304.94108957052231 111.77699103951454 448.77498427033424 131.92895673215389 28.119764059782028 169.30451722443104 36.661523550748825
leaf_count=1259 204 1489 656 1843 409 1249 1482 143 1339 469 2112 609 125 723 163
internal_value=0 0.0304689 -0.018279 0.0145618 -0.00831129 0.0429726 -0.0282093 -0.00495404 -0.00601098 -0.00407154 -0.0253251 -0.0231985 -0.00652639 -0.00540995 -0.00786067
internal_weight=0 1219.81 2039.42 537.797 1018.7 682.01 1020.72 739.847 705.863 614.142 718.863 580.704 502.365 474.246 83.9762
internal_count=14274 4948 9326 2210 4467 2738 4859 3208 3065 2656 3377 2721 2187 2062 367
is_linear=0
shrinkage=0.03


Tree=12
num_leaves=16
num_cat=0
split_feature=8 7 6 3 11 0 6 12 1 0 10 3 3 13 2
split_gain=1904.27 255.556 215.945 52.5176 32.2931 32.0511 20.855 20.3768 16.1272 13.6703 9.44708 9.38626 9.02798 8.78126 8.89616
threshold=1.0000000180025095e-35 0.87500000000000011 2.5000000000000004 0.37500000000000006 1.0000000180025095e-35 0.35462050000000006 3.5000000000000004 1.8180595000000002 0.55230650000000014 0.43955750000000005 1.5424760000000002 0.37500000000000006 0.87500000000000011 0.41001850000000001 0.33219800000000005
decision_type=2 2 2 2 2 2 2 2 2 2 2 2 2 2 2
left_child=2 3 5 -2 -3 -1 9 8 10 -4 -7 -11 13 14 -5
right_child=1 4 6 12 -6 7 -8 -9 -10 11 -12 -13 -14 -15 -16
leaf_value=-0.019340410189336101 -0.0076508582016773562 0.035616391350380319 -0.030934508722728439 0.027359560031768572 0.049115151146039815 -0.0091007096756074175 -0.034455282281367614 0.0045329414751289123 0.00089737715139699963 -0.030737397407235804 -0.025190308210227687 -0.01973291738191776 0.024065569898786852 0.010149851218795032 0.011758375321964942
leaf_weight=185.25507044792175 83.766020447015762 372.10799789428711 229.8769474029541 76.678528934717178 308.1770297139883 497.10598175227642 297.27007305622101 147.46848948299885 151.36644366383553 89.683161869645119 34.621591374278069 392.21690161526203 154.55117698013783 162.12828466296196 61.449496045708656
leaf_count=846 367 1489 1120 310 1249 2195 1482 623 647 428 156 1829 624 660 249
internal_value=0 0.0295807 -0.0178633 0.0141041 0.0417946 -0.00808695 -0.0276875 -0.00555666 -0.00773827 -0.0248167 -0.0101936 -0.0218403 0.0181189 0.0149882 0.0205534
internal_weight=0 1218.86 2024.86 538.574 680.285 1015.82 1009.05 830.563 683.094 711.777 531.728 481.9 454.807 300.256 138.128
internal_count=14274 4948 9326 2210 2738 4467 4859 3621 2998 3377 2351 2257 1843 1219 559
is_linear=0
shrinkage=0.03


Tree=13
num_leaves=16
num_cat=0
split_feature=8 7 6 3 11 0 6 3 12 1 3 0 10 6 6
split_gain=1798.88 243.046 208.13 49.3036 31.5674 30.6133 20.5654 17.5033 16.7469 15.716 13.4436 11.8106 11.4648 8.67667 8.57396
threshold=1.0000000180025095e-35 0.87500000000000011 2.5000000000000004 0.37500000000000006 1.0000000180025095e-35 0.40876600000000002 3.5000000000000004 0.37500000000000006 1.8180595000000002 0.6302215000000001 0.37500000000000006 0.44338900000000009 1.6469120000000002 2.5000000000000004 2.5000000000000004
decision_type=2 2 2 2 2 2 2 2 2 2 2 2 2 2 2
left_child=2 3 5 13 -3 -1 10 -7 9 12 -4 -12 -9 -2 -5
right_child=1 4 6 14 -6 7 -8 8 -10 -11 11 -13 -14 -15 -16
leaf_value=-0.016380120423356282 0.0010818613858887439 0.034586156455273624 -0.032986120714850353 0.020273373337328385 0.047946416863358009 -0.016676057522222797 -0.033955353352675313 -0.0060738997310933645 0.0073836441676369217 0.0073475444153434429 -0.028502756318417553 -0.01910746318284505 -0.026343114034857229 -0.018246846357686065 0.011165730897767847
leaf_weight=275.70527717471123 47.228118717670441 371.73140387237072 134.53343962132931 317.75518487393856 306.27118834853172 94.199055567383766 292.68180200457573 424.69353230297565 116.14895139634609 76.465627178549767 186.35368657112122 383.79693530499935 25.835527539253235 36.349144101142883 137.8760679513216
leaf_count=1259 204 1489 656 1282 1249 423 1482 1860 486 322 918 1803 117 163 561
internal_value=0 0.0287368 -0.0174573 0.013668 0.0406831 -0.00786787 -0.0271798 -0.00466711 -0.00288504 -0.00515795 -0.0243215 -0.0222228 -0.007292 -0.00744086 0.0175478
internal_weight=0 1217.21 2010.41 539.209 678.003 1013.05 997.366 737.343 643.144 526.995 704.684 570.151 450.529 83.5773 455.631
internal_count=14274 4948 9326 2210 2738 4467 4859 3208 2785 2299 3377 2721 1977 367 1843
is_linear=0
shrinkage=0.03


Tree=14
num_leaves=16
num_cat=0
split_feature=8 7 6 3 11 0 6 12 1 0 3 10 0 3 3
split_gain=1699.83 231.584 200.608 46.2992 30.946 29.4298 20.2924 18.3327 14.9813 13.3393 11.195 11.2874 10.9794 8.41416 8.38361
threshold=1.0000000180025095e-35 0.87500000000000011 2.5000000000000004 0.37500000000000006 1.0000000180025095e-35 0.35462050000000006 3.5000000000000004 1.8180595000000002 0.73166750000000003 0.51154050000000006 0.37500000000000006 1.2746125000000001 0.58734350000000013 0.87500000000000011 0.62500000000000011
decision_type=2 2 2 2 2 2 2 2 2 2 2 2 2 2 2
left_child=2 3 5 -2 -3 14 9 8 10 -4 -7 12 -12 -5 -1
right_child=1 4 6 13 -6 7 -8 -9 -10 -11 11 -13 -14 -15 -16
leaf_value=-0.026708109248529552 -0.0072420882131166266 0.033605354552344695 -0.02787347242291046 0.013982157439033581 0.046852611718711891 -0.018262997120731279 -0.033470602298990251 0.0043240999188101639 0.013337064053035899 -0.019388049958817519 -0.0087212347321988879 -0.021193090909229568 0.00034151307676946285 0.02272080870617748 -0.013272218301656116
leaf_weight=69.787413075566292 83.371159434318542 371.14103011786938 363.06189681589603 301.28081050515175 304.07487651705742 86.638887047767639 288.09717473387718 147.64847776293755 29.357542231678963 334.56237605214119 331.68654425442219 43.666568890213966 188.35077588260174 155.09963250160217 113.10227830708027
leaf_count=323 367 1489 1787 1219 1249 395 1482 623 123 1590 1476 197 807 624 523
internal_value=0 0.0279298 -0.0170615 0.0132449 0.0396316 -0.00765525 -0.0266842 -0.00523486 -0.00731462 -0.0238377 -0.00826591 -0.00669978 -0.00544447 0.0169951 -0.0185165
internal_weight=0 1214.97 1995.96 539.752 675.216 1010.24 985.721 827.349 679.7 697.624 650.343 563.704 520.037 456.38 182.89
internal_count=14274 4948 9326 2210 2738 4467 4859 3621 2998 3377 2875 2480 2283 1843 846
is_linear=0
shrinkage=0.03


Tree=15
num_leaves=16
num_cat=0
split_feature=8 7 6 3 11 0 6 12 1 3 0 3 10 0 6
split_gain=1606.71 220.995 193.328 43.4788 30.4128 28.044 20.044 17.3058 14.1338 13.346 11.6234 10.6709 10.7607 10.3788 8.2691
threshold=1.0000000180025095e-35 0.87500000000000011 2.5000000000000004 0.37500000000000006 1.0000000180025095e-35 0.35462050000000006 3.5000000000000004 1.8180595000000002 0.73166750000000003 0.37500000000000006 0.6026585000000001 0.37500000000000006 1.2746125000000001 0.58734350000000013 2.5000000000000004
decision_type=2 2 2 2 2 2 2 2 2 2 2 2 2 2 2
left_child=2 3 5 14 -3 -1 9 8 11 -4 -11 -7 13 -13 -2
right_child=1 4 6 -5 -6 7 -8 -9 -10 10 -12 12 -14 -15 -16
leaf_value=-0.018092341239533526 0.0012647694868525075 0.032669772975771588 -0.032093303477902672 0.016463352148918579 0.045826305678396267 -0.017836754159686569 -0.032999917425689765 0.004191178623523059 0.012914929889704486 -0.023634029296702098 -0.013162685468042808 -0.0084842586881294091 -0.020718349281035265 0.00033129257498206658 -0.017651554681867746
leaf_weight=181.64220322668552 47.148651301860809 370.35671254992485 131.23969979584217 457.0462119281292 301.61755630373955 86.080461204051971 283.52387630939484 147.79067103564739 29.439022660255432 431.08936643600464 128.30087605118752 330.76453101634979 43.354812383651733 188.36728025972843 36.040733456611633
leaf_count=846 204 1489 656 1843 1249 395 1482 623 123 2112 609 1476 197 807 163
internal_value=0 0.0271577 -0.0166747 0.0128374 0.0386344 -0.00744907 -0.0261982 -0.00508892 -0.00711498 -0.0233622 -0.0212601 -0.00804264 -0.00651479 -0.00529104 -0.00704281
internal_weight=0 1212.21 1981.59 540.236 671.974 1007.44 974.154 825.797 678.006 690.63 559.39 648.567 562.487 519.132 83.1894
internal_count=14274 4948 9326 2210 2738 4467 4859 3621 2998 3377 2721 2875 2480 2283 367
is_linear=0
shrinkage=0.03


Tree=16
num_leaves=16
num_cat=0
split_feature=8 7 6 3 11 0 6 12 1 0 3 10 0 3 3
split_gain=1519.07 211.209 186.354 40.8433 29.9542 26.7084 19.8025 16.3362 13.3347 13.1658 10.1711 10.2592 9.81032 8.69832 8.28325
threshold=1.0000000180025095e-35 0.87500000000000011 2.5000000000000004 0.37500000000000006 1.0000000180025095e-35 0.35462050000000006 3.5000000000000004 1.8180595000000002 0.73166750000000003 0.43955750000000005 0.37500000000000006 1.2746125000000001 0.58734350000000013 0.37500000000000006 0.37500000000000006
decision_type=2 2 2 2 2 2 2 2 2 2 2 2 2 2 2
left_child=2 3 5 -2 -3 14 9 8 10 -4 -7 12 -12 -11 -1
right_child=1 4 6 -5 -6 7 -8 -9 -10 13 11 -13 -14 -15 -16
leaf_value=-0.034805654220062633 -0.0068544720854106841 0.031775676741799361 -0.02905468748375745 0.015948859588459145 0.044860990448128135 -0.017420304271787448 -0.032542287041507384 0.0040624975392026235 0.012508191082493238 -0.028722361286551042 -0.0082533668253283159 -0.020254924748726793 0.0003213789499334567 -0.01790948944069885 -0.015106445268164468
leaf_weight=21.881926044821739 82.987677067518234 369.39682269096375 218.52023404836655 457.65891194343567 298.92654946446419 85.526539981365204 278.96888512372971 147.9273734241724 29.515746295452118 85.293484628200531 329.85924184322357 43.043985262513161 188.38328398764133 379.87301766872406 158.51806089282036
leaf_count=103 367 1489 1120 1843 1249 395 1482 623 123 428 1476 197 807 1829 743
internal_value=0 0.0264172 -0.0162969 0.0124424 0.0376867 -0.00724773 -0.0257236 -0.00494701 -0.00692067 -0.0228979 -0.0078252 -0.00633475 -0.0051418 -0.0199495 -0.0176746
internal_weight=0 1208.97 1967.31 540.647 668.323 1004.66 962.656 824.256 676.329 683.687 646.813 561.287 518.243 465.167 180.4
internal_count=14274 4948 9326 2210 2738 4467 4859 3621 2998 3377 2875 2480 2283 2257 846
is_linear=0
shrinkage=0.03


Tree=17
num_leaves=16
num_cat=0
split_feature=8 7 6 3 11 0 6 3 3 10 4 13 13 0 1
split_gain=1436.6 202.107 179.639 38.3661 29.5589 25.4604 19.5654 12.925 12.906 11.9757 12.9632 11.1855 15.1314 11.164 10.4242
threshold=1.0000000180025095e-35 0.87500000000000011 2.5000000000000004 0.37500000000000006 1.0000000180025095e-35 0.56134150000000016 3.5000000000000004 0.37500000000000006 0.37500000000000006 1.0037910000000003 0.85416650000000016 0.40556650000000005 0.50145750000000011 0.6026585000000001 0.6391285000000001
decision_type=2 2 2 2 2 2 2 2 2 2 2 2 2 2 2
left_child=2 3 5 -2 -3 9 7 -4 -7 10 -1 -10 -13 -9 -14
right_child=1 4 6 -5 -6 8 -8 13 11 -11 -12 12 14 -15 -16
leaf_value=-0.015637783176839889 -0.0066653682612740116 0.030919740414585895 -0.031156284915195568 0.015453107651903837 0.043950936212331024 -0.016339451376327724 -0.032096776936529244 -0.022722647432276762 0.0083483193882833186 -0.02483825481033643 -0.0061577590367694257 -0.021878950946422844 -0.0038150543059580575 -0.012396586919857034 0.012322264994264
leaf_weight=201.96883772313595 82.812945336103439 368.27844516932964 127.62291595339775 458.19452418386936 296.02711187303066 42.596871122717857 274.43849498033524 422.44756671786308 119.5500133484602 49.719025507569313 367.09802734851837 31.609529450535774 142.23303216695786 126.70378258824348 47.133613049983978
leaf_count=921 367 1489 656 1843 1249 196 1482 2112 508 233 1662 137 613 609 197
internal_value=0 0.0257064 -0.0159285 0.0120613 0.036784 -0.00705265 -0.0252602 -0.0224446 -0.000970387 -0.0108109 -0.00954387 0.000994363 -0.00300388 -0.020367 0.000245176
internal_weight=0 1205.31 1953.12 541.007 664.306 1001.91 951.213 676.774 383.123 618.786 569.067 340.526 220.976 549.151 189.367
internal_count=14274 4948 9326 2210 2738 4467 4859 3377 1651 2816 2583 1455 947 2721 810
is_linear=0
shrinkage=0.03


Tree=18
num_leaves=16
num_cat=0
split_feature=8 7 6 3 11 0 6 12 0 1 11 3 0 3 6
split_gain=1358.85 193.609 173.193 36.0467 29.2173 25.0712 19.3416 15.3578 12.9656 12.1063 9.27761 10.851 9.11767 8.24139 8.06267
threshold=1.0000000180025095e-35 0.87500000000000011 2.5000000000000004 0.37500000000000006 1.0000000180025095e-35 0.35462050000000006 3.5000000000000004 1.8180595000000002 0.43955750000000005 0.73166750000000003 2.7466335000000002 0.37500000000000006 0.60575500000000015 0.37500000000000006 2.5000000000000004
decision_type=2 2 2 2 2 2 2 2 2 2 2 2 2 2 2
left_child=2 3 5 -2 -3 -1 8 9 -4 10 11 -7 -13 -10 -5
right_child=1 4 6 14 -6 7 -8 -9 13 -11 -12 12 -14 -15 -16
leaf_value=-0.017024920492285281 -0.0064812374496037248 0.030098988220170795 -0.028187756332816047 0.017605503912387854 0.043091086043796877 -0.016911898702028264 -0.031662517436694126 0.0040993633081736203 -0.027718783624170761 0.011921415386547353 -0.028303566150853172 -0.0078415146583795097 0.0005413461388497898 -0.017069821160820675 0.0088447035652118224
leaf_weight=178.42736186087132 82.641710177063942 367.01744428277016 212.99206930398941 319.6403590887785 292.94263824820518 81.924239963293076 269.93846967816353 147.85459741950035 82.965363934636116 29.617758497595787 17.699543625116348 374.5257256925106 169.29277640581131 373.992570951581 139.01845818758011
leaf_count=846 367 1489 1120 1282 1249 383 1482 623 428 123 83 1684 725 1829 561
internal_value=0 0.0250234 -0.0155666 0.0116934 0.0359224 -0.00686135 -0.0248053 -0.00463425 -0.0219993 -0.00655604 -0.00742374 -0.00678893 -0.00523569 -0.0190596 0.0149751
internal_weight=0 1201.26 1939.23 541.301 659.96 999.342 939.888 820.915 669.95 673.06 643.442 625.743 543.819 456.958 458.659
internal_count=14274 4948 9326 2210 2738 4467 4859 3621 3377 2998 2875 2792 2409 2257 1843
is_linear=0
shrinkage=0.03


Tree=19
num_leaves=16
num_cat=0
split_feature=8 7 6 3 11 0 6 12 0 1 11 3 0 3 13
split_gain=1285.64 185.62 166.968 33.8802 28.921 23.8697 19.1195 14.4958 12.6972 11.4226 8.90856 10.3379 8.6165 8.0898 8.07767
threshold=1.0000000180025095e-35 0.87500000000000011 2.5000000000000004 0.37500000000000006 1.0000000180025095e-35 0.35462050000000006 3.5000000000000004 1.8180595000000002 0.43955750000000005 0.73166750000000003 2.7466335000000002 0.37500000000000006 0.60575500000000015 0.37500000000000006 0.51610650000000013
decision_type=2 2 2 2 2 2 2 2 2 2 2 2 2 2 2
left_child=2 3 5 -2 -3 13 8 9 -4 10 11 -7 -13 -1 -15
right_child=1 4 6 -5 -6 7 -8 -9 -10 -11 -12 12 -14 14 -16
leaf_value=-0.033762378021982335 -0.0063019572424395428 0.02931076636646188 -0.027733973276970695 0.014516094619629745 0.042276950803251674 -0.016517762048959723 -0.031238714528290131 0.0039736080320805422 -0.018649181973827953 0.011550205690380304 -0.027790995708709108 -0.0076270001283656021 0.00052512788160031685 -0.0065143167843049457 -0.020316742819806947
leaf_weight=21.298797830939293 82.473967358469963 365.62850837409496 210.04398167133331 459.01794168353081 289.69473659992218 81.394668191671371 265.47399884462357 147.98744709789753 453.12808147072792 29.683661118149757 17.506591856479645 373.55085529386997 169.31613102555275 71.262851804494858 84.658876329660416
leaf_count=103 367 1489 1120 1843 1249 383 1482 623 2257 123 83 1684 725 340 403
internal_value=0 0.0243673 -0.0152139 0.0113396 0.0350983 -0.00667567 -0.0243604 -0.00450507 -0.021564 -0.00637689 -0.00722275 -0.00660242 -0.00508812 -0.0166306 -0.0140902
internal_weight=0 1196.82 1925.31 541.492 655.323 996.66 928.646 819.439 663.172 671.452 641.768 624.262 542.867 177.221 155.922
internal_count=14274 4948 9326 2210 2738 4467 4859 3621 3377 2998 2875 2792 2409 846 743
is_linear=0
shrinkage=0.03


Tree=20
num_leaves=16
num_cat=0
split_feature=8 7 6 3 11 0 6 12 3 12 1 0 3 13 3
split_gain=1216.56 178.147 160.912 31.844 28.663 22.7511 18.9112 13.6818 12.732 10.9897 10.8271 10.1333 8.01103 17.5386 7.97735
threshold=1.0000000180025095e-35 0.87500000000000011 2.5000000000000004 0.37500000000000006 1.0000000180025095e-35 0.35462050000000006 3.5000000000000004 1.8180595000000002 0.37500000000000006 3.8747350000000007 0.55230650000000014 0.51154050000000006 0.62500000000000011 0.41001850000000001 0.87500000000000011
decision_type=2 2 2 2 2 2 2 2 2 2 2 2 2 2 2
left_child=2 3 5 -2 -3 12 8 10 -4 11 -7 -10 -1 -14 -5
right_child=1 4 6 14 -6 7 -8 -9 9 -11 -12 -13 13 -15 -16
leaf_value=-0.024433206760197328 -0.0061274075509506597 0.028552685755566728 -0.029943723998401582 0.011170451931350446 0.041504532050596704 -0.0082567435878639853 -0.030824624123835256 0.003851845352755351 -0.02470837036203264 -0.0055082829610186056 0.00086308268714483489 -0.015845295776334208 0.0098288293162746825 -0.017849214949517092 0.019611851574999672
leaf_weight=66.678953036665916 82.309705346822739 364.12526077032089 122.70242992043495 303.49239568412304 286.30343295633793 518.84621392190456 261.04974210262299 148.11520807445049 248.54659326374531 49.816462218761444 151.01835519075394 235.42862711846828 26.608181744813919 82.753614768385887 155.86313377320766
leaf_count=323 367 1489 656 1219 1249 2351 1482 623 1305 253 647 1163 127 396 624
internal_value=0 0.023734 -0.0148689 0.0109961 0.0343087 -0.00649621 -0.0239224 -0.00437943 -0.0211351 -0.019058 -0.00620249 -0.0204385 -0.0162516 -0.011087 0.0140711
internal_weight=0 1192.09 1911.56 541.665 650.429 994.021 917.544 817.98 656.494 533.792 669.865 483.975 176.041 109.362 459.356
internal_count=14274 4948 9326 2210 2738 4467 4859 3621 3377 2721 2998 2468 846 523 1843
is_linear=0
shrinkage=0.03


Tree=21
num_leaves=16
num_cat=0
split_feature=8 7 6 3 11 0 6 3 3 12 0 1 10 7 10
split_gain=1151.36 171.078 155.149 29.9411 28.4371 21.7338 18.6991 13.2183 12.4655 11.8603 10.83 9.83415 9.57398 8.2431 8.14217
threshold=1.0000000180025095e-35 0.87500000000000011 2.5000000000000004 0.37500000000000006 1.0000000180025095e-35 0.40876600000000002 3.5000000000000004 0.37500000000000006 0.37500000000000006 2.2214935000000007 0.6783340000000001 0.6302215000000001 1.6469120000000002 0.58333350000000006 0.96695650000000011
decision_type=2 2 2 2 2 2 2 2 2 2 2 2 2 2 2
left_child=2 3 5 -2 -3 -1 8 -7 -4 11 13 12 -9 14 -10
right_child=1 4 6 -5 -6 7 -8 9 10 -11 -12 -13 -14 -15 -16
leaf_value=-0.013674526144138348 -0.0059574674669880699 0.027822605392631226 -0.029500190133029694 0.013643458597280764 0.040770258504624263 -0.014278384324274692 -0.030419565471158025 -0.0045614240919481649 -0.020374688604491428 0.0069839337073257712 -0.0062356326409695375 0.0057997114948712646 -0.023520058392853815 -0.0085763908867760568 -0.037956898930203167
leaf_weight=264.12563008069992 82.148904711008072 362.52032634615898 120.85398308932781 459.60434906184673 282.78720858693123 90.780472248792648 256.66989532113075 426.68316495418549 394.29553128778934 106.77327089011669 57.537619769573212 78.681543529033661 24.495618119835854 51.282249599695206 25.919336780905724
leaf_count=1259 367 1489 656 1843 1249 423 1482 1895 2039 444 284 329 117 263 135
internal_value=0 0.0231243 -0.0145299 0.0106658 0.0335508 -0.00631878 -0.0234939 -0.00363278 -0.0207162 -0.00209476 -0.0186577 -0.00393394 -0.00564047 -0.0201571 -0.0215467
internal_weight=0 1187.06 1898.1 541.753 645.308 991.54 906.559 727.414 649.889 636.634 529.035 529.86 451.179 471.497 420.215
internal_count=14274 4948 9326 2210 2738 4467 4859 3208 3377 2785 2721 2341 2012 2437 2174
is_linear=0
shrinkage=0.03


Tree=22
num_leaves=16
num_cat=0
split_feature=8 7 6 11 3 0 6 1 3 12 0 1 10 6 3
split_gain=1089.8 164.433 149.565 28.2381 28.1505 20.8873 18.4896 13.0079 13.9111 12.9903 12.4855 9.48822 8.7578 7.98769 7.86137
threshold=1.0000000180025095e-35 0.87500000000000011 2.5000000000000004 1.0000000180025095e-35 0.37500000000000006 0.35462050000000006 3.5000000000000004 0.73166750000000003 0.37500000000000006 1.8180595000000002 0.43955750000000005 0.27249050000000002 1.2746125000000001 2.5000000000000004 0.37500000000000006
decision_type=2 2 2 2 2 2 2 2 2 2 2 2 2 2 2
left_child=2 4 5 -3 13 14 10 8 11 12 -4 -7 -10 -2 -1
right_child=1 3 6 -5 -6 7 -8 -9 9 -11 -12 -13 -14 -15 -16
leaf_value=-0.032684633937417391 0.0023739988745491974 0.027118582785920168 -0.026542348431476171 0.040070933059527754 0.01322833646930506 0.0027290229006812321 -0.030022904526474905 0.013634551232754082 -0.0042487597543978215 0.0053118152219554012 -0.017394557481912629 -0.019922343623898213 -0.018416706835560816 -0.016342432895519676 -0.013054177216010938
leaf_weight=20.650319784879684 46.655294895172119 360.82544246315956 202.13768176734447 279.16314889490604 459.83419804275036 20.673259496688843 252.33819061517715 34.583376467227936 512.78132250905037 125.51283796131611 441.26602552831173 79.909091040492058 41.682596623897552 35.336251124739647 153.21237422525883
leaf_count=103 204 1489 1120 1249 1843 97 1482 143 2283 525 2257 376 197 163 743
internal_value=0 0.0225344 -0.0141992 0.0328221 0.0103447 -0.00614677 -0.0230732 -0.00412254 -0.00492573 -0.00337309 -0.0203052 -0.0152856 -0.00534509 -0.00579203 -0.0155593
internal_weight=0 1181.81 1884.75 639.989 541.826 989.005 895.742 815.142 780.559 679.977 643.404 100.582 554.464 81.9915 173.863
internal_count=14274 4948 9326 2738 2210 4467 4859 3621 3478 3005 3377 473 2480 367 846
is_linear=0
shrinkage=0.03


Tree=23
num_leaves=16
num_cat=0
split_feature=8 7 6 11 3 0 6 3 3 12 1 12 0 13 10
split_gain=1031.63 158.14 144.124 28.0612 26.4788 19.8992 18.2908 12.3948 12.2565 12.7208 11.8129 10.6791 9.74162 8.54814 8.20272
threshold=1.0000000180025095e-35 0.87500000000000011 2.5000000000000004 1.0000000180025095e-35 0.37500000000000006 0.35462050000000006 3.5000000000000004 0.37500000000000006 0.37500000000000006 1.8180595000000002 0.55230650000000014 3.8747350000000007 0.51154050000000006 0.20811650000000004 1.836829
decision_type=2 2 2 2 2 2 2 2 2 2 2 2 2 2 2
left_child=2 4 5 -3 -2 -1 7 -4 -7 10 14 12 -9 -12 -10
right_child=1 3 6 -5 -6 8 -8 11 9 -11 13 -13 -14 -15 -16
leaf_value=-0.015201440268482202 -0.0056361488007062675 0.026438875147602941 -0.028767976658592903 0.039403678513295619 0.012827193671104159 -0.013616794470823626 -0.029634051068398063 -0.023487610222966544 -0.0058815847648812187 0.0058664857813236033 0.018300453162820623 -0.0043821144403012957 -0.014690208796624717 -0.00049248909846773758 -0.024403084197078078
leaf_weight=172.72104416787624 81.811937034130096 359.0513924062252 117.7368575334549 275.44698064029217 460.01642641425133 103.2260465323925 248.05802884697914 240.17450460791588 424.08689966797829 129.79153473675251 26.231883436441422 48.851356908679008 230.22361299395561 108.62878215312958 21.818908676505089
leaf_count=846 367 1489 656 1249 1843 487 1482 1305 1913 542 110 253 1163 462 107
internal_value=0 0.0219643 -0.013875 0.0321203 0.0100341 -0.00598014 -0.0226582 -0.0198995 -0.00400672 -0.00259344 -0.00449093 -0.0178372 -0.0192223 0.00327074 -0.00684045
internal_weight=0 1176.33 1871.55 634.498 541.828 986.505 885.044 636.986 813.784 710.558 580.766 519.249 470.398 134.861 445.906
internal_count=14274 4948 9326 2738 2210 4467 4859 3377 3621 3134 2592 2721 2468 572 2020
is_linear=0
shrinkage=0.03


Tree=24
num_leaves=16
num_cat=0
split_feature=8 7 6 11 3 0 6 0 10 4 3 13 13 13 4
split_gain=976.679 152.172 138.901 27.9024 24.9021 19.1221 18.0844 12.1798 10.5893 11.6709 9.97381 10.2287 14.3031 9.48513 9.20176
threshold=1.0000000180025095e-35 0.87500000000000011 2.5000000000000004 1.0000000180025095e-35 0.37500000000000006 0.56134150000000016 3.5000000000000004 0.43955750000000005 1.0037910000000003 0.85416650000000016 0.37500000000000006 0.40556650000000005 0.50145750000000011 0.7724930000000001 0.71875000000000011
decision_type=2 2 2 2 2 2 2 2 2 2 2 2 2 2 2
left_child=2 4 5 -3 -2 8 7 -4 9 -1 -7 14 -13 -14 -12
right_child=1 3 6 -5 -6 10 -8 -9 -10 -11 11 12 13 -15 -16
leaf_value=-0.013816826623326343 -0.0054792179261388876 0.025781904023630727 -0.02575018258095781 0.038765894695289072 0.012439416570118239 -0.014307909082389818 -0.029252462000795378 -0.01661668653859262 -0.02262373831975641 -0.0047121763961478474 0.02119291852798582 -0.021139163568849949 0.0067431216817519747 -0.0066677284585999431 0.0028635983106888867
leaf_weight=196.11436651647091 81.661422416567802 357.2082272619009 196.7995942234993 271.65327666699886 460.15487864613533 41.177926287055016 243.83230295777321 433.84290406107903 47.490685865283012 359.79669678211212 33.835555717349052 31.26380455493927 100.49458277225494 88.167197644710541 85.66757895052433
leaf_count=921 367 1489 1120 1249 1843 196 1482 2257 233 1662 143 137 431 379 365
internal_value=0 0.0214125 -0.013558 0.0314433 0.00973364 -0.00581709 -0.0222519 -0.0195032 -0.00913411 -0.00794316 -0.00054824 0.00115815 -0.00268046 0.000473726 0.00818608
internal_weight=0 1170.68 1858.48 628.862 541.816 984.008 874.475 630.642 603.402 555.911 380.607 339.429 219.926 188.662 119.503
internal_count=14274 4948 9326 2738 2210 4467 4859 3377 2816 2583 1651 1455 947 810 508
is_linear=0
shrinkage=0.03


Tree=25
num_leaves=16
num_cat=0
split_feature=8 7 6 11 3 0 6 3 1 3 12 0 1 7 10
split_gain=924.682 146.497 133.842 27.7581 23.4221 18.6453 17.8872 12.319 11.7919 12.0738 11.4305 10.382 9.13802 8.10957 8.31013
threshold=1.0000000180025095e-35 0.87500000000000011 2.5000000000000004 1.0000000180025095e-35 0.37500000000000006 0.35462050000000006 3.5000000000000004 0.37500000000000006 0.73166750000000003 0.37500000000000006 1.8180595000000002 0.6783340000000001 0.27249050000000002 0.58333350000000006 0.96695650000000011
decision_type=2 2 2 2 2 2 2 2 2 2 2 2 2 2 2
left_child=2 4 5 -3 -2 -1 7 -4 9 12 -11 13 -7 14 -9
right_child=1 3 6 -5 -6 8 -8 11 -10 10 -12 -13 -14 -15 -16
leaf_value=-0.014635832774132322 -0.0053264586092801082 0.025146236775139288 -0.028064503381048832 0.038155241890354838 0.012064431317308879 0.0034534298352063091 -0.028877627184068454 -0.018767159954352481 0.013133490847050759 -0.0049382263475271524 0.0050570222161929771 -0.0047782883282405106 -0.018870117069091499 -0.0069402035535450213 -0.036873401171859617
leaf_weight=170.91475234925747 81.514265894889832 355.30517716705799 114.6931568980217 267.79540006816387 460.2531356960535 20.479324385523796 239.66368505358696 379.17859293520451 34.664931327104568 551.53664582967758 125.70050503313541 56.171283066272736 78.427843004465103 49.725836172699928 24.646709024906158
leaf_count=846 367 1489 656 1249 1843 97 1482 2039 143 2480 525 284 376 263 135
internal_value=0 0.020878 -0.0132459 0.0307894 0.00944281 -0.00565792 -0.0218505 -0.0191115 -0.00374972 -0.0045197 -0.00307831 -0.017046 -0.0142596 -0.0185515 -0.0199606
internal_weight=0 1164.87 1845.8 623.101 541.767 981.724 864.079 624.416 810.809 776.144 677.237 509.722 98.9072 453.551 403.825
internal_count=14274 4948 9326 2738 2210 4467 4859 3377 3621 3478 3005 2721 473 2437 2174
is_linear=0
shrinkage=0.03


Tree=26
num_leaves=16
num_cat=0
split_feature=8 7 6 11 3 0 6 3 1 3 12 0 12 6 6
split_gain=875.554 141.091 128.978 27.6252 22.0326 17.878 17.6802 12.0577 10.4053 11.2477 10.3645 9.34738 8.84117 7.64854 7.6378
threshold=1.0000000180025095e-35 0.87500000000000011 2.5000000000000004 1.0000000180025095e-35 0.37500000000000006 0.40876600000000002 3.5000000000000004 0.37500000000000006 0.73166750000000003 0.37500000000000006 3.8747350000000007 0.51154050000000006 2.2214935000000007 2.5000000000000004 2.5000000000000004
decision_type=2 2 2 2 2 2 2 2 2 2 2 2 2 2 2
left_child=2 4 5 -3 14 -1 7 -4 9 -7 11 -9 -11 -6 -2
right_child=1 3 6 -5 13 8 -8 10 -10 12 -12 -13 -14 -15 -16
leaf_value=-0.012269064588954395 0.0027976713157044416 0.024530569471012325 -0.02765817809311176 0.037569592716483038 0.014257129050666945 -0.014034757760698006 -0.028509079519925189 -0.022329696681533659 0.012723205112384256 -0.0040898551912260323 -0.0033356221021194538 -0.013606119113801055 0.0055088706346694168 0.0057923578201648134 -0.015575125729686388
leaf_weight=257.79544559121132 46.462019026279449 353.3508288115263 112.92830637097359 263.88567169010639 320.36395953595638 85.06112876534462 235.5544276535511 232.13343879580498 34.740362718701363 498.25149981677532 47.955639317631721 225.28272047638893 103.5202948153019 139.95056834816933 34.90840956568718
leaf_count=1259 204 1489 656 1249 1282 409 1482 1305 143 2227 253 1163 429 561 163
internal_value=0 0.0203598 -0.0129413 0.0301569 0.00916124 -0.00550239 -0.0214574 -0.0187292 -0.00307124 -0.00388746 -0.0166832 -0.0180723 -0.00243223 0.0117017 -0.00517777
internal_weight=0 1158.92 1833.22 617.237 541.685 979.369 853.855 618.3 721.573 686.833 505.372 457.416 601.772 460.315 81.3704
internal_count=14274 4948 9326 2738 2210 4467 4859 3377 3208 3065 2721 2468 2656 1843 367
is_linear=0
shrinkage=0.03


Tree=27
num_leaves=16
num_cat=0
split_feature=8 7 6 11 3 6 0 0 1 3 12 1 10 3 13
split_gain=829.091 135.907 124.274 27.5008 20.7379 17.4727 17.0884 11.9567 10.4453 10.9391 10.2597 8.75296 7.92483 7.83818 7.91627
threshold=1.0000000180025095e-35 0.87500000000000011 2.5000000000000004 1.0000000180025095e-35 0.37500000000000006 3.5000000000000004 0.35462050000000006 0.43345050000000007 0.73166750000000003 0.37500000000000006 1.8180595000000002 0.27249050000000002 1.2746125000000001 0.37500000000000006 0.51610650000000013
decision_type=2 2 2 2 2 2 2 2 2 2 2 2 2 2 2
left_child=2 4 6 -3 -2 7 13 -4 9 11 12 -8 -11 -1 -15
right_child=1 3 5 -5 -6 -7 8 -9 -10 10 -12 -13 -14 14 -16
leaf_value=-0.031405667516671808 -0.0050379890280840582 0.02393372223730356 -0.024911309535996864 0.037007012377314442 0.01135230936265463 -0.028146385820117623 0.003752471183260212 -0.015580933690843048 0.012327508396747412 -0.0036173652429612778 0.0048108358344368905 -0.018144828847203476 -0.017231838162895769 -0.0039060379849282355 -0.017812014172818365
leaf_weight=19.82330596446991 81.202089637517929 351.35305887460709 179.53526934981346 259.9354445785284 460.30048134922981 231.50649619102478 20.399640321731567 432.70941759645939 34.810819506645203 508.95354147255421 125.87661974132061 77.382952705025673 40.756770730018616 68.453209787607193 80.614603817462921
leaf_count=103 367 1489 1062 1249 1843 1482 97 2315 143 2283 525 376 197 340 403
internal_value=0 0.0198582 -0.0126426 0.0295442 0.00888971 -0.0210703 -0.00535065 -0.0183531 -0.00352744 -0.0042561 -0.00288781 -0.0135848 -0.00465623 -0.014003 -0.0114949
internal_weight=0 1152.79 1820.82 611.289 541.503 843.751 977.071 612.245 808.18 773.37 675.587 97.7826 549.71 168.891 149.068
internal_count=14274 4948 9326 2738 2210 4859 4467 3377 3621 3478 3005 473 2480 846 743
is_linear=0
shrinkage=0.03


Tree=28
num_leaves=16
num_cat=0
split_feature=8 7 6 11 3 6 0 3 12 10 4 0 3 13 13
split_gain=785.137 130.975 119.652 27.3825 19.5114 17.2733 16.6412 11.974 10.038 9.94508 10.769 9.00143 8.22146 9.61399 13.5428
threshold=1.0000000180025095e-35 0.87500000000000011 2.5000000000000004 1.0000000180025095e-35 0.37500000000000006 3.5000000000000004 0.56134150000000016 0.37500000000000006 3.8747350000000007 1.0037910000000003 0.85416650000000016 0.51154050000000006 0.37500000000000006 0.40556650000000005 0.49834850000000003
decision_type=2 2 2 2 2 2 2 2 2 2 2 2 2 2 2
left_child=2 4 6 -3 -2 7 9 -4 11 10 -1 -9 -8 -14 -15
right_child=1 3 5 -5 -6 -7 12 8 -10 -11 -12 -13 13 14 -16
leaf_value=-0.012866560037603919 -0.0048969923599636754 0.023354616810042927 -0.026992598967211397 0.03646574415937031 0.011012555406088712 -0.027789135782251295 -0.012945813125280058 -0.021552757689442446 -0.002746798950861704 -0.021554665579955213 -0.0040638735398867516 -0.012919341774528264 0.008056389433734476 -0.021084070420276855 0.00048810457192279667
leaf_weight=192.99770966172218 81.064811930060387 349.31916715204716 110.00570550560951 255.955122590065 460.29727740585804 227.52163526415825 40.187355756759644 226.71604952216148 47.453551977872849 46.368894040584564 356.39068730175495 222.14906069636345 119.50646890699863 29.373732969164848 189.92736333608627
leaf_count=921 367 1489 656 1249 1843 1482 196 1305 253 233 1662 1163 508 130 817
internal_value=0 0.0193701 -0.0123507 0.02895 0.00862559 -0.0206873 -0.00520528 -0.017981 -0.0159333 -0.0083275 -0.00717398 -0.0173182 -0.000288336 0.0012467 -0.00248392
internal_weight=0 1146.64 1808.6 605.274 541.362 833.846 974.752 606.324 496.319 595.757 549.388 448.865 378.995 338.808 219.301
internal_count=14274 4948 9326 2738 2210 4859 4467 3377 2721 2816 2583 2468 1651 1455 947
is_linear=0
shrinkage=0.03


Tree=29
num_leaves=16
num_cat=0
split_feature=8 7 6 11 3 6 0 3 0 1 3 12 1 7 10
split_gain=743.537 126.252 115.233 27.2681 18.3591 17.0624 16.0187 11.7158 9.85883 9.66437 9.93374 9.61491 8.38012 7.90551 8.43657
threshold=1.0000000180025095e-35 0.87500000000000011 2.5000000000000004 1.0000000180025095e-35 0.37500000000000006 3.5000000000000004 0.35462050000000006 0.37500000000000006 0.6783340000000001 0.73166750000000003 0.37500000000000006 1.8180595000000002 0.27249050000000002 0.58333350000000006 0.96695650000000011
decision_type=2 2 2 2 2 2 2 2 2 2 2 2 2 2 2
left_child=2 4 6 -3 -2 7 -1 -4 13 10 12 -12 -8 14 -9
right_child=1 3 5 -5 -6 -7 9 8 -10 -11 11 -13 -14 -15 -16
leaf_value=-0.013486482983683181 -0.0047597684062392134 0.022792272327693409 -0.026604154449729887 0.035944181682301228 0.010683629887787684 -0.027436954238022709 0.0040162678420154812 -0.017305959897264158 -0.0035462309597432693 0.011936185648794393 -0.0044198895393187084 0.0047464319051716466 -0.017455464862540106 -0.0055166559236435059 -0.035921751401366796
leaf_weight=167.19409582018852 80.930731922388077 347.25583218038082 108.30402965843678 251.95427206158638 460.26591870188713 223.60128030180931 20.327494993805885 365.35496279597282 55.012668579816818 34.870577216148376 547.96166270971298 125.90638722479343 76.372502386569977 48.375819802284241 23.423471823334694
leaf_count=846 367 1489 656 1249 1843 1482 97 2039 284 143 2480 525 376 263 135
internal_value=0 0.0188958 -0.0120642 0.028373 0.0083697 -0.0203119 -0.00506259 -0.0176175 -0.01559 -0.00329939 -0.00400342 -0.00270275 -0.0129469 -0.0170941 -0.0185168
internal_weight=0 1140.41 1796.7 599.21 541.197 824.072 972.633 600.471 492.167 805.439 770.568 673.868 96.7 437.154 388.778
internal_count=14274 4948 9326 2738 2210 4859 4467 3377 2721 3621 3478 3005 473 2437 2174
is_linear=0
shrinkage=0.03


Tree=30
num_leaves=16
num_cat=0
split_feature=8 7 6 11 3 6 0 0 10 4 3 13 2 14 3
split_gain=704.157 121.723 110.966 27.1555 17.2761 16.8484 15.3509 11.7034 9.53784 10.1537 7.65518 8.38939 8.27098 8.26097 7.39634
threshold=1.0000000180025095e-35 0.87500000000000011 2.5000000000000004 1.0000000180025095e-35 0.37500000000000006 3.5000000000000004 0.56134150000000016 0.43955750000000005 1.0037910000000003 0.85416650000000016 0.87500000000000011 0.41001850000000001 0.33219800000000005 0.87500000000000011 0.37500000000000006
decision_type=2 2 2 2 2 2 2 2 2 2 2 2 2 2 2
left_child=2 4 6 -3 -2 7 8 -4 9 -1 11 12 -6 -13 -8
right_child=1 3 5 -5 10 -7 14 -9 -10 -11 -12 13 -14 -15 -16
leaf_value=-0.012361375382603873 -0.0046262250994339241 0.022245790501180109 -0.023627950800806333 0.0354408496285505 0.019432281310036468 -0.027089491721031988 -0.01228471605288408 -0.014394146937495753 -0.020975026112364216 -0.0037853825486578899 0.015775584020736089 -0.012905081175256619 0.0046867835943943574 0.0057442521606503698 0.0012481698791337245
leaf_weight=191.36757872998714 80.799807697534561 345.16926655173302 182.37009112536907 247.94162181019783 77.418798461556435 219.74664589762688 39.704085290431976 412.38607695698738 45.75309644639492 354.9553699940443 155.68992461264133 24.210141703486443 62.216086611151695 140.67395636439323 338.64766383171082
leaf_count=921 367 1489 1120 1249 310 1482 196 2257 233 1662 624 97 249 563 1455
internal_value=0 0.0184347 -0.0117838 0.0278122 0.00812175 -0.0199422 -0.00492276 -0.0172604 -0.00793491 -0.0068065 0.0103651 0.00755635 0.0129423 0.00294466 -0.000200606
internal_weight=0 1134.12 1784.93 593.111 541.009 814.503 970.428 594.756 592.076 546.323 460.209 304.519 139.635 164.884 378.352
internal_count=14274 4948 9326 2738 2210 4859 4467 3377 2816 2583 1843 1219 559 660 1651
is_linear=0
shrinkage=0.03


Tree=31
num_leaves=16
num_cat=0
split_feature=8 7 6 11 6 3 0 3 12 1 10 0 3 13 13
split_gain=666.889 117.334 106.809 27.0432 16.6422 16.2652 14.9946 11.6244 9.71647 9.03624 9.50858 8.59735 7.63031 7.79775 10.0097
threshold=1.0000000180025095e-35 0.87500000000000011 2.5000000000000004 1.0000000180025095e-35 3.5000000000000004 0.37500000000000006 0.35462050000000006 0.37500000000000006 3.8747350000000007 0.63460050000000012 2.6222230000000004 0.51154050000000006 0.37500000000000006 0.52523100000000011 0.16771000000000003
decision_type=2 2 2 2 2 2 2 2 2 2 2 2 2 2 2
left_child=2 5 6 -3 7 -2 12 -4 11 10 -8 -9 -1 14 -14
right_child=1 3 4 -5 -6 -7 9 8 -10 -11 -12 -13 13 -15 -16
leaf_value=-0.030427889689622914 -0.0044962691953153782 0.021714348357996523 -0.025972387787093692 0.034954409526464197 -0.026746427990614687 0.010059945078074258 -0.0037267214233234276 -0.020482409050698286 -0.0018242824228079429 0.0053293993281631766 -0.026411640144653432 -0.011943371887693694 -0.022945222562993198 -0.016930776948728868 0.0034266490679329309
leaf_weight=19.152991503477097 80.671992480754852 343.06512816250324 105.52011974155903 243.92519341409206 215.95870372653008 460.04494370520115 687.06073370575905 219.28441524505615 46.669783651828766 99.743247300386429 16.078927248716354 217.67459785938263 16.14203155040741 78.023988619446754 52.230551779270172
leaf_count=103 367 1489 656 1249 1482 1843 3118 1305 253 421 82 1163 82 398 263
internal_value=0 0.017988 -0.0115075 0.0272664 -0.0195757 0.00788395 -0.00478679 -0.0169063 -0.0148787 -0.00308303 -0.00428224 -0.0162656 -0.0129816 -0.0105081 -0.00304047
internal_weight=0 1127.71 1773.54 586.99 805.108 540.717 968.432 589.149 483.629 802.883 703.14 436.959 165.55 146.397 68.3726
internal_count=14274 4948 9326 2738 4859 2210 4467 3377 2721 3621 3200 2468 846 743 345
is_linear=0
shrinkage=0.03


Tree=32
num_leaves=16
num_cat=0
split_feature=8 7 6 11 0 3 0 6 3 1 3 12 10 6 3
split_gain=631.604 113.154 102.792 26.9294 16.4924 15.308 14.3754 9.68255 9.54949 8.09964 8.78372 7.90564 7.70228 7.32553 7.23748
threshold=1.0000000180025095e-35 0.87500000000000011 2.5000000000000004 1.0000000180025095e-35 0.53242800000000012 0.37500000000000006 0.40876600000000002 3.5000000000000004 0.37500000000000006 0.73166750000000003 0.37500000000000006 6.7937025000000011 1.6469120000000002 2.5000000000000004 0.87500000000000011
decision_type=2 2 2 2 2 2 2 2 2 2 2 2 2 2 2
left_child=2 5 6 -3 7 13 -1 -4 -6 10 -8 -10 -12 -2 -7
right_child=1 3 4 -5 8 14 9 -9 11 -11 12 -13 -14 -15 -16
leaf_value=-0.010817619264085724 0.003434371348460133 0.02119720160172817 -0.020075965638478206 0.034483616591034209 -0.0244252030634797 0.0070323882004350085 -0.012324003950781417 -0.030021337930550552 -0.012850117384660163 0.011406126252552688 -0.0012086102375827065 0.0083961690579265752 -0.017952295051924801 -0.014650400599354584 0.015023956455163074
leaf_weight=251.0909335911274 46.166975498199463 340.94863115251064 328.84680730104446 239.91230121254921 65.018861085176468 304.44187450408936 82.544582203030586 129.3192703127861 256.53473381698132 34.952690452337265 573.05610689520836 16.125186815857887 24.853852361440659 34.380254879593849 155.50172799825668
leaf_count=1259 204 1489 1979 1249 417 1219 409 903 1469 143 2531 91 125 163 624
internal_value=0 0.0175514 -0.0112383 0.0267347 -0.0192163 0.00765094 -0.00465582 -0.0229424 -0.014108 -0.00248109 -0.00321012 -0.0115675 -0.00193342 -0.00436981 0.00976098
internal_weight=0 1121.35 1762.34 580.861 795.845 540.491 966.498 458.166 337.679 715.407 680.455 272.66 597.91 80.5472 459.944
internal_count=14274 4948 9326 2738 4859 2210 4467 2882 1977 3208 3065 1560 2656 367 1843
is_linear=0
shrinkage=0.03


Tree=33
num_leaves=16
num_cat=0
split_feature=8 7 6 11 6 6 0 0 3 10 12 10 3 3 13
split_gain=598.164 109.11 98.89 26.8129 16.3876 14.818 13.7506 11.3929 10.3064 9.8187 8.836 8.59473 8.16218 7.61212 16.8982
threshold=1.0000000180025095e-35 0.87500000000000011 2.5000000000000004 1.0000000180025095e-35 3.5000000000000004 2.5000000000000004 0.35462050000000006 0.43345050000000007 0.37500000000000006 8.6942725000000021 1.8180595000000002 3.7458590000000007 0.37500000000000006 0.62500000000000011 0.41001850000000001
decision_type=2 2 2 2 2 2 2 2 2 2 2 2 2 2 2
left_child=2 5 6 -3 7 9 13 -4 -7 11 -8 12 -2 -1 -15
right_child=1 3 4 -5 -6 8 10 -9 -10 -11 -12 -13 -14 14 -16
leaf_value=-0.020745152157942447 -0.0022951539415689021 0.020693650091724417 -0.022861346316946793 0.03402733560418101 -0.026102542116742983 -0.014305460846549821 -0.0043975572049356031 -0.013461886895395087 0.0038434406072783344 0.026534145559323638 0.0037058261743837546 -0.0026580123260483953 0.013078858745709139 0.013552872479542306 -0.014260104959075421
leaf_weight=61.111983671784401 35.114861652255058 338.82456809282303 166.26549181342125 235.90960814058781 208.90900437533855 34.180148407816887 652.96162858605385 411.67277806997299 140.15156278014183 32.003087103366852 147.8231814801693 46.427185148000717 252.30504164099693 25.383545845746994 77.21535649895668
leaf_count=323 155 1489 1062 1249 1482 163 2998 2315 561 130 623 189 1012 127 396
internal_value=0 0.0171272 -0.0109733 0.0262163 -0.0188595 0.00742622 -0.00452682 -0.0162008 0.000223801 0.0108483 -0.00289893 0.00926987 0.0111991 -0.0124236 -0.00731462
internal_weight=0 1114.92 1751.34 574.734 786.847 540.182 964.496 577.938 174.332 365.85 800.785 333.847 287.42 163.711 102.599
internal_count=14274 4948 9326 2738 4859 2210 4467 3377 724 1486 3621 1356 1167 846 523
is_linear=0
shrinkage=0.03


Tree=34
num_leaves=16
num_cat=0
split_feature=8 7 6 11 6 6 3 10 0 3 3 12 0 10 10
split_gain=566.501 105.19 95.1275 26.6924 16.1679 13.9574 13.3168 13.017 12.2542 11.478 9.75544 9.3403 9.29188 9.26194 8.09801
threshold=1.0000000180025095e-35 0.87500000000000011 2.5000000000000004 1.0000000180025095e-35 3.5000000000000004 2.5000000000000004 0.37500000000000006 2.8169600000000004 0.6026585000000001 0.37500000000000006 0.37500000000000006 2.0290990000000004 0.6783340000000001 8.6942725000000021 3.7458590000000007
decision_type=2 2 2 2 2 2 2 2 2 2 2 2 2 2 2
left_child=2 5 6 -3 9 13 -1 8 11 -4 -7 -8 -11 14 -2
right_child=1 3 4 -5 -6 10 7 -9 -10 12 -12 -13 -14 -15 -16
leaf_value=-0.0138608734127251 0.010871506315257646 0.020203074555115708 -0.025047276861638358 0.033584518715077144 -0.025770635874710089 -0.013968003487490012 -0.0066394917280870698 -0.029305828731883084 0.0030915284859954037 -0.015343329526430704 0.0037288351995795116 0.0033018467465261618 -0.0020351193680895967 0.025767111314518018 -0.0025800201776469607
leaf_weight=116.65953846275806 287.23094853758812 336.69728779792786 101.47490651905537 231.92320017516613 205.31909497082233 33.982925027608871 483.83227689564228 15.707999020814894 243.92203336954117 417.58886449038982 140.15599949657917 102.5116283595562 53.595948368310928 31.996916800737381 46.425957500934601
leaf_count=590 1167 1489 656 1249 1482 163 2312 82 1038 2437 561 445 284 130 189
internal_value=0 0.0167153 -0.010713 0.0257103 -0.018508 0.00720994 -0.00440062 -0.00308123 -0.00255042 -0.0158637 0.000215291 -0.00489877 -0.0138371 0.0105314 0.00899771
internal_weight=0 1108.41 1740.61 568.62 777.979 539.793 962.633 845.974 830.266 572.66 174.139 586.344 471.185 365.654 333.657
internal_count=14274 4948 9326 2738 4859 2210 4467 3877 3795 3377 724 2757 2721 1486 1356
is_linear=0
shrinkage=0.03


Tree=35
num_leaves=16
num_cat=0
split_feature=8 7 6 11 0 6 0 6 3 3 10 1 3 10 1
split_gain=536.5 101.45 91.4693 26.5669 16.1334 13.1381 12.91 9.61774 9.24537 9.23366 8.74758 7.98857 8.11286 8.29747 8.17024
threshold=1.0000000180025095e-35 0.87500000000000011 2.5000000000000004 1.0000000180025095e-35 0.53242800000000012 2.5000000000000004 0.35462050000000006 3.5000000000000004 0.37500000000000006 0.37500000000000006 8.6942725000000021 0.73166750000000003 0.37500000000000006 1.2746125000000001 0.27249050000000002
decision_type=2 2 2 2 2 2 2 2 2 2 2 2 2 2 2
left_child=2 5 6 -3 7 10 -1 -4 -6 -7 -2 12 14 -14 -8
right_child=1 3 4 -5 8 9 11 -9 -10 -11 -12 -13 13 -15 -16
leaf_value=-0.011970350012071161 0.008729514675265778 0.019724885976217275 -0.019053833079730138 0.033154195170665347 -0.023427269420808968 -0.013637833729278792 0.0052793519372294952 -0.029183348562946371 -0.010550295565064967 0.0036176757988871169 0.025030058712449805 0.011118839811718236 -0.0013352250021275954 -0.015387924433666199 -0.016078008070710432
leaf_weight=162.1868117749691 333.61929301917553 334.57080626487732 318.29544059932232 227.95858633518219 62.347600981593132 33.788667321205139 19.982069686055183 122.4639700949192 266.16695736348629 140.15932276844978 31.980619475245476 34.991722539067268 629.95317994058132 39.253554716706276 74.303281828761101
leaf_count=846 1356 1489 1979 1249 417 163 97 903 1560 561 130 143 2808 197 376
internal_value=0 0.0163115 -0.0104594 0.0252161 -0.0181619 0.00699808 -0.00427907 -0.021928 -0.0130579 0.000207071 0.0102198 -0.00270381 -0.00335103 -0.00218124 -0.0115438
internal_weight=0 1102.08 1729.94 562.529 769.274 539.548 960.671 440.759 328.515 173.948 365.6 798.484 763.492 669.207 94.2854
internal_count=14274 4948 9326 2738 4859 2210 4467 2882 1977 724 1486 3621 3478 3005 473
is_linear=0
shrinkage=0.03


Tree=36
num_leaves=16
num_cat=0
split_feature=8 7 6 11 6 3 0 0 10 4 7 11 10 3 13
split_gain=508.068 97.841 87.9292 26.4354 15.8849 12.4811 12.4398 11.1792 8.56557 9.2169 7.28983 10.3735 6.82441 6.68146 7.93464
threshold=1.0000000180025095e-35 0.87500000000000011 2.5000000000000004 1.0000000180025095e-35 3.5000000000000004 0.37500000000000006 0.56134150000000016 0.43345050000000007 1.0037910000000003 0.85416650000000016 0.58333350000000006 0.83161750000000012 1.8922815000000002 0.87500000000000011 0.41001850000000001
decision_type=2 2 2 2 2 2 2 2 2 2 2 2 2 2 2
left_child=2 5 6 -3 7 -2 8 -4 9 -1 11 -9 -12 14 -7
right_child=1 3 4 -5 -6 13 -8 10 -10 -11 12 -13 -14 -15 -16
leaf_value=-0.011193409996286267 -0.0040940032501982828 0.019258547940807842 -0.021914030922595213 0.032735469931897271 -0.025147191614575886 0.011322871202762569 8.9522144443780668e-05 -0.012598612478492959 -0.019489306458232884 -0.0029534746305477605 0.0054151238846407469 -0.033874994604875919 -0.018002765498019505 0.013758939592605499 0.0016052702093987271
leaf_weight=187.40571239590645 80.096900805830956 332.44878448545933 160.2693384885788 224.02077312767506 198.65552374720573 139.34000439941883 376.61422373354435 329.65447680652142 44.112049430608749 350.63065774738789 35.584291726350784 21.487254649400711 15.15323670208454 155.02593889832497 164.83368046581745
leaf_count=921 367 1489 1062 1249 1482 559 1651 1900 233 1662 201 128 86 624 660
internal_value=0 0.0159176 -0.0102105 0.024733 -0.0178196 0.00679257 -0.00416023 -0.0151901 -0.006905 -0.005839 -0.0124609 -0.0139931 -0.00179163 0.00869625 0.00607936
internal_weight=0 1095.77 1719.57 556.47 760.804 539.297 958.763 562.149 582.148 538.036 401.879 351.142 50.7375 459.2 304.174
internal_count=14274 4948 9326 2738 4859 2210 4467 3377 2816 2583 2315 2028 287 1843 1219
is_linear=0
shrinkage=0.03


Tree=37
num_leaves=16
num_cat=0
split_feature=8 7 6 11 3 0 6 0 6 3 10 12 12 10 3
split_gain=481.165 94.3334 84.5433 26.297 15.7344 14.5032 12.2319 12.0691 9.57684 8.39237 8.28542 7.90866 7.67661 7.60903 7.36423
threshold=1.0000000180025095e-35 0.87500000000000011 2.5000000000000004 1.0000000180025095e-35 0.37500000000000006 0.53242800000000012 2.5000000000000004 0.35462050000000006 3.5000000000000004 0.37500000000000006 8.6942725000000021 1.8180595000000002 6.7937025000000011 3.7458590000000007 0.37500000000000006
decision_type=2 2 2 2 2 2 2 2 2 2 2 2 2 2 2
left_child=2 6 7 -3 -4 8 10 14 -6 -8 13 -9 -7 -2 -1
right_child=1 3 4 -5 5 12 9 11 -10 -11 -12 -13 -14 -15 -16
leaf_value=-0.029076360093114945 0.010072610884591732 0.018803577849274021 -0.026401484396321916 0.032327519389345159 -0.016273410081999645 -0.011237970881372544 -0.013217638440031185 -0.0039490420464505845 -0.027844834845217981 0.0032806254333649166 0.024126540265120195 0.0037237328208890651 0.0099180503114284172 -0.0029632102739043172 -0.0090908881060487758
leaf_weight=18.186170428991318 286.92880406975746 330.33452844619751 144.96419827640057 220.11424593627453 255.13274775445461 246.62480136752129 33.539759606122971 648.65824516117573 90.034296736121178 140.14500266313553 31.92495459318161 147.71263706684113 15.712833151221274 46.398686155676842 142.5190813690424
leaf_count=103 1167 1489 1017 1249 1593 1469 163 2998 689 561 130 623 91 189 743
internal_value=0 0.0155348 -0.00996644 0.0242604 -0.0174841 -0.0153163 0.0065945 -0.00404388 -0.0193634 3.72662e-05 0.00970398 -0.00252299 -0.00993797 0.00825461 -0.0115184
internal_weight=0 1089.39 1709.55 550.449 752.469 607.505 538.937 957.076 345.167 173.685 365.252 796.371 262.338 333.327 160.705
internal_count=14274 4948 9326 2738 4859 3842 2210 4467 2282 724 1486 3621 1560 1356 846
is_linear=0
shrinkage=0.03


Tree=38
num_leaves=16
num_cat=0
split_feature=8 7 6 11 6 3 11 6 3 0 12 12 3 10 0
split_gain=455.636 90.9618 81.2422 26.1511 15.5946 11.8686 11.7724 11.5174 10.9815 10.6292 9.26177 8.37383 7.94391 7.83465 7.7462
threshold=1.0000000180025095e-35 0.87500000000000011 2.5000000000000004 1.0000000180025095e-35 3.5000000000000004 0.37500000000000006 2.7466335000000002 2.5000000000000004 0.37500000000000006 0.6026585000000001 3.8747350000000007 2.0290990000000004 0.37500000000000006 8.6942725000000021 0.44338900000000009
decision_type=2 2 2 2 2 2 2 2 2 2 2 2 2 2 2
left_child=2 7 5 -3 8 -1 9 13 -4 11 14 -7 -9 -2 -10
right_child=1 3 4 -5 -6 6 -8 12 10 -11 -12 -13 -14 -15 -16
leaf_value=-0.012950622771232287 0.0080093542111953492 0.018359510581677851 -0.023776672192446197 0.031929571776784182 -0.024540044958414563 -0.0060374680956264675 -0.027355719933672997 -0.012903584725875255 -0.020160662701841636 0.0030820499861676778 0.00040346166140059551 0.0033882035103839797 0.0031829145311444273 0.023451054517699112 -0.011140781800368656
leaf_weight=114.51866255700588 333.25591276586056 328.23107787966728 96.006402760744095 216.24308069050312 192.29364250600338 479.23921170830727 16.067604079842567 33.35260397195816 126.28214077651501 243.21359196305275 44.78201562166214 102.3445367962122 140.14452289044857 31.888531431555748 284.94825880229473
leaf_count=590 1356 1489 656 1249 1482 2311 86 163 846 1035 253 445 561 130 1622
internal_value=0 0.0151602 -0.00972706 0.0237976 -0.0171515 -0.00393099 -0.00268867 0.00640133 -0.014538 -0.00217559 -0.0125452 -0.00437581 3.42654e-05 0.00941826 -0.0139528
internal_weight=0 1083.12 1699.7 544.474 744.312 955.384 840.865 538.642 552.019 824.797 456.012 581.584 173.497 365.144 411.23
internal_count=14274 4948 9326 2738 4859 4467 3877 2210 3377 3791 2721 2756 724 1486 2468
is_linear=0
shrinkage=0.03


Tree=39
num_leaves=16
num_cat=0
split_feature=8 7 6 11 0 0 3 6 3 12 13 1 3 13 1
split_gain=431.478 87.7034 78.0521 25.9971 15.3412 11.3835 10.9235 9.51355 8.56391 7.16373 7.07166 6.81142 6.91593 7.08223 8.93543
threshold=1.0000000180025095e-35 0.87500000000000011 2.5000000000000004 1.0000000180025095e-35 0.53242800000000012 0.40876600000000002 0.37500000000000006 3.5000000000000004 0.37500000000000006 6.7937025000000011 0.16771000000000003 0.73166750000000003 0.37500000000000006 0.25652200000000008 0.55230650000000014
decision_type=2 2 2 2 2 2 2 2 2 2 2 2 2 2 2
left_child=2 6 5 -3 7 10 -2 -4 -6 -10 -1 12 -7 14 -14
right_child=1 3 4 -5 8 11 -8 -9 9 -11 -12 -13 13 -15 -16
leaf_value=-0.021173728723511233 -0.0039852933231779878 0.017925933804588755 -0.017728721500347142 0.03154091901289776 -0.022076849136018421 -0.010779672588890319 0.0079952645681867079 -0.028104879172606699 -0.010649972878356338 0.0097752281028265151 -0.0071385466575094305 0.010823669228482326 0.0001740157900612059 -0.0031359053368898147 0.018439552667956109
leaf_weight=37.895522400736809 79.863723009824753 326.14118407666683 304.80959522724152 212.41094386577606 58.831673145294189 80.221069559454918 458.48396402597427 113.79144929349422 243.08749076724052 15.738327056169508 206.49042761325836 35.030368342995644 93.837164014577866 468.64575377106667 31.445238336920738
leaf_count=198 367 1489 1979 1249 417 409 1843 903 1469 91 1061 143 424 2100 132
internal_value=0 0.0147944 -0.00949413 0.0233443 -0.0168253 -0.00382193 0.00621386 -0.0206096 -0.0117895 -0.00937514 -0.00939232 -0.00189183 -0.00256761 -0.00144217 0.00486829
internal_weight=0 1076.9 1689.82 538.552 736.259 953.566 538.348 418.601 317.657 258.826 244.386 709.18 674.149 593.928 125.282
internal_count=14274 4948 9326 2738 4859 4467 2210 2882 1977 1560 1259 3208 3065 2656 556
is_linear=0
shrinkage=0.03


Tree=40
num_leaves=16
num_cat=0
split_feature=8 7 6 11 6 0 6 0 3 10 10 12 3 13 13
split_gain=408.537 84.5574 74.9564 25.8344 15.2586 10.9193 10.8019 10.6845 7.56326 7.43158 7.16024 7.13689 7.07627 7.61855 9.70958
threshold=1.0000000180025095e-35 0.87500000000000011 2.5000000000000004 1.0000000180025095e-35 3.5000000000000004 0.35462050000000006 2.5000000000000004 0.43345050000000007 0.87500000000000011 8.6942725000000021 3.7458590000000007 1.8180595000000002 0.37500000000000006 0.51610650000000013 0.16771000000000003
decision_type=2 2 2 2 2 2 2 2 2 2 2 2 2 2 2
left_child=2 6 5 -3 7 12 9 -4 -8 10 -2 -7 -1 14 -14
right_child=1 3 4 -5 -6 11 8 -9 -10 -11 -12 -13 13 -15 -16
leaf_value=-0.028343541991411203 0.0093484511559013828 0.017502454940033434 -0.020656911439738881 0.031160895982993715 -0.02393926559751108 -0.0036317298922494568 -0.0032614033768292366 -0.011222775905162833 0.012297590239949585 0.022633705097419 -0.0032945762134590963 0.0036604526709579388 -0.021050939906124409 -0.014913871714689407 0.0055278450901814274
leaf_weight=17.646878063678741 286.59304887056351 324.0672876983881 152.49815894663334 208.6210924834013 186.14080429077148 645.54829935729504 139.06795325875282 389.81992135941982 34.180814951658249 31.815283626317978 46.373773396015167 147.68971700966358 15.347748309373854 75.722032070159912 49.861048862338066
leaf_count=103 1167 1489 1062 1249 1482 2998 587 2315 137 130 189 623 82 403 258
internal_value=0 0.0144371 -0.00926466 0.0229 -0.0165011 -0.00371482 0.00603124 -0.0139088 -0.000138761 0.00895398 0.00758301 -0.00227113 -0.010877 -0.00850559 -0.000951285
internal_weight=0 1070.72 1680.27 532.688 728.459 951.816 538.031 542.318 173.249 364.782 332.967 793.238 158.578 140.931 65.2088
internal_count=14274 4948 9326 2738 4859 4467 2210 3377 724 1486 1356 3621 846 743 340
is_linear=0
shrinkage=0.03


Tree=41
num_leaves=16
num_cat=0
split_feature=8 7 6 11 3 0 3 11 3 6 0 6 13 13 0
split_gain=386.82 81.5129 71.9526 25.6626 15.3837 13.4264 10.6979 11.2877 10.3033 9.87681 9.44866 9.33607 8.79459 13.488 9.32635
threshold=1.0000000180025095e-35 0.87500000000000011 2.5000000000000004 1.0000000180025095e-35 0.37500000000000006 0.53242800000000012 0.37500000000000006 2.7466335000000002 0.87500000000000011 2.5000000000000004 0.56134150000000016 3.5000000000000004 0.40556650000000005 0.50145750000000011 0.59125400000000006
decision_type=2 2 2 2 2 2 2 2 2 2 2 2 2 2 2
left_child=2 8 6 -3 -4 11 -1 10 9 -2 -8 -6 14 -14 -12
right_child=1 3 4 -5 5 -7 7 -9 -10 -11 12 -13 13 -15 -16
leaf_value=-0.012242574251772423 0.0068253689398717005 0.01708871710346652 -0.025270806034418815 0.03078888925384226 -0.01496185256275895 -0.0088002360314678642 -0.004572958095798059 -0.026800431029576396 0.012376480634778286 -0.0031653773220401337 0.027598571265216157 -0.026731289152249958 -0.020070590603928146 0.0014192988852819788 0.0047621470594023012
leaf_weight=112.84936608374119 244.45342595875263 322.01165190339088 136.56582248955965 204.87642994523048 245.28553959727287 255.30279786884785 490.79901792109013 15.776104196906088 154.33998289704323 139.01927217841148 18.406915828585625 83.650928623974323 29.635271415114403 184.43250614404678 98.324119359254837
leaf_count=590 999 1489 1017 1249 1593 1560 2369 86 624 587 80 689 132 795 415
internal_value=0 0.0140877 -0.00903999 0.0224642 -0.0161812 -0.0140169 -0.00361164 -0.00243527 0.00585483 0.00320464 -0.00193541 -0.0180269 0.00197986 -0.00163522 0.00856698
internal_weight=0 1064.7 1671.03 526.888 720.805 584.239 950.223 837.374 537.813 383.473 821.598 328.936 330.799 214.068 116.731
internal_count=14274 4948 9326 2738 4859 3842 4467 3877 2210 1586 3791 2282 1422 927 495
is_linear=0
shrinkage=0.03


Tree=42
num_leaves=16
num_cat=0
split_feature=8 7 6 11 3 0 1 3 6 1 0 4 10 2 1
split_gain=366.23 78.5728 69.0601 25.4814 15.0753 13.0131 10.2641 9.96797 9.22944 9.1742 7.19173 6.88409 9.70242 8.67124 8.44924
threshold=1.0000000180025095e-35 0.87500000000000011 2.5000000000000004 1.0000000180025095e-35 0.37500000000000006 0.53242800000000012 0.41952850000000003 0.37500000000000006 3.5000000000000004 0.43687500000000007 0.60102400000000011 0.71875000000000011 1.9623440000000001 0.30294450000000006 0.15942350000000002
decision_type=2 2 2 2 2 2 2 2 2 2 2 2 2 2 2
left_child=2 7 6 -3 -4 8 11 -2 -6 -8 -11 13 -13 -1 -15
right_child=1 3 4 -5 5 -7 9 -9 -10 10 -12 12 -14 14 -16
leaf_value=-0.020069255579405774 -0.0040567561456015238 0.016684386597797928 -0.024947053031180472 0.030424332263469037 -0.014651149184477425 -0.0085810245936009544 0.015079030857786101 0.0073873175119276669 -0.026444830527698981 -0.0075811020090141967 0.0016495809121831928 -0.0035046672770484176 -0.02733356711858401 -0.020053040472084848 0.0044882902816495741
leaf_weight=62.719762697815895 79.864938169717789 319.97627359628677 134.2363937869668 201.17952464520931 243.02842225134373 254.01539488136768 33.201337531208992 457.7027395516634 82.055416420102119 108.64083740115166 246.49041557312012 427.51370108127594 14.987103447318075 17.939724236726761 37.079495906829834
leaf_count=328 367 1489 1017 1249 1593 1560 153 1843 689 503 1070 2056 84 93 180
internal_value=0 0.013746 -0.00882035 0.0220365 -0.0158661 -0.0137217 -0.00351074 0.00568273 -0.0177 0.000238306 -0.0011876 -0.00610519 -0.00437154 -0.0125291 -0.00372885
internal_weight=0 1058.72 1661.91 521.156 713.336 579.099 948.572 537.568 325.084 388.333 355.131 560.24 442.501 117.739 55.0192
internal_count=14274 4948 9326 2738 4859 3842 4467 2210 2282 1726 1573 2741 2140 601 273
is_linear=0
shrinkage=0.03


Tree=43
num_leaves=16
num_cat=0
split_feature=8 7 6 11 6 0 3 10 3 6 13 0 0 1 7
split_gain=346.733 75.7174 66.2618 25.2905 14.8516 10.3646 10.0133 9.76323 9.58063 9.27227 7.82381 7.73361 7.20799 9.34465 7.19931
threshold=1.0000000180025095e-35 0.87500000000000011 2.5000000000000004 1.0000000180025095e-35 3.5000000000000004 0.43345050000000007 0.37500000000000006 1.2746125000000001 0.87500000000000011 2.5000000000000004 0.41950250000000006 0.58734350000000013 0.37421200000000004 0.27249050000000002 0.58333350000000006
decision_type=2 2 2 2 2 2 2 2 2 2 2 2 2 2 2
left_child=2 8 6 -3 5 -4 12 11 9 10 -2 -8 -1 -14 -7
right_child=1 3 4 -5 -6 14 7 -9 -10 -11 -12 -13 13 -15 -16
leaf_value=-0.027844094000270762 0.011677373101163586 0.016289155046017197 -0.019760098162172841 0.030066685098939644 -0.0230809519211699 -0.011899052880503511 -0.003568577796997382 -0.015252429260849024 0.011812030378426401 -0.0032124693888717902 0.00094861422074645147 0.0027276035443731636 0.010881356503448967 -0.012778978328075858 0.00045454992360518344
leaf_weight=19.780138894915581 125.15979838371277 317.96297217905521 147.12231519818306 197.53266580402851 177.61680289357901 332.72796928882599 524.21236154437065 48.134912729263306 154.02365605533123 138.91772019863129 119.13012877106667 262.87143574655056 17.961864724755287 74.092810288071632 48.562771886587143
leaf_count=117 515 1489 1062 1249 1482 2028 2506 252 624 587 484 1119 89 384 287
internal_value=0 0.013413 -0.00860532 0.0216166 -0.0155553 -0.0129869 -0.00341313 -0.00227686 0.00551591 0.00296114 0.0064706 -0.00146498 -0.0118038 -0.00809501 -0.0103286
internal_weight=0 1052.73 1653.08 515.496 706.03 528.413 947.054 835.219 537.231 383.208 244.29 787.084 111.835 92.0547 381.291
internal_count=14274 4948 9326 2738 4859 3377 4467 3877 2210 1586 999 3625 590 473 2315
is_linear=0
shrinkage=0.03


Tree=44
num_leaves=16
num_cat=0
split_feature=8 11 6 7 3 0 0 3 6 12 3 13 5 12 7
split_gain=328.247 73.4807 63.5509 24.5637 14.9246 12.531 9.70494 9.26112 9.09208 6.93079 6.65846 16.2282 7.47818 6.62309 6.12913
threshold=1.0000000180025095e-35 1.0000000180025095e-35 2.5000000000000004 0.87500000000000011 0.37500000000000006 0.53242800000000012 0.35462050000000006 0.37500000000000006 3.5000000000000004 6.7937025000000011 0.62500000000000011 0.41001850000000001 2.5000000000000004 1.8180595000000002 0.58333350000000006
decision_type=2 2 2 2 2 2 2 2 2 2 2 2 2 2 2
left_child=2 3 6 7 -4 8 10 -2 14 -7 -1 -12 -13 -8 -6
right_child=1 -3 4 -5 5 9 13 -9 -10 -11 11 12 -14 -15 -16
leaf_value=-0.018215281896426155 -0.004035413948111354 0.029715457392929519 -0.024417160481631294 0.015902729638236208 -0.015661947715160836 -0.0093268483894187564 -0.0032771873573832514 0.0069987251375869235 -0.025911388124859148 0.010923791523960181 0.015257306209230236 -0.018231461800021009 0.0027443330679816297 0.0037547011176756744 9.9870165581126844e-05
leaf_weight=57.063451647758484 79.809931010007858 193.93782624602318 130.4320806786418 315.97334517538548 213.77990087866783 235.32595704495907 641.96095614135265 457.16101676225662 79.143949434161186 15.43656776845455 24.819857969880104 53.165989071130753 20.985758945345879 147.48200395703316 24.749897941946983
leaf_count=323 367 1249 1017 1489 1436 1469 2998 1843 689 91 127 284 112 623 157
internal_value=0 0.0130872 -0.00839474 0.00927599 -0.0152482 -0.0131052 -0.00331808 0.00535427 -0.0170643 -0.00804181 -0.0101308 -0.00533399 -0.0123376 -0.00196042 -0.0140329
internal_weight=0 1046.88 1644.35 852.944 698.868 568.436 945.478 536.971 317.674 250.763 156.035 98.9716 74.1517 789.443 238.53
internal_count=14274 4948 9326 3699 4859 3842 4467 2210 2282 1560 846 523 396 3621 1593
is_linear=0
shrinkage=0.03


Tree=45
num_leaves=16
num_cat=0
split_feature=8 11 6 7 3 0 3 11 6 6 0 12 10 2 13
split_gain=310.719 71.7046 60.9542 23.4495 14.6086 12.1323 9.4787 9.43853 8.97434 8.95665 7.89304 7.22412 7.11574 6.85667 6.88388
threshold=1.0000000180025095e-35 1.0000000180025095e-35 2.5000000000000004 0.87500000000000011 0.37500000000000006 0.53242800000000012 0.37500000000000006 2.6944390000000005 3.5000000000000004 2.5000000000000004 0.6026585000000001 2.0290990000000004 8.6942725000000021 0.12621600000000002 0.52878700000000012
decision_type=2 2 2 2 2 2 2 2 2 2 2 2 2 2 2
left_child=2 3 6 9 -4 8 -1 10 -6 12 11 13 -2 14 -8
right_child=1 -3 4 -5 5 -7 7 -9 -10 -11 -12 -13 -14 -15 -16
leaf_value=-0.011425540272392299 0.0065253498828641747 0.029370184974310796 -0.024100462685797804 0.01552484803458873 -0.013737056053904056 -0.007838228691619235 -0.0035287773067837233 -0.02447036952808599 -0.025630545570467091 -0.00042449028599804612 0.0028604948649988584 0.0036362023598003625 0.021272289249509187 -0.0028705293811356926 -0.017270126226632678
leaf_weight=110.88217820227146 332.08580361306667 190.39673684537411 128.22835327684879 314.00881260633469 236.4179974347353 249.57124868780375 61.922176018357277 15.671556949615477 77.64456108212471 172.89514707028866 243.09082524478436 101.96188689768314 31.645748689770699 340.11625447869301 70.354292944073677
leaf_count=590 1356 1249 1017 1489 1593 1560 304 88 689 724 1034 445 130 1653 353
internal_value=0 0.0127692 -0.00818811 0.00902334 -0.0149462 -0.0128245 -0.00322454 -0.00212065 -0.0167495 0.00519716 -0.0016628 -0.00357889 0.00786318 -0.00514059 -0.0109122
internal_weight=0 1041.03 1635.86 850.636 691.862 563.634 943.999 833.117 314.063 536.627 817.445 574.355 363.732 472.393 132.276
internal_count=14274 4948 9326 3699 4859 3842 4467 3877 2282 2210 3789 2755 1486 2310 657
is_linear=0
shrinkage=0.03


Tree=46
num_leaves=16
num_cat=0
split_feature=8 11 6 7 6 1 12 7 1 3 1 10 6 13 3
split_gain=294.13 69.9641 58.4241 22.3856 14.3948 10.0515 9.85637 9.80175 9.0201 8.85445 8.76653 8.43491 8.25789 7.47572 6.90925
threshold=1.0000000180025095e-35 1.0000000180025095e-35 2.5000000000000004 0.87500000000000011 3.5000000000000004 0.092558500000000016 1.1757125000000002 0.58333350000000006 0.41952850000000003 0.87500000000000011 0.43687500000000007 0.96695650000000011 2.5000000000000004 0.19999750000000002 0.37500000000000006
decision_type=2 2 2 2 2 2 2 2 2 2 2 2 2 2 2
left_child=2 3 8 9 5 -4 11 -8 -1 12 -10 14 13 -2 -7
right_child=1 -3 4 -5 -6 6 7 -9 10 -11 -12 -13 -14 -15 -16
leaf_value=-0.0055833134358767396 0.014742154575281826 0.029030435940700795 -0.025555838002343113 0.015155261346633133 -0.022243015935380511 -0.021175137862813231 -0.0092480206279978248 0.009879857165206566 0.014875375252587588 0.011107556998003781 -0.0010200476718765789 -0.025713937003392511 -0.003237246786170437 0.0027787966161298139 -0.0093661213417923044
leaf_weight=555.09005701541901 62.786967024207115 186.91088652610779 45.14966231584549 312.07061699032784 169.63486859202385 53.678764648735523 68.131305083632469 36.06655827909708 33.238353580236435 153.56590768694878 354.07649208605289 41.740315809845924 138.80813783407211 181.29068902134895 270.63904210925102
leaf_count=2741 259 1249 326 1489 1482 409 435 221 153 624 1573 276 587 740 1710
internal_value=0 0.0124571 -0.00798719 0.0087765 -0.0146478 -0.0121098 -0.0107673 -0.00259621 -0.00313515 0.00504448 0.000378851 -0.0130798 0.00259013 0.00590387 -0.0113797
internal_weight=0 1035.43 1627.45 848.522 685.041 515.406 470.256 104.198 942.405 536.452 387.315 366.058 382.886 244.078 324.318
internal_count=14274 4948 9326 3699 4859 3377 3051 656 4467 2210 1726 2395 1586 999 2119
is_linear=0
shrinkage=0.03


Tree=47
num_leaves=16
num_cat=0
split_feature=8 11 6 7 3 0 3 11 6 3 0 0 1 12 2
split_gain=278.387 68.2407 56.0394 21.3608 14.2184 11.7214 9.00135 9.06334 8.75515 8.5653 7.22909 6.87907 8.99502 6.81748 6.59912
threshold=1.0000000180025095e-35 1.0000000180025095e-35 2.5000000000000004 0.87500000000000011 0.37500000000000006 0.53242800000000012 0.37500000000000006 2.6944390000000005 3.5000000000000004 0.37500000000000006 0.6026585000000001 0.37421200000000004 0.27395300000000006 2.0290990000000004 0.12621600000000002
decision_type=2 2 2 2 2 2 2 2 2 2 2 2 2 2 2
left_child=2 3 6 9 -4 8 11 10 -6 -2 13 -1 -13 14 -8
right_child=1 -3 4 -5 5 -7 7 -9 -10 -11 -12 12 -14 -15 -16
leaf_value=-0.027025722743034129 -0.0041280277466210942 0.02869580891381391 -0.023533480920100058 0.014793726423912667 -0.013188182142771177 -0.007338514639154161 -0.010567228625086644 -0.024026032417559878 -0.025107738413276303 0.0064816905611278204 0.0028015209046175476 0.010708321485857843 -0.012226564144140169 0.0036437201525698279 -0.0026581868708200722
leaf_weight=19.094429641962051 79.837040424346924 183.48150365054607 124.33623183518648 310.15988990664482 232.54018504917622 246.58768460899591 131.45956064760685 15.441595792770384 74.918966054916382 456.33765557408333 243.19904147088528 18.645843923091888 72.34106457233429 101.94208410382271 339.05912251770496
leaf_count=117 367 1249 1017 1489 1593 1560 657 88 689 1843 1034 93 380 445 1653
internal_value=0 0.0121532 -0.00778835 0.00853717 -0.0143552 -0.0122567 -0.00304493 -0.00197028 -0.0161646 0.00489715 -0.00152383 -0.0110676 -0.00746123 -0.00336305 -0.00488564
internal_weight=0 1029.82 1619.57 846.335 678.383 554.047 941.183 831.101 307.459 536.175 815.66 110.081 90.9869 572.461 470.519
internal_count=14274 4948 9326 3699 4859 3842 4467 3877 2282 2210 3789 590 473 2755 2310
is_linear=0
shrinkage=0.03


Tree=48
num_leaves=16
num_cat=0
split_feature=8 11 6 7 6 0 0 3 6 13 7 11 10 3 13
split_gain=263.508 66.5419 53.6765 20.3808 13.9937 9.90803 8.56208 8.23213 7.75661 7.22953 6.59254 10.9284 6.39541 6.3341 15.2499
threshold=1.0000000180025095e-35 1.0000000180025095e-35 2.5000000000000004 0.87500000000000011 3.5000000000000004 0.43345050000000007 0.35462050000000006 0.87500000000000011 2.5000000000000004 0.41950250000000006 0.58333350000000006 0.83161750000000012 1.8922815000000002 0.62500000000000011 0.41001850000000001
decision_type=2 2 2 2 2 2 2 2 2 2 2 2 2 2 2
left_child=2 3 6 7 5 -4 13 8 9 -2 11 -7 -12 -1 -15
right_child=1 -3 4 -5 -6 10 -8 -9 -10 -11 12 -13 -14 14 -16
leaf_value=-0.017403538252478881 0.010611362454528877 0.028365930822379742 -0.018377395429839488 0.014440035565470587 -0.021680215553528375 -0.0090188060883813221 -0.0016890019487120957 0.010607037424957879 -0.0032616578912268361 0.00029559204131182702 0.0084707509038613182 -0.032007461776310087 -0.015045066321583447 0.015168514482447819 -0.011620268501040906
leaf_weight=55.764602243900299 124.91052424907684 180.10966768860817 139.14568025618792 308.27756324410439 164.49706298112869 301.55497831106186 786.0006890296936 153.22821360826492 138.70200574398041 118.98007284104824 33.740117490291595 19.066478841006756 13.868757009506224 24.846823692321777 73.000773191452026
leaf_count=323 515 1249 1062 1489 1482 1900 3621 624 587 484 201 128 86 127 396
internal_value=0 0.0118562 -0.00759629 0.00830409 -0.0140649 -0.0115582 -0.00296084 0.00475353 0.00238766 0.00560065 -0.00893856 -0.0104811 0.00145186 -0.00941553 -0.00473305
internal_weight=0 1024.21 1611.49 844.098 671.873 507.376 939.613 535.821 382.593 243.891 368.23 320.621 47.6089 153.612 97.8476
internal_count=14274 4948 9326 3699 4859 3377 4467 2210 1586 999 2315 2028 287 846 523
is_linear=0
shrinkage=0.03


Tree=49
num_leaves=16
num_cat=0
split_feature=8 11 6 7 3 0 6 3 10 3 12 0 1 0 7
split_gain=249.381 64.8688 51.4392 19.4411 14.0288 11.2072 8.5952 8.51329 8.71129 7.9621 6.56956 6.52023 8.52781 6.16006 5.81072
threshold=1.0000000180025095e-35 1.0000000180025095e-35 2.5000000000000004 0.87500000000000011 0.37500000000000006 0.53242800000000012 3.5000000000000004 0.37500000000000006 1.2746125000000001 0.37500000000000006 6.7937025000000011 0.37421200000000004 0.27249050000000002 0.50991400000000009 0.58333350000000006
decision_type=2 2 2 2 2 2 2 2 2 2 2 2 2 2 2
left_child=2 3 7 9 -4 6 14 11 13 -2 -7 -1 -13 -9 -6
right_child=1 -3 4 -5 5 10 -8 8 -10 -11 -12 12 -14 -15 -16
leaf_value=-0.026462680026567889 -0.0040898973122174241 0.028040452173240606 -0.023028077395659603 0.01409397650762435 -0.014245942183762673 -0.0081459782221650606 -0.02459093267320089 -0.0038070436160313609 -0.014236905525229982 0.0061435469670664345 0.011680744832072258 0.010854913890321415 -0.011780582974459403 0.0015136928187331777 0.0012638437453182066
leaf_weight=18.618753626942635 79.764995783567429 176.79621616005898 120.92586835473776 306.4244801402092 204.34696511924267 228.54802533239126 72.312800742685795 379.60372091829777 47.017248064279556 455.76258954405785 15.232449948787687 17.965765535831451 72.609540402889252 402.55897387862206 24.140254706144333
leaf_count=117 367 1249 1017 1489 1436 1469 689 1870 252 1843 91 89 384 1755 157
internal_value=0 0.0115657 -0.00740654 0.00807716 -0.0137799 -0.0116879 -0.0155614 -0.00287658 -0.00183301 0.00461453 -0.00686446 -0.0107125 -0.00722129 -0.00107016 -0.0126089
internal_weight=0 1018.75 1603.88 841.952 665.506 544.58 300.8 938.374 829.18 535.528 243.78 109.194 90.5753 782.163 228.487
internal_count=14274 4948 9326 3699 4859 3842 2282 4467 3877 2210 1560 590 473 3625 1593
is_linear=0
shrinkage=0.03


Tree=50
num_leaves=16
num_cat=0
split_feature=8 11 6 7 3 0 6 3 10 3 6 0 13 13 0
split_gain=236.006 63.2192 49.2538 18.542 13.7049 10.8264 8.46372 8.09258 8.27699 7.65442 7.28544 6.89709 7.91665 12.5435 9.1158
threshold=1.0000000180025095e-35 1.0000000180025095e-35 2.5000000000000004 0.87500000000000011 0.37500000000000006 0.53242800000000012 3.5000000000000004 0.37500000000000006 2.0094990000000004 0.87500000000000011 2.5000000000000004 0.56134150000000016 0.40556650000000005 0.50145750000000011 0.59125400000000006
decision_type=2 2 2 2 2 2 2 2 2 2 2 2 2 2 2
left_child=2 3 7 9 -4 6 -6 -1 11 10 -2 -9 14 -14 -13
right_child=1 -3 4 -5 5 -7 -8 8 -10 -11 -12 12 13 -15 -16
leaf_value=-0.010460000220114434 0.0053138248546228213 0.027719045326738526 -0.022720910851519154 0.013755360889771952 -0.012334992477498391 -0.0066864953690003188 -0.024316618810308624 -0.0035384039254684387 -0.01844759912943213 0.010130826541936878 -0.0032781304673397782 0.027158452015559678 -0.019312739302519095 0.0016079246481650678 0.0045830331124838367
leaf_weight=108.56678706407547 243.69108632206917 173.54183769226074 118.9278017282486 304.60132841765881 226.61060781776905 242.76370613276958 70.966445669531822 476.64095643162727 24.981046035885811 152.88574631512165 138.59517256915569 18.453308388590813 29.026045233011246 182.19198797643185 97.122754529118538
leaf_count=590 999 1249 1017 1489 1593 1560 689 2332 141 624 587 80 130 785 409
internal_value=0 0.0112819 -0.00722184 0.0078562 -0.0134981 -0.0114299 -0.0152643 -0.00279616 -0.00178038 0.0044792 0.00219845 -0.00123987 0.0021132 -0.0013445 0.00838956
internal_weight=0 1013.32 1596.25 839.773 659.269 540.341 297.577 936.983 828.416 535.172 382.286 803.435 326.794 211.218 115.576
internal_count=14274 4948 9326 3699 4859 3842 2282 4467 3877 2210 1586 3736 1404 915 489
is_linear=0
shrinkage=0.03


Tree=51
num_leaves=16
num_cat=0
split_feature=8 11 6 7 6 1 12 7 10 1 10 3 10 4 1
split_gain=223.323 61.5951 47.152 17.681 13.4611 9.91814 9.23647 8.81956 8.37802 7.85035 9.57372 7.86529 7.61568 7.65822 8.90554
threshold=1.0000000180025095e-35 1.0000000180025095e-35 2.5000000000000004 0.87500000000000011 3.5000000000000004 0.092558500000000016 1.1757125000000002 0.58333350000000006 0.96695650000000011 0.63460050000000012 1.2746125000000001 0.37500000000000006 0.34825400000000006 0.85416650000000016 0.39125400000000005
decision_type=2 2 2 2 2 2 2 2 2 2 2 2 2 2 2
left_child=2 3 9 12 5 -4 8 -8 -7 10 11 -1 -2 14 -14
right_child=1 -3 4 -5 -6 6 7 -9 -10 -11 -12 -13 13 -15 -16
leaf_value=-0.011057120745315729 0.018021413752246494 0.027401405358553111 -0.02448393867577971 0.013424002820477454 -0.020870404624315879 -0.0099963182289846322 -0.0079024193469692892 0.010404510196910912 -0.024609815455806767 0.0052193601635295095 -0.016462314946130187 -0.0017590912441672367 -0.0073648317297278785 0.0061391386419607924 0.0061553197992211062
leaf_weight=91.903127908706665 33.367322698235512 170.34707202017307 42.626257501542568 302.8087293356657 157.37547939270735 312.10096257925034 65.782862946391106 35.713763929903507 39.610847197473049 99.341310575604439 48.546434074640274 695.80857835710049 101.77340024709702 324.21734818816185 75.515893846750259
leaf_count=504 137 1249 326 1489 1482 2119 435 221 276 421 270 3272 433 1321 319
internal_value=0 0.0110041 -0.00704076 0.00764091 -0.0132198 -0.0107544 -0.00941207 -0.00142207 -0.0117072 -0.00271719 -0.00366511 -0.00285655 0.00434799 0.00340418 -0.00160374
internal_weight=0 1008.03 1588.81 837.683 653.21 495.835 453.208 101.497 351.712 935.599 836.258 787.712 534.874 501.507 177.289
internal_count=14274 4948 9326 3699 4859 3377 3051 656 2395 4467 4046 3776 2210 2073 752
is_linear=0
shrinkage=0.03


Tree=52
num_leaves=16
num_cat=0
split_feature=8 11 6 7 3 0 6 0 10 3 6 10 13 12 13
split_gain=211.309 59.9968 45.1317 16.8569 13.5154 10.438 8.25573 7.71475 7.19255 7.33261 6.26159 6.96413 7.36598 6.18143 6.08763
threshold=1.0000000180025095e-35 1.0000000180025095e-35 2.5000000000000004 0.87500000000000011 0.37500000000000006 0.53242800000000012 3.5000000000000004 0.35462050000000006 0.34825400000000006 0.87500000000000011 2.5000000000000004 8.9671340000000015 0.20811650000000004 6.7937025000000011 0.14610350000000003
decision_type=2 2 2 2 2 2 2 2 2 2 2 2 2 2 2
left_child=2 3 7 8 -4 6 -6 14 -2 10 11 12 -10 -7 -1
right_child=1 -3 4 -5 5 13 -8 -9 9 -11 -12 -13 -14 -15 -16
leaf_value=-0.025039560858657734 0.017516685569969014 0.027087257882486324 -0.022232121848379419 0.013099731920286182 -0.011803735211754802 -0.0074757422108398365 -0.023807064222845429 -0.001435458831229862 0.011789660130010201 0.0090344866258886217 -0.0040918314863265743 0.020464971993582985 -0.0010603976657536684 0.011774654157974945 -0.0065335422496303761
leaf_weight=17.437063455581665 33.328314051032066 167.21225415170193 115.77247748523951 301.04712665081024 223.01104675233364 224.81079804897308 68.535320736467838 782.78112205862999 53.691999658942223 142.54071101546288 134.48195898532867 20.148716524243355 150.44889280200005 15.200707271695135 134.11239969730377
leaf_count=103 137 1249 1017 1489 1593 1469 689 3621 222 583 570 83 615 91 743
internal_value=0 0.0107321 -0.00686347 0.0074311 -0.0129456 -0.0108851 -0.0146972 -0.00264025 0.0042207 0.00330364 0.00100798 0.00407037 0.00236035 -0.00621276 -0.008813
internal_weight=0 1002.9 1581.66 835.688 647.33 531.558 291.546 934.331 534.641 501.312 358.772 224.29 204.141 240.012 151.549
internal_count=14274 4948 9326 3699 4859 3842 2282 4467 2210 2073 1490 920 837 1560 846
is_linear=0
shrinkage=0.03


Tree=53
num_leaves=16
num_cat=0
split_feature=8 11 6 7 3 0 6 1 12 2 5 3 2 13 12
split_gain=199.949 58.4085 43.1873 16.0572 13.1873 10.0677 8.11863 7.36756 7.51115 7.35688 7.20941 7.06687 6.01161 5.90521 5.83834
threshold=1.0000000180025095e-35 1.0000000180025095e-35 2.5000000000000004 0.87500000000000011 0.37500000000000006 0.53242800000000012 3.5000000000000004 0.40214900000000003 4.5062665000000015 0.089436500000000016 1.0000000180025095e-35 0.37500000000000006 0.15026900000000001 0.12237650000000001 6.7937025000000011
decision_type=2 2 2 2 2 2 2 2 2 2 2 2 2 2 2
left_child=2 3 7 11 -4 6 -6 9 10 -1 12 -2 -9 -11 -7
right_child=1 -3 4 -5 5 14 -8 8 -10 13 -12 -13 -14 -15 -16
leaf_value=-0.01465542723174899 -0.0041013682163584348 0.026776327522418875 -0.021929587763682045 0.012782386584288664 -0.011541727897538245 -0.0072858690026319775 -0.023535467651742407 -0.018856713274350772 0.013115719092676517 -0.013145884851844708 0.0011539641929441409 0.0055432937667305804 -0.001402557880987838 -0.0024002767800985871 0.011372769454900076
leaf_weight=60.891741096973419 79.69754895567894 164.13764464855194 113.89100573956966 299.31694193184376 221.2806431055069 223.79113101959229 67.27709673345089 31.876305088400841 37.12659153342247 50.999725595116615 304.86209087073803 454.60986563563347 39.00530306994915 408.48796308040619 15.299528650939463
leaf_count=331 367 1249 1017 1489 1593 1469 689 143 155 263 1383 1843 172 2020 91
internal_value=0 0.0104681 -0.0066893 0.00722885 -0.0126753 -0.0106401 -0.0144097 -0.00256522 0.00042758 -0.00493598 -0.000857599 0.00409972 -0.00940503 -0.00361892 -0.0060495
internal_weight=0 997.762 1574.79 833.624 641.539 527.648 288.558 933.25 412.87 520.379 375.744 534.307 70.8816 459.488 239.091
internal_count=14274 4948 9326 3699 4859 3842 2282 4467 1853 2614 1698 2210 315 2283 1560
is_linear=0
shrinkage=0.03


Tree=54
num_leaves=16
num_cat=0
split_feature=7 6 11 8 8 6 1 12 7 10 10 3 10 10 12
split_gain=189.939 54.1372 22.535 22.1957 20.2867 12.9017 9.7334 8.75009 8.45126 8.29446 7.34677 8.22104 6.60096 6.59588 6.40159
threshold=0.87500000000000011 2.5000000000000004 1.0000000180025095e-35 1.0000000180025095e-35 1.0000000180025095e-35 3.5000000000000004 0.092558500000000016 1.1757125000000002 0.58333350000000006 0.96695650000000011 2.8169600000000004 0.37500000000000006 8.6942725000000021 3.7458590000000007 2.1201380000000003
decision_type=2 2 2 2 2 2 2 2 2 2 2 2 2 2 2
left_child=1 3 -2 10 5 6 -3 9 -9 -8 11 -1 13 -5 -13
right_child=2 4 -4 12 -6 -7 7 8 -10 -11 -12 14 -14 -15 -16
leaf_value=-0.0099995530058877586 0.012471810672502019 -0.023828099713727107 0.026468377767060909 0.0066766872059807513 -0.00080123909084279762 -0.020076622368826562 -0.00921416656650372 -0.007266725266531329 0.010742171089429185 -0.023955634782638537 -0.022019340162356585 -0.0023130163925988386 0.019218724700182457 -0.0054612273856526191 0.0047387265482331676
leaf_weight=104.65329137444496 297.61844143271446 41.139833755791187 161.1233551800251 284.1629653275013 172.31379927694798 150.73828197270632 305.47248554229736 64.665915794670582 35.487307965755463 38.384219951927662 16.036559522151947 672.43058280646801 31.324948832392693 46.1496641933918 138.97214084863663
leaf_count=576 1489 326 1249 1167 724 1482 2119 435 221 276 96 3198 130 189 597
internal_value=0 -0.00385188 0.0174347 -4.5023e-05 -0.00993813 -0.0124089 -0.00999013 -0.0086573 -0.000842517 -0.0109244 -0.00249277 -0.0021273 0.00625333 0.00496947 -0.00110089
internal_weight=0 2101.93 458.742 1293.73 808.202 635.888 485.15 444.01 100.153 343.857 932.093 916.056 361.638 330.313 811.403
internal_count=14274 11536 2738 5953 5583 4859 3377 3051 656 2395 4467 4371 1486 1356 3795
is_linear=0
shrinkage=0.03


Tree=55
num_leaves=16
num_cat=0
split_feature=7 6 11 8 8 3 0 7 1 10 3 13 13 0 2
split_gain=180.439 51.4454 22.2284 20.9151 19.4254 12.978 9.74761 7.92186 7.20623 8.92128 7.04875 7.765 9.65465 7.73344 6.90876
threshold=0.87500000000000011 2.5000000000000004 1.0000000180025095e-35 1.0000000180025095e-35 1.0000000180025095e-35 0.37500000000000006 0.49928100000000003 0.58333350000000006 0.63460050000000012 1.2746125000000001 0.37500000000000006 0.41001850000000001 0.46591450000000006 0.56134150000000016 0.67544250000000006
decision_type=2 2 2 2 2 2 2 2 2 2 2 2 2 2 2
left_child=1 3 -2 8 5 -3 7 -7 9 10 -1 13 -13 -12 -14
right_child=2 4 -4 -5 -6 6 -8 -9 -10 -11 11 12 14 -15 -16
leaf_value=-0.010381992446831162 0.01216785916432659 -0.021452178979114795 0.026163174264613696 0.0060712379762858284 -0.0007773813105216151 -0.016420084664841822 -0.0063723119624579357 0.0025524511159912954 0.0051792053415553709 -0.015797138602323318 -0.0010514931054723487 -0.017802078603044037 -0.0032869909685528309 0.010223603294058511 0.015594097870266449
leaf_weight=90.565227672457695 295.95189140737057 110.94677697867155 158.16938574612141 361.41601364314556 172.30497434735298 211.9979392439127 285.91695764660835 21.563155084848404 99.332648575305939 47.716030791401863 159.54148638248444 39.614304885268211 394.66726027429104 82.224356919527054 17.264532998204231
leaf_count=504 1489 1017 1249 1486 724 1753 1931 158 421 270 782 190 1870 350 80
internal_value=0 -0.00375052 0.0170892 -4.40382e-05 -0.00971023 -0.0121466 -0.0101218 -0.0146651 -0.00242216 -0.00333526 -0.00255752 -0.00152195 -0.00384216 0.00280947 -0.00245981
internal_weight=0 2095.07 454.121 1292.34 802.73 630.425 519.478 233.561 930.926 831.593 783.877 693.312 451.546 241.766 411.932
internal_count=14274 11536 2738 5953 5583 4859 3842 1911 4467 4046 3776 3272 2140 1132 1950
is_linear=0
shrinkage=0.03


Tree=56
num_leaves=16
num_cat=0
split_feature=7 6 11 8 8 6 1 12 10 7 0 10 10 13 13
split_gain=171.394 48.8606 21.9136 19.701 18.589 12.6837 9.4815 8.33896 8.17826 7.82908 6.94291 6.26674 6.2151 5.84335 9.29389
threshold=0.87500000000000011 2.5000000000000004 1.0000000180025095e-35 1.0000000180025095e-35 1.0000000180025095e-35 3.5000000000000004 0.092558500000000016 1.1757125000000002 0.96695650000000011 0.58333350000000006 0.35462050000000006 8.6942725000000021 3.7458590000000007 0.14610350000000003 0.51610650000000013
decision_type=2 2 2 2 2 2 2 2 2 2 2 2 2 2 2
left_child=1 3 -2 10 5 6 -3 8 -8 -9 13 12 -5 -1 -15
right_child=2 4 -4 11 -6 -7 7 9 -10 -11 -12 -13 -14 14 -16
leaf_value=-0.024355222878642328 0.01187039580120627 -0.023326199405442026 0.025860511266024108 0.0063022650149620989 -0.00075423210508762726 -0.019594016811246839 -0.0087017805324097197 -0.0067745495104294959 -0.023486671431784907 0.01058381263262159 -0.0012129901631232208 0.018545384994904653 -0.0054792595853013111 0.0027842424891966573 -0.013094193213504199
leaf_weight=16.979026064276695 294.31740279495716 40.031676262617111 155.27562467753887 283.86971142888069 172.29636165499687 146.91321773827076 301.21598244458437 63.854348830878735 37.520312689244747 35.574025146663189 779.90724736452103 31.219209149479866 46.148627519607544 59.382423281669617 73.338657706975937
leaf_count=103 1489 326 1249 1167 724 1482 2119 435 276 221 3621 130 189 329 414
internal_value=0 -0.00365142 0.0167488 -4.32706e-05 -0.00948494 -0.0118863 -0.00948236 -0.00816732 -0.0104037 -0.000520434 -0.00235373 0.00589255 0.0046432 -0.00824929 -0.00602213
internal_weight=0 2088.25 449.593 1290.84 797.406 625.11 478.196 438.165 338.736 99.4284 929.607 361.238 330.018 149.7 132.721
internal_count=14274 11536 2738 5953 5583 4859 3377 3051 2395 656 4467 1486 1356 846 743
is_linear=0
shrinkage=0.03


Tree=57
num_leaves=16
num_cat=0
split_feature=7 6 11 8 8 3 0 6 10 3 12 10 0 1 10
split_gain=162.793 46.4161 21.591 18.5649 17.7899 12.7583 9.36991 7.91154 6.87427 7.44876 5.97192 5.9371 5.92205 7.17503 5.85491
threshold=0.87500000000000011 2.5000000000000004 1.0000000180025095e-35 1.0000000180025095e-35 1.0000000180025095e-35 0.37500000000000006 0.53242800000000012 3.5000000000000004 2.8169600000000004 0.37500000000000006 2.1201380000000003 8.6942725000000021 0.37421200000000004 0.27395300000000006 3.7458590000000007
decision_type=2 2 2 2 2 2 2 2 2 2 2 2 2 2 2
left_child=1 3 -2 8 5 -3 7 -7 9 12 -11 14 -1 -14 -5
right_child=2 4 -4 11 -6 6 -8 -9 -10 10 -12 -13 13 -15 -16
leaf_value=-0.025037587720678978 0.011579279216250713 -0.020982059720750817 0.02556018921937412 0.0061171924756023652 -0.00073177184819811427 -0.010502567755753679 -0.0051642837706471021 -0.022640785805213372 -0.021380360856017834 -0.0021356079014863802 0.0046770763560130893 0.018053590560340806 0.010533081732048364 -0.01047799307532093 -0.005317334350082195
leaf_weight=17.283283442258835 292.7150421589613 108.13082387298346 152.44186724722385 283.71688932180405 172.28796599805355 214.43743445724249 234.02089274674654 63.318511582911015 15.676420137286184 670.48352347314358 138.96529391407967 31.136064887046814 17.657042965292931 68.551988542079926 46.157649293541908
leaf_count=115 1489 1017 1249 1167 724 1593 1560 689 96 3198 597 130 89 372 189
internal_value=0 -0.00355482 0.0164135 -4.25197e-05 -0.00926528 -0.011632 -0.00961936 -0.0133409 -0.00228692 -0.00193603 -0.000961686 0.00572107 -0.00947456 -0.00610314 0.00450598
internal_weight=0 2081.82 445.157 1289.63 792.196 619.908 511.777 277.756 928.618 912.941 809.449 361.011 103.492 86.209 329.875
internal_count=14274 11536 2738 5953 5583 4859 3842 2282 4467 4371 3795 1486 576 461 1356
is_linear=0
shrinkage=0.03


Tree=58
num_leaves=16
num_cat=0
split_feature=7 6 11 8 3 8 7 10 0 10 0 1 5 3 2
split_gain=154.612 44.078 21.261 17.497 17.1934 15.3738 9.1262 14.3463 8.98272 7.50256 7.01811 6.78736 7.73774 9.40812 7.68849
threshold=0.87500000000000011 2.5000000000000004 1.0000000180025095e-35 1.0000000180025095e-35 0.37500000000000006 1.0000000180025095e-35 0.58333350000000006 0.98986000000000007 0.49928100000000003 1.8922815000000002 0.37421200000000004 0.73166750000000003 5.5000000000000009 0.37500000000000006 0.45293600000000006
decision_type=2 2 2 2 2 2 2 2 2 2 2 2 2 2 2
left_child=1 3 -2 11 10 6 7 8 -6 -8 -3 12 13 14 -1
right_child=2 4 -4 -5 5 -7 9 -9 -10 -11 -12 -13 -14 -15 -16
leaf_value=-0.016219486812720781 0.011294392010278724 -0.03386076537316407 0.025262031192280383 0.0055546385349781301 -0.014248032271366369 0.0018209839645753742 0.0095858547919071627 -0.031591986404008052 -0.0054541140955416097 -0.013492142235959086 -0.015399632904011275 0.010553603180053992 0.013680421377866089 -0.0020994222815706458 0.0048334075933021319
leaf_weight=76.737074643373489 291.14487606287003 22.44347320497036 149.66782497614622 360.78001442551613 189.89744873344898 139.86068235337734 37.658353477716446 27.207169570028782 235.74154554307461 17.882139712572098 116.4039760902524 35.014869078993797 24.152404814958572 772.53042361140251 19.043769165873528
leaf_count=440 1489 203 1249 1486 1611 561 238 233 1625 135 977 143 120 3663 101
internal_value=0 -0.00346084 0.0160832 -4.20423e-05 -0.00904932 -0.0069772 -0.00939647 -0.0108016 -0.00940169 0.00204832 -0.0186045 -0.00222273 -0.00273525 -0.00320707 -0.0120269
internal_weight=0 2075.35 440.813 1288.26 787.095 648.247 508.387 452.846 425.639 55.5405 138.847 927.479 892.464 868.311 95.7808
internal_count=14274 11536 2738 5953 5583 4403 3842 3469 3236 373 1180 4467 4324 4204 541
is_linear=0
shrinkage=0.03


Tree=59
num_leaves=16
num_cat=0
split_feature=7 6 11 3 8 8 0 1 2 6 2 2 0 10 3
split_gain=146.829 41.8868 20.9241 16.5852 16.4757 14.6169 8.84918 8.56103 8.48407 7.26915 7.38058 7.1495 6.96015 6.60163 6.69315
threshold=0.87500000000000011 2.5000000000000004 1.0000000180025095e-35 0.37500000000000006 1.0000000180025095e-35 1.0000000180025095e-35 0.56970150000000019 0.23177500000000004 0.54006950000000009 3.5000000000000004 0.15279450000000003 0.44144900000000004 0.37421200000000004 2.8169600000000004 0.37500000000000006
decision_type=2 2 2 2 2 2 2 2 2 2 2 2 2 2 2
left_child=1 4 -2 12 13 6 9 -8 11 10 -5 -9 -3 14 -1
right_child=2 3 -4 5 -6 -7 7 8 -10 -11 -12 -13 -14 -15 -16
leaf_value=-0.009004273574063984 0.01101560597832932 -0.033667372155756908 0.024965864426636564 -0.026203489463830547 0.0053911697833660607 0.0017668238085248797 -0.026769867407686204 -0.0012642669151264152 0.013452025295708084 -0.020301544840583028 -0.0079905932293720672 -0.018125002470109203 -0.01510105399846637 -0.020992894303301941 -0.00089590809208031793
leaf_weight=102.37943111360073 289.60679356753826 21.90904675424099 146.95313493907452 21.211697839200497 360.60092125833035 139.85430580377579 12.358694978058336 107.82263977825642 26.490202784538269 74.425385780632496 235.06992641091347 27.707597523927689 115.18282564729452 15.460662379860876 808.60484637320042
leaf_count=576 1489 203 1249 157 1486 561 92 702 182 807 1716 186 977 96 3795
internal_value=0 -0.00336921 0.0157578 -0.0088403 -4.05989e-05 -0.0068063 -0.00917894 -0.00368184 -0.00176731 -0.0120577 -0.00959401 -0.00481876 -0.0182905 -0.00215834 -0.00181603
internal_weight=0 2069.08 436.56 782.032 1287.05 644.94 505.086 174.379 162.02 330.707 256.282 135.53 137.092 926.445 910.984
internal_count=14274 11536 2738 5583 5953 4403 3842 1162 1070 2680 1873 888 1180 4467 4371
is_linear=0
shrinkage=0.03


Tree=60
num_leaves=16
num_cat=0
split_feature=7 6 11 3 8 8 7 10 0 10 0 1 1 4 13
split_gain=139.439 39.8022 20.5807 15.9903 15.5188 13.8995 8.70243 14.1412 8.45823 7.081 6.90261 6.53712 8.68006 6.24106 8.02255
threshold=0.87500000000000011 2.5000000000000004 1.0000000180025095e-35 0.37500000000000006 1.0000000180025095e-35 1.0000000180025095e-35 0.58333350000000006 0.98986000000000007 0.49928100000000003 1.8922815000000002 0.37421200000000004 0.41952850000000003 0.43687500000000007 0.82291650000000016 0.49535700000000005
decision_type=2 2 2 2 2 2 2 2 2 2 2 2 2 2 2
left_child=1 4 -2 10 11 6 7 8 -5 -8 -3 -1 -13 -10 -15
right_child=2 3 -4 5 -6 -7 9 -9 13 -11 -12 12 -14 14 -16
leaf_value=-0.0042162820265888058 0.010742805326706732 -0.033478882140646295 0.024671543923403965 -0.013726874746134852 0.0052325073142625699 0.0017142747418979743 0.0094974466043143673 -0.031306975885590269 -0.015080913718815377 -0.013032716613874269 -0.014806062212350968 0.015378699285989632 -0.00050305377206371976 0.0062390826354790374 -0.0069299553846178608
leaf_weight=541.67489746212959 288.10075029730797 21.384979419410229 144.29735045880079 186.2926332950592 360.42224331200123 139.8478975892067 37.706245943903923 26.389763504266739 44.776284001767635 17.60299688577652 113.99152717739344 32.964965209364891 350.88005091249943 60.403844177722931 128.71955075860023
leaf_count=2741 1489 203 1249 1611 1486 561 238 233 309 135 977 153 1573 419 897
internal_value=0 -0.00328073 0.0154372 -0.00863626 -4.00978e-05 -0.00664035 -0.00896708 -0.0103548 -0.00896773 0.00222278 -0.0179796 -0.00209682 0.000897303 -0.00513494 -0.00271322
internal_weight=0 2063.06 432.398 777.116 1285.94 641.739 501.891 446.582 420.192 55.3092 135.377 925.52 383.845 233.9 189.123
internal_count=14274 11536 2738 5583 5953 4403 3842 3469 3236 373 1180 4467 1726 1625 1316
is_linear=0
shrinkage=0.03


Tree=61
num_leaves=16
num_cat=0
split_feature=7 6 11 3 8 8 0 7 11 10 0 1 10 3 5
split_gain=132.395 37.8195 20.2314 15.4145 14.6117 13.2129 8.40028 8.02022 12.1478 9.54761 6.8453 6.43968 8.15999 6.36654 6.15186
threshold=0.87500000000000011 2.5000000000000004 1.0000000180025095e-35 0.37500000000000006 1.0000000180025095e-35 1.0000000180025095e-35 0.68054500000000007 0.58333350000000006 0.48017300000000002 2.0781285000000005 0.37421200000000004 0.63460050000000012 1.2746125000000001 0.87500000000000011 5.5000000000000009
decision_type=2 2 2 2 2 2 2 2 2 2 2 2 2 2 2
left_child=1 4 -2 10 11 6 7 8 -5 -9 -3 12 14 -13 -1
right_child=2 3 -4 5 -6 -7 -8 9 -10 -11 -12 13 -14 -15 -16
leaf_value=-0.0026155904949253916 0.010475875584920004 -0.033295044704549852 0.024378922565970577 -0.0095675481916221786 0.0050785060995758519 0.0016632891997604752 0.0026235447292748105 0.0098617461441676581 -0.026134957322043982 -0.01890137518203543 -0.014514657967718326 -0.00067551774049290261 -0.014959518977885831 0.01494501057423539 0.01346803115840501
leaf_weight=757.71857449412346 286.62659093737602 20.871253326535225 141.69998763501644 354.26858550310135 360.24425706267357 139.84147162735462 51.887223243713379 34.434827759861946 44.469556026160717 13.698188349604605 112.82955289632082 62.813497215509415 46.653400465846062 36.426644802093506 21.043796345591545
leaf_count=3672 1489 203 1249 2789 1486 561 328 221 395 109 977 270 270 151 104
internal_value=0 -0.00319348 0.0151214 -0.00843546 -3.86242e-05 -0.00647709 -0.00875825 -0.0100827 -0.011476 0.00145795 -0.0176718 -0.00203558 -0.00290469 0.00514998 -0.00216426
internal_weight=0 2057.2 428.327 772.301 1284.9 638.6 498.758 446.871 398.738 48.133 133.701 924.656 825.416 99.2401 778.762
internal_count=14274 11536 2738 5583 5953 4403 3842 3514 3184 330 1180 4467 4046 421 3776
is_linear=0
shrinkage=0.03


Tree=62
num_leaves=16
num_cat=0
split_feature=7 6 11 3 8 8 12 0 0 0 10 3 13 5 1
split_gain=125.691 35.9193 19.8764 14.859 13.7582 12.5539 8.105 8.4256 6.78808 6.31744 5.67305 5.65227 14.4423 7.37711 5.61942
threshold=0.87500000000000011 2.5000000000000004 1.0000000180025095e-35 0.37500000000000006 1.0000000180025095e-35 1.0000000180025095e-35 3.8747350000000007 0.49928100000000003 0.37421200000000004 0.35462050000000006 8.6942725000000021 0.62500000000000011 0.41001850000000001 2.5000000000000004 0.6302215000000001
decision_type=2 2 2 2 2 2 2 2 2 2 2 2 2 2 2
left_child=1 4 -2 8 9 6 7 -5 -3 11 14 -1 -13 -14 -6
right_child=2 3 -4 5 10 -7 -8 -9 -10 -11 -12 12 13 -15 -16
leaf_value=-0.01543983981368003 0.010214706729959716 -0.033115616971182413 0.024087870466977836 -0.0145048047651383 0.0021668093092015394 0.0016138191153868703 0.0025913963950940683 -0.0061453989762689934 -0.014226841389011235 -0.00088986001743673968 0.017015908561038698 0.016217836992010466 -0.016135189160624137 0.0050654829420972696 0.013511079137427457
leaf_weight=52.60544216632843 285.18409360945225 20.36783704161644 139.16047881543636 196.06553015857935 284.40225683152676 139.83504410088062 52.162241622805595 247.49049835652113 111.69637352228165 776.04777462780476 30.944412335753441 24.495185285806656 50.389537364244461 20.1730787307024 44.7205451130867
leaf_count=323 1489 203 1249 1729 1172 561 372 1741 977 3621 130 127 284 112 184
internal_value=0 -0.00310818 0.0148102 -0.00823732 -3.72555e-05 -0.00631593 -0.00855154 -0.00986483 -0.017367 -0.00197637 0.00492903 -0.00764218 -0.0032111 -0.0100881 0.0037445
internal_weight=0 2051.4 424.345 767.618 1283.78 635.553 495.718 443.556 132.064 923.711 360.067 147.663 95.0578 70.5626 329.123
internal_count=14274 11536 2738 5583 5953 4403 3842 3470 1180 4467 1486 846 523 396 1356
is_linear=0
shrinkage=0.03


Tree=63
num_leaves=16
num_cat=0
split_feature=7 6 11 1 6 2 8 2 3 13 11 2 13 10 0
split_gain=119.307 34.0992 19.5165 14.561 15.8581 15.213 12.9677 11.1071 11.4774 11.3918 10.5692 9.96158 8.15044 8.82052 7.26264
threshold=0.87500000000000011 2.5000000000000004 1.0000000180025095e-35 0.088647500000000004 3.5000000000000004 0.53675050000000013 1.0000000180025095e-35 0.48368100000000008 0.62500000000000011 0.13893150000000001 0.55220050000000009 0.22062850000000003 0.19257050000000003 0.11749550000000002 0.42741600000000007
decision_type=2 2 2 2 2 2 2 2 2 2 2 2 2 2 2
left_child=1 6 -2 -3 5 7 -1 9 -9 11 12 -5 -7 -14 -11
right_child=2 3 -4 4 -6 10 -8 8 -10 14 -12 -13 13 -15 -16
leaf_value=-0.0019196108849043102 0.009959195531657054 -0.02197305409589374 0.023798271733939311 0.024234356126514037 -0.015459379144049691 -0.010413073779945235 0.0047868252573325847 -0.034591705062451399 -0.0048842105080047615 -0.015334790543707259 -0.018226182387161838 -0.0024807140838741968 0.004249621949645916 0.023895583507978255 -0.0048886562553324079
leaf_weight=922.80741284787655 283.7730808109045 61.240051411092281 136.67820051312447 19.209853067994118 148.84102172404528 16.141257219016552 359.85247096419334 24.213862292468548 22.556810058653355 77.426067113876343 14.162462718784807 32.765688642859459 50.694165848195553 34.251361481845379 261.56506930291653
leaf_count=4467 1489 518 1249 133 1442 109 1486 162 145 612 102 232 357 159 1612
internal_value=0 -0.00302451 0.0145037 -0.00804162 -0.00679646 -0.00444106 -3.58452e-05 -0.0069916 -0.0206664 -0.00530716 0.00522314 0.0076641 0.00865479 0.012357 -0.00731265
internal_weight=0 2045.73 420.451 763.068 701.828 552.987 1282.66 437.737 46.7707 390.967 115.249 51.9755 101.087 84.9455 338.991
internal_count=14274 11536 2738 5583 5065 3623 5953 2896 307 2589 727 365 625 516 2224
is_linear=0
shrinkage=0.03


Tree=64
num_leaves=16
num_cat=0
split_feature=7 6 11 3 8 8 7 10 0 0 10 10 3 4 13
split_gain=113.235 32.3487 19.152 14.3473 12.21 11.658 7.96931 13.7977 7.62408 6.73052 6.27932 6.18585 6.31108 5.99735 7.58758
threshold=0.87500000000000011 2.5000000000000004 1.0000000180025095e-35 0.37500000000000006 1.0000000180025095e-35 1.0000000180025095e-35 0.58333350000000006 0.98986000000000007 0.49928100000000003 0.37421200000000004 1.8922815000000002 2.8169600000000004 0.37500000000000006 0.82291650000000016 0.49535700000000005
decision_type=2 2 2 2 2 2 2 2 2 2 2 2 2 2 2
left_child=1 4 -2 9 11 6 7 8 -5 -3 -8 12 -1 -10 -15
right_child=2 3 -4 5 -6 -7 10 -9 13 -11 -12 -13 -14 14 -16
leaf_value=-0.0085512393799873233 0.0097092377036483192 -0.032862923014253524 0.02351002386910565 -0.012743934740797425 0.0046458990329334305 0.0016737851161039165 0.0093662188516754029 -0.03078328507686335 -0.014349306464115648 -0.013783204075479687 -0.012074343925362632 -0.020311402827722796 -0.00064237394007830243 0.0066200791959266318 -0.0062531364270312024
leaf_weight=101.37287569046021 282.39326409995556 19.664021357893944 134.25251062959433 179.7648314088583 359.67799316346645 139.83350721001625 37.768741637468338 24.900921672582626 43.73058944195509 109.92649913579226 17.033400014042854 15.080439209938048 805.68874718248844 59.942358732223511 126.50013291835785
leaf_count=576 1489 203 1249 1611 1486 561 238 233 309 977 135 96 3795 419 897
internal_value=0 -0.00294243 0.0142018 -0.00784612 -3.47309e-05 -0.00595671 -0.00813483 -0.00949125 -0.00812614 -0.0169078 0.00260519 -0.00186345 -0.00153471 -0.00448013 -0.00210108
internal_weight=0 2040.89 416.646 759.065 1281.82 629.474 489.641 434.839 409.938 129.591 54.8021 922.142 907.062 230.173 186.442
internal_count=14274 11536 2738 5583 5953 4403 3842 3469 3236 1180 373 4467 4371 1625 1316
is_linear=0
shrinkage=0.03


Tree=65
num_leaves=16
num_cat=0
split_feature=7 6 11 1 6 2 8 2 3 13 11 2 13 10 0
split_gain=107.479 30.713 18.7834 13.9851 15.1265 14.3773 11.5008 10.7226 11.2107 10.9321 9.99332 9.27197 7.60999 8.05849 6.80652
threshold=0.87500000000000011 2.5000000000000004 1.0000000180025095e-35 0.088647500000000004 3.5000000000000004 0.53675050000000013 1.0000000180025095e-35 0.48368100000000008 0.62500000000000011 0.13893150000000001 0.55220050000000009 0.22062850000000003 0.19257050000000003 0.11749550000000002 0.42741600000000007
decision_type=2 2 2 2 2 2 2 2 2 2 2 2 2 2 2
left_child=1 6 -2 -3 5 7 -1 9 -9 11 12 -5 -7 -14 -11
right_child=2 3 -4 4 -6 10 -8 8 -10 14 -12 -13 13 -15 -16
leaf_value=-0.0018102446660236693 0.0094647272326688799 -0.021466967040082222 0.023223026119503942 0.023629164807478245 -0.014986488203273285 -0.009967100229229536 0.0045091037012049391 -0.034161724092325853 -0.0045983281429074728 -0.014805101389310319 -0.017763229434824775 -0.0021422067614810052 0.0043690217257573083 0.023154225138565739 -0.0046165949660913752
leaf_weight=921.3183119893074 281.0443772226572 59.90946526825428 131.88271123170853 19.334320105612278 146.17682949453592 15.946882598102091 359.50508871674538 23.635163262486458 22.398803278803825 76.035109870135784 13.893770471215246 32.494058340787888 50.561848148703575 34.332516252994537 259.97089245915413
leaf_count=4467 1489 518 1249 133 1442 109 1486 162 145 612 102 232 357 159 1612
internal_value=0 -0.00286427 0.0139044 -0.00766063 -0.006441 -0.0041409 -3.43784e-05 -0.00663592 -0.0201806 -0.00498047 0.00526979 0.00773697 0.00858651 0.0121472 -0.00695925
internal_weight=0 2035.51 412.927 754.69 694.78 548.603 1280.82 433.868 46.034 387.834 114.735 51.8284 100.841 84.8944 336.006
internal_count=14274 11536 2738 5583 5065 3623 5953 2896 307 2589 727 365 625 516 2224
is_linear=0
shrinkage=0.03


Tree=66
num_leaves=16
num_cat=0
split_feature=7 6 11 3 8 8 7 10 0 0 1 5 3 2 10
split_gain=101.987 29.1297 18.4113 13.8353 10.8294 10.8286 7.66374 13.5281 7.14203 6.67174 6.08922 6.98802 8.19768 7.48352 6.51189
threshold=0.87500000000000011 2.5000000000000004 1.0000000180025095e-35 0.37500000000000006 1.0000000180025095e-35 1.0000000180025095e-35 0.58333350000000006 0.98986000000000007 0.49928100000000003 0.37421200000000004 0.73166750000000003 5.5000000000000009 0.37500000000000006 0.45293600000000006 1.7338220000000002
decision_type=2 2 2 2 2 2 2 2 2 2 2 2 2 2 2
left_child=1 5 -2 9 6 10 7 8 -5 -3 11 12 13 -1 -14
right_child=2 3 -4 4 -6 -7 -8 -9 -10 -11 -12 -13 14 -15 -16
leaf_value=-0.01524713204196582 0.0092255790471851857 -0.032621206006263143 0.022937193835738896 -0.012254195850754469 0.0017279674659801375 0.0043763158307022921 0.0028120515966371285 -0.030500277909392162 -0.0042052214048625639 -0.013351715453971602 0.010337606944910248 0.013322052138551407 -0.0011303159586171082 0.0056522108584362383 -0.015818212946476638
leaf_weight=74.794368468225002 279.72606517374516 18.98636444658041 129.56805785745382 176.60104887187481 139.81502440571785 359.33391430974007 54.528445869684219 24.11358654499054 228.58618358522654 108.23543699085712 35.031863912940025 24.23767015337944 740.61756829917431 18.795053705573082 27.213186353445053
leaf_count=440 1489 203 1249 1611 561 1486 373 233 1625 977 143 120 3499 101 164
internal_value=0 -0.0027863 0.0136115 -0.00747311 -0.0056165 -3.33089e-05 -0.00773807 -0.00908153 -0.0077349 -0.0164594 -0.00175721 -0.00224674 -0.00269973 -0.0110346 -0.00167078
internal_weight=0 2030.89 409.294 750.866 623.644 1280.02 483.829 429.301 405.187 127.222 920.69 885.658 861.42 93.5894 767.831
internal_count=14274 11536 2738 5583 4403 5953 3842 3469 3236 1180 4467 4324 4204 541 3663
is_linear=0
shrinkage=0.03


Tree=67
num_leaves=16
num_cat=0
split_feature=7 6 8 11 11 3 0 0 4 12 2 10 12 2 1
split_gain=96.7761 27.8825 18.1175 18.0362 14.1216 12.983 9.49002 9.41032 8.12973 7.69036 8.11688 6.52089 6.29836 5.99012 5.9163
threshold=0.87500000000000011 3.5000000000000004 1.0000000180025095e-35 1.0000000180025095e-35 2.7466335000000002 0.37500000000000006 0.37421200000000004 0.6026585000000001 0.92708350000000006 1.5295250000000002 0.46055850000000004 0.34825400000000006 7.6933110000000005 0.038942000000000004 0.27249050000000002
decision_type=2 2 2 2 2 2 2 2 2 2 2 2 2 2 2
left_child=1 2 4 -2 5 6 -1 9 -3 -7 -11 -4 13 -9 -8
right_child=3 8 11 -5 -6 7 14 12 -10 10 -12 -13 -14 -15 -16
leaf_value=-0.02715267471061205 0.0089916895371820824 -0.023295232060291705 0.015941566821904538 0.02265245494667625 -0.02312235451878621 -0.0050761413553805828 0.003050264182578958 0.016135008387133956 -0.0092279533676215813 0.0059806370018731757 -0.0085303423239864711 0.0022719888098569254 0.018812309705409067 0.00017853220814598316 -0.011172141955376186
leaf_weight=26.090813606977463 278.43799513578415 60.963255323469639 32.724533274769783 127.30778743326664 31.157422140240669 658.13155760616064 34.660089857876301 21.789093866944313 97.701480641961098 125.97592280060053 46.771630354225636 468.06067533791065 18.64988899230957 299.1158681511879 103.82680734246969
leaf_count=232 1489 640 136 1249 228 3871 262 92 968 648 259 1948 83 1451 718
internal_value=0 -0.00271164 -0.00168163 0.0133231 -0.00347033 -0.00299471 -0.0108587 -0.00188061 -0.014745 -0.00359903 0.00202529 0.00319524 0.00232251 0.00130872 -0.00761625
internal_weight=0 2025.62 1866.95 405.746 1366.17 1335.01 164.578 1170.43 158.665 830.879 172.748 500.785 339.555 320.905 138.487
internal_count=14274 11536 9928 2738 7844 7616 1212 6404 1608 4778 907 2084 1626 1543 980
is_linear=0
shrinkage=0.03


Tree=68
num_leaves=16
num_cat=0
split_feature=7 6 11 1 6 2 2 4 1 2 0 1 11 8 13
split_gain=91.8107 26.8953 17.6585 13.4146 13.7007 13.6111 10.3817 11.1967 9.78134 10.3438 9.64669 10.9727 9.36992 8.02621 7.13837
threshold=0.87500000000000011 2.5000000000000004 1.0000000180025095e-35 0.088647500000000004 3.5000000000000004 0.53675050000000013 0.44498500000000007 0.89583350000000006 0.63460050000000012 0.111363 0.44338900000000009 0.18665800000000002 0.55220050000000009 1.0000000180025095e-35 0.19257050000000003
decision_type=2 2 2 2 2 2 2 2 2 2 2 2 2 2 2
left_child=1 8 -2 -3 5 6 10 -8 9 -1 11 -5 14 -11 -7
right_child=2 3 -4 4 -6 12 7 -9 -10 13 -12 -13 -14 -15 -16
leaf_value=-0.0065813614951243877 0.0087629672844481976 -0.020876467845206199 0.022368736426009391 0.0040909197606705475 -0.014233808097570357 -0.0095220986094415073 -0.029791238882263 -0.0071581735345305608 0.0073048407547397168 -0.0012468566359474884 -0.00080167812439459955 -0.018448015073588356 -0.017188670822121482 0.0050553698455883386 0.012018114537433473
leaf_weight=231.37487708032131 277.17978991568089 58.310792177915573 125.1011089682579 26.771284125745296 142.19624305516481 15.739373393356798 30.636669673025608 54.415307387709618 145.28854857385159 648.86291224509478 250.36571678519249 67.046044610440731 13.572045393288134 251.56380096077919 84.68809300661087
leaf_count=1121 1489 518 1249 224 1442 109 217 352 612 3179 1565 538 102 1041 516
internal_value=0 -0.00263775 0.0130391 -0.00716876 -0.00597391 -0.00378963 -0.0062347 -0.0155623 4.52943e-06 -0.000938227 -0.00389132 -0.0120411 0.00539082 0.000517532 0.00858165
internal_weight=0 2020.83 402.281 743.742 685.431 543.235 429.235 85.052 1277.09 1131.8 344.183 93.8173 114 900.427 100.427
internal_count=14274 11536 2738 5583 5065 3623 2896 569 5953 5341 2327 762 727 4220 625
is_linear=0
shrinkage=0.03


Tree=69
num_leaves=16
num_cat=0
split_feature=7 6 11 3 8 1 2 8 7 10 1 0 2 13 2
split_gain=87.096 25.4986 17.2789 12.941 9.92706 9.20228 9.75475 7.5576 7.41078 13.1755 7.08021 10.6283 8.10597 9.21001 9.01091
threshold=0.87500000000000011 2.5000000000000004 1.0000000180025095e-35 0.37500000000000006 1.0000000180025095e-35 0.63460050000000012 0.111363 1.0000000180025095e-35 0.58333350000000006 0.98986000000000007 0.17288350000000005 0.30093550000000008 0.093707500000000013 0.25652200000000008 0.054539500000000012
decision_type=2 2 2 2 2 2 2 2 2 2 2 2 2 2 2
left_child=1 5 -2 -3 8 6 10 -8 9 -5 -1 -12 13 14 -13
right_child=2 3 -4 4 -6 -7 7 -9 -10 -11 11 12 -14 -15 -16
leaf_value=0.011356618338445805 0.0085393221725898194 -0.015810998226852804 0.022085985534754136 -0.0072692916883079087 0.0018227747263539239 0.0070824964513964139 -0.0012101109117796825 0.0049069641793674738 0.0031488430915173398 -0.030154163837897711 -0.025691380769408838 0.020496111290572428 -0.019392423229278984 -0.0070216343767028804 -0.0068375863021574732
leaf_weight=17.765388354659081 275.95107232034206 123.800945751369 122.94720355421305 399.50851996243 139.79291912913322 145.38407723605633 648.54445510357618 251.42922446131706 54.116409927606583 23.156532168388367 25.612096473574638 24.889740124344826 30.03655968606472 114.62133051455021 18.016497015953064
leaf_count=97 1489 1180 1249 3236 561 612 3179 1041 373 233 141 117 142 540 84
internal_value=0 -0.00256591 0.0127594 -0.00699089 -0.00519718 4.46421e-06 -0.000910901 0.00050239 -0.00725495 -0.0085913 -0.00639688 -0.00792251 -0.00537278 -0.00259411 0.00912426
internal_weight=0 2016.67 398.898 740.375 616.574 1276.3 1130.92 899.974 476.781 422.665 230.942 213.176 187.564 157.528 42.9062
internal_count=14274 11536 2738 5583 4403 5953 5341 4220 3842 3469 1121 1024 883 741 201
is_linear=0
shrinkage=0.03


Tree=70
num_leaves=16
num_cat=0
split_feature=7 6 11 11 1 1 13 10 3 1 11 4 1 4 2
split_gain=82.6128 24.7521 16.8977 15.82 13.4682 16.4686 11.8216 11.6435 9.51487 14.3462 9.35102 8.02304 7.11119 6.611 6.36374
threshold=0.87500000000000011 3.5000000000000004 1.0000000180025095e-35 2.7466335000000002 0.55230650000000014 0.54212850000000012 0.26115550000000004 1.0000000180025095e-35 0.87500000000000011 0.6391285000000001 0.51780850000000012 0.92708350000000006 0.61113550000000016 0.71875000000000011 0.19187950000000001
decision_type=2 2 2 2 2 2 2 2 2 2 2 2 2 2 2
left_child=1 3 -2 4 5 7 12 -1 -8 -10 13 -3 -6 -9 -12
right_child=2 11 -4 -5 6 -7 8 10 9 -11 14 -13 -14 -15 -16
leaf_value=-0.0044818676173621454 0.0083206644797549079 -0.02266114520043553 0.02180414681871375 -0.022639995902392764 0.024666210530465492 -0.025851024563264543 -0.0044095284765491632 -0.0037078150211675024 -0.0047800149801454925 0.018510472776184818 -0.017535084956988467 -0.0084911608154972576 0.0068508085235738075 0.00409202649607364 -0.0025136369729919718
leaf_weight=769.40455828607082 274.75144296884537 58.797767080366611 120.84523367136717 30.422426335513592 33.075182728469372 25.335132218897343 128.72311187535524 122.93946304172277 42.65550197660923 51.917082190513611 32.861763417720795 95.581082507967949 52.207851804792881 464.94674854725599 103.15383083373308
leaf_count=4643 1489 640 1249 228 155 127 593 593 193 221 200 968 236 2074 665
internal_value=0 -0.00249616 0.0124841 -0.00153319 -0.00116958 -0.00233087 0.00453471 -0.0019148 0.000886457 0.00806556 0.000816039 -0.0139991 0.0139659 0.00245739 -0.00624435
internal_weight=0 2012.02 395.597 1857.64 1827.22 1518.64 308.579 1493.31 223.296 94.5726 723.902 154.379 85.283 587.886 136.016
internal_count=14274 11536 2738 9928 9700 8302 1398 8175 1007 414 3532 1608 391 2667 865
is_linear=0
shrinkage=0.03


Tree=71
num_leaves=16
num_cat=0
split_feature=7 6 11 11 3 0 10 1 2 2 14 4 13 2 1
split_gain=78.3497 23.6078 16.5155 15.1667 13.2539 13.5039 10.672 10.3294 7.8486 10.3003 8.43149 8.26513 10.3842 8.21212 7.83814
threshold=0.87500000000000011 3.5000000000000004 1.0000000180025095e-35 2.7466335000000002 0.37500000000000006 0.37421200000000004 1.0000000180025095e-35 0.26846550000000008 0.45855650000000003 0.53675050000000013 0.87500000000000011 0.89583350000000006 0.7249850000000001 0.60206250000000006 0.39125400000000005
decision_type=2 2 2 2 2 2 2 2 2 2 2 2 2 2 2
left_child=1 3 -2 4 5 -1 -6 -7 10 11 -8 -10 -13 -11 -9
right_child=2 -3 -4 -5 6 7 8 14 9 13 -12 12 -14 -15 -16
leaf_value=-0.025088673402340632 0.0081069056210530156 -0.013719887445606153 0.021523185626631091 -0.022310098854383807 -0.0025422331101690866 0.0074440277360049364 -0.0055442680165160504 -0.01725605418501237 -0.026662910492045895 0.0125000145259755 0.0053814167869431538 0.0083566105679882645 -0.019717574701740591 -0.0038696688237903742 -0.0031951767387656538
leaf_weight=33.747339822351933 273.58045810461044 152.88212768733501 118.79433388262987 29.967824511229992 819.8179984241724 46.750835612416267 71.607549920678139 56.961108677089214 22.506150171160698 43.885130643844604 518.68094784021378 24.84583405405283 21.001230634748936 70.695399723947048 94.357361003756523
leaf_count=273 1489 1608 1249 228 4580 315 346 380 107 208 2355 123 104 342 567
internal_value=0 -0.00242788 0.0122132 -0.00149026 -0.00113632 -0.00782233 -0.000159086 -0.00476922 0.00236769 -0.0030497 0.00404889 -0.0121778 -0.00464975 0.00245394 -0.00856668
internal_weight=0 2007.71 392.375 1854.82 1824.86 231.817 1593.04 198.069 773.222 182.934 590.288 68.3532 45.8471 114.581 151.318
internal_count=14274 11536 2738 9928 9700 1535 8165 1262 3585 884 2701 334 227 550 947
is_linear=0
shrinkage=0.03


Tree=72
num_leaves=16
num_cat=0
split_feature=7 6 11 1 6 2 2 13 3 11 2 1 2 0 5
split_gain=74.3032 22.8238 16.1328 13.0208 11.7705 12.7354 9.97388 10.9296 10.8424 8.75235 8.59716 8.04423 9.23378 6.8663 7.88012
threshold=0.87500000000000011 2.5000000000000004 1.0000000180025095e-35 0.088647500000000004 3.5000000000000004 0.53675050000000013 0.48368100000000008 0.13893150000000001 0.62500000000000011 0.55220050000000009 0.22062850000000003 0.63460050000000012 0.111363 0.53242800000000012 5.5000000000000009
decision_type=2 2 2 2 2 2 2 2 2 2 2 2 2 2 2
left_child=1 11 -2 -3 5 6 7 10 -8 -7 -5 12 -1 14 -6
right_child=2 3 -4 4 13 9 8 -9 -10 -11 -12 -13 -14 -15 -16
leaf_value=-0.006144188710992358 0.0078979600007877109 -0.02027071330037878 0.021243065574624815 0.02397834205976275 -0.023643686794604362 0.0085686120247390751 -0.033252399793331243 -0.0061732119195568209 -0.0037215501745913137 -0.016598892201600372 -0.0010589494148027961 0.0066822447489185074 0.00058372447610022975 -0.0062290841541956772 0.0054282750663319753
leaf_weight=229.77764385938644 272.43769615888596 56.743888795375824 116.79363875091076 19.154899217188358 60.625398464500904 100.14773497730494 22.476489059627056 328.84868530184031 21.92175268381834 13.24137696623802 31.639481693506241 145.41228030622005 897.32580151408911 67.20969994366169 9.3287800773978216
leaf_count=1121 1489 518 1249 133 708 625 162 2224 145 102 232 612 4220 630 104
internal_value=0 -0.00236164 0.0119465 -0.00658102 -0.00540121 -0.00338606 -0.00577229 -0.0041706 -0.0190746 0.00551018 0.00866344 6.65842e-05 -0.000792096 -0.0132152 -0.0197449
internal_weight=0 2003.85 389.231 731.338 674.594 537.43 424.041 379.643 44.3982 113.389 50.7944 1272.52 1127.1 137.164 69.9542
internal_count=14274 11536 2738 5583 5065 3623 2896 2589 307 727 365 5953 5341 1442 812
is_linear=0
shrinkage=0.03


Tree=73
num_leaves=16
num_cat=0
split_feature=8 11 6 11 3 0 12 0 3 14 13 1 13 1 4
split_gain=70.4746 30.7644 20.8813 12.3685 11.5102 9.00391 7.9457 7.1407 6.13379 8.7555 14.6007 8.31917 12.4582 11.5563 15.6168
threshold=1.0000000180025095e-35 1.0000000180025095e-35 3.5000000000000004 2.7931225000000004 0.37500000000000006 0.37421200000000004 2.1201380000000003 0.6026585000000001 0.87500000000000011 0.87500000000000011 0.58162700000000012 0.36175950000000007 0.15252450000000004 0.28093200000000007 0.85416650000000016
decision_type=2 2 2 2 2 2 2 2 2 2 2 2 2 2 2
left_child=2 8 3 4 5 -1 7 -6 9 10 -2 13 -13 -11 -15
right_child=1 -3 -4 -5 6 -7 -8 -9 -10 11 -12 12 -14 14 -16
leaf_value=-0.02641762199719884 0.0023022531319761576 0.020963759084640914 -0.01593746333102794 -0.022312103841527643 -0.0043455952409740756 -0.0069450326300859785 0.0038505844836968254 0.0013275121251548304 0.0083958451117554529 0.0045759763982882442 -0.024924388976383816 0.021671204582689389 0.0046609844046999506 -0.024249281535968437 0.0034182865416864539
leaf_weight=24.697464480996132 54.684268429875374 114.8422642275691 121.78982810676098 28.251606404781342 677.42250330746174 135.95654274523258 202.45108577609062 282.41815353929996 241.42479926347733 168.62499089539051 25.125587552785873 48.055023655295372 188.8210955709219 33.797711029648781 38.416893616318703
leaf_count=232 257 1249 1482 220 4028 980 1013 1371 1125 778 113 223 871 157 175
internal_value=0 0.00651059 -0.0040897 -0.0030108 -0.00258208 -0.0100835 -0.00153745 -0.00267673 0.00440946 0.0026713 -0.00647155 0.00420908 0.00818844 0.000277534 -0.00968497
internal_weight=0 913.793 1472.99 1351.2 1322.95 160.654 1162.29 959.841 798.95 557.526 79.8099 477.716 236.876 240.84 72.2146
internal_count=14274 4948 9326 7844 7624 1212 6412 5399 3699 2574 370 2204 1094 1110 332
is_linear=0
shrinkage=0.03


Tree=74
num_leaves=16
num_cat=0
split_feature=7 6 11 1 8 6 1 2 1 0 2 13 2 2 2
split_gain=67.4483 20.9835 15.1983 12.52 11.0638 9.76189 7.31787 8.71404 6.81746 10.1355 7.68077 8.41742 8.43291 6.48831 9.16899
threshold=0.87500000000000011 2.5000000000000004 1.0000000180025095e-35 0.088647500000000004 1.0000000180025095e-35 3.5000000000000004 0.63460050000000012 0.111363 0.17288350000000005 0.30093550000000008 0.093707500000000013 0.25652200000000008 0.054539500000000012 0.12621600000000002 0.17813500000000002
decision_type=2 2 2 2 2 2 2 2 2 2 2 2 2 2 2
left_child=1 6 -2 -3 5 -5 7 8 -1 -10 11 12 -11 -8 -15
right_child=2 3 -4 4 -6 -7 13 -9 9 10 -12 -13 -14 14 -16
leaf_value=0.011498615221278066 0.0075687554584284314 -0.019859990369669761 0.020685246141066031 -0.0051174189882264524 0.0018039490315790068 -0.015238515173486138 0.011318025013267232 0.0005955900010889241 -0.02499624191744472 0.019927112865515 -0.018698885452079948 -0.0065255213554773249 -0.006567033853455073 -0.016874794391512075 0.0077955532444209446
leaf_weight=17.683817729353905 270.63706029951572 55.731417305767536 112.93933556973934 404.23934586346149 156.95218512415886 108.62646900117397 90.004464790225029 896.14730732142925 25.083289124071598 24.875431150197983 29.703132852911949 113.71363148093224 17.904560282826424 20.973458752036095 34.435804545879364
leaf_count=97 1489 518 1249 3068 671 1326 378 4220 141 117 142 540 84 89 145
internal_value=0 -0.00224561 0.0114745 -0.00631213 -0.00515697 -0.00728658 7.97592e-05 -0.000740619 -0.00595029 -0.00745802 -0.00497447 -0.00226733 0.00894189 0.00638898 -0.00167625
internal_weight=0 1996.07 383.576 725.549 669.818 512.866 1270.52 1125.11 228.964 211.28 186.197 156.494 42.78 145.414 55.4093
internal_count=14274 11536 2738 5583 5065 4394 5953 5341 1121 1024 883 741 201 612 234
is_linear=0
shrinkage=0.03


Tree=75
num_leaves=16
num_cat=0
split_feature=7 6 11 1 8 6 8 2 3 1 1 13 1 11 13
split_gain=63.9387 19.877 14.8238 12.0213 10.4919 9.41335 7.11898 6.29924 7.64038 8.13062 9.25475 8.16449 10.8055 6.38618 6.35777
threshold=0.87500000000000011 2.5000000000000004 1.0000000180025095e-35 0.088647500000000004 1.0000000180025095e-35 3.5000000000000004 1.0000000180025095e-35 0.53675050000000013 0.62500000000000011 0.35175550000000005 0.38329850000000004 0.23985550000000003 0.28795900000000002 0.55220050000000009 0.19257050000000003
decision_type=2 2 2 2 2 2 2 2 2 2 2 2 2 2 2
left_child=1 6 -2 -3 5 7 -1 8 9 11 -11 12 -5 -9 -10
right_child=2 3 -4 4 -6 -7 -8 13 14 10 -12 -13 -14 -15 -16
leaf_value=-0.0013300901207966079 0.0073720371516639649 -0.019514190428744967 0.020407516543023106 0.0077020145338719337 0.0017499470425727402 -0.014971874625584186 0.0036565969716924004 0.0060964753555806913 0.018084906325911195 0.01845665512590405 -0.0092404555044704739 -0.026759336419124896 -0.029420133739966808 -0.01611792058365975 -0.004029981945760085
leaf_weight=912.37342431396246 269.56620657444 55.045634657144547 111.08393150568008 18.416335932910446 156.97229255735874 107.28257095813751 357.89446766674519 68.916296452283859 11.666177429258822 11.864742256700991 69.968165256083012 44.545531570911407 10.149792730808256 12.991940528154371 154.34172403812408
leaf_count=4467 1489 518 1249 179 671 1326 1486 494 80 95 514 398 85 102 1121
internal_value=0 -0.00218357 0.0112196 -0.0061539 -0.00502394 -0.00710763 7.66663e-05 -0.00498148 -0.00687228 -0.0116425 -0.00505038 -0.0188533 -0.00603676 0.00242101 -0.00237688
internal_weight=0 1992.43 380.65 722.161 667.116 510.143 1270.27 402.861 320.952 154.945 81.8329 73.1117 28.5661 81.9082 166.008
internal_count=14274 11536 2738 5583 5065 4394 5953 3068 2472 1271 609 662 264 596 1201
is_linear=0
shrinkage=0.03


Tree=76
num_leaves=16
num_cat=0
split_feature=7 6 11 3 1 8 7 10 13 1 2 0 1 0 2
split_gain=60.6093 18.8431 14.4503 11.8696 8.5711 7.77362 8.23711 12.7606 7.18543 6.87644 8.22679 6.72903 6.44367 9.71697 7.2988
threshold=0.87500000000000011 2.5000000000000004 1.0000000180025095e-35 0.37500000000000006 0.092558500000000016 1.0000000180025095e-35 0.58333350000000006 0.96695650000000011 0.8561740000000001 0.63460050000000012 0.111363 0.37421200000000004 0.17288350000000005 0.30093550000000008 0.093707500000000013
decision_type=2 2 2 2 2 2 2 2 2 2 2 2 2 2 2
left_child=1 9 -2 11 8 6 7 -6 -5 10 12 -3 -1 -14 -15
right_child=2 3 -4 4 5 -7 -8 -9 -10 -11 -12 -13 13 14 -16
leaf_value=0.01113666669945669 0.0071798330076222683 -0.031921261785945801 0.02013056338112356 -0.021833144045573294 -0.005302735063501385 0.0032401168563428659 0.0063627927197613615 -0.029338114224494019 0.0070742334235837133 0.0061897592093954831 0.00057598626145651888 -0.011537569051604435 -0.024536809365856629 -0.0022027949513308571 -0.018259487335205528
leaf_weight=17.754060409963131 268.52191440761089 16.703704908490181 109.27515868097544 38.855390205979347 355.80083018541336 128.44841602444649 48.607185862958431 20.138770021498203 9.0894085094332677 145.43055924773216 895.83747629076242 101.18033707141876 24.805953599512577 156.28918473422527 29.532800935208797
leaf_count=97 1489 203 1249 353 2905 516 335 216 78 612 4220 977 141 741 142
internal_value=0 -0.00212385 0.010969 -0.0060014 -0.00427936 -0.00320783 -0.00516172 -0.00666471 -0.0163203 7.4457e-05 -0.000721425 -0.0146701 -0.0057909 -0.00726362 -0.00483877
internal_weight=0 1988.47 377.797 718.824 600.94 552.995 424.547 375.94 47.9448 1269.65 1124.22 117.884 228.382 210.628 185.822
internal_count=14274 11536 2738 5583 4403 3972 3456 3121 431 5953 5341 1180 1121 1024 883
is_linear=0
shrinkage=0.03


Tree=77
num_leaves=16
num_cat=0
split_feature=8 11 6 11 3 0 12 0 13 2 3 14 13 1 13
split_gain=57.7344 26.5424 17.9533 11.7906 10.6734 8.68783 7.35403 6.22659 5.82326 6.63069 5.76185 8.25112 13.7881 7.65282 11.845
threshold=1.0000000180025095e-35 1.0000000180025095e-35 3.5000000000000004 2.7466335000000002 0.37500000000000006 0.37421200000000004 2.1201380000000003 0.6026585000000001 0.39454700000000004 0.46327700000000005 0.87500000000000011 0.87500000000000011 0.58162700000000012 0.36175950000000007 0.15252450000000004
decision_type=2 2 2 2 2 2 2 2 2 2 2 2 2 2 2
left_child=2 10 3 4 5 -1 7 -6 9 -8 11 12 -2 -13 -15
right_child=1 -3 -4 -5 6 -7 8 -9 -10 -11 -12 13 -14 14 -16
leaf_value=-0.0259587172237663 0.0020157953296463874 0.019854384396260805 -0.01497667253250326 -0.021431527386825223 -0.0039739719375580379 -0.0065258830827182781 0.016085676377042335 0.0013377947647593945 0.00024363465177113983 -0.0057459201727997067 0.0079047896254853065 5.948736836479696e-05 -0.024466639871802864 0.020870092877480872 0.00422383360395155
leaf_weight=23.783722676336765 54.416676074266434 107.51212374120951 116.30927867814898 28.695019438862801 671.69337685406208 134.33012875914574 51.964935265481472 281.24000627547503 134.2819227129221 15.8271372243762 239.61706341803074 239.69597658514977 25.124407038092613 47.649707421660423 187.82104198634624
leaf_count=232 257 1249 1482 228 4024 980 253 1367 676 84 1125 1110 113 223 871
internal_value=0 0.00593262 -0.00371952 -0.00273332 -0.00230872 -0.00959377 -0.001304 -0.00240655 0.00388158 0.0109793 0.00402571 0.00233886 -0.00654905 0.00383729 0.00766637
internal_weight=0 901.837 1458.13 1341.82 1313.12 158.114 1155.01 952.933 202.074 67.7921 794.325 554.708 79.5411 475.167 235.471
internal_count=14274 4948 9326 7844 7616 1212 6404 5391 1013 337 3699 2574 370 2204 1094
is_linear=0
shrinkage=0.03


Tree=78
num_leaves=16
num_cat=0
split_feature=7 6 11 3 1 8 7 10 13 0 1 11 10 2 4
split_gain=55.0133 17.3045 13.5561 11.22 8.17247 7.04157 7.79918 12.3831 6.90268 6.62328 6.247 7.92469 9.45241 6.60177 7.1397
threshold=0.87500000000000011 2.5000000000000004 1.0000000180025095e-35 0.37500000000000006 0.092558500000000016 1.0000000180025095e-35 0.58333350000000006 0.96695650000000011 0.8561740000000001 0.37421200000000004 0.63460050000000012 1.2767425000000003 8.6942725000000021 0.109366 0.96875000000000011
decision_type=2 2 2 2 2 2 2 2 2 2 2 2 2 2 2
left_child=1 10 -2 9 8 6 7 -6 -5 -3 11 12 13 -1 -15
right_child=2 3 -4 4 5 -7 -8 -9 -10 -11 -12 -13 -14 14 -16
leaf_value=-0.0053881912966984979 0.0068812447692894151 -0.031721372574789963 0.01957898800835163 -0.021417362163322105 -0.0050531819459056779 0.003094392881184284 0.0062931371598724797 -0.029070204111777537 0.0069594976147152026 -0.011168283028353652 0.0059116000443806159 -0.01299396943049178 0.017036769092338234 -0.0023680607071125109 0.0031578428509362005
leaf_weight=208.2627030685544 266.89570423960686 16.056532267481089 105.79389610886574 38.170837409794331 353.32763530313969 128.39087851345539 48.640907980501652 19.5144013017416 9.0904768556356412 99.826371550559998 145.41695433855057 44.12169836461544 27.018028751015663 395.62412165850401 447.3153088092804
leaf_count=1017 1489 203 1249 353 2905 516 335 216 78 977 612 270 115 1894 2045
internal_value=0 -0.00202059 0.0105285 -0.00575599 -0.00408397 -0.00303891 -0.00491012 -0.00638462 -0.0159281 -0.0142631 8.31655e-05 -0.00067659 -0.000160979 -0.000618767 0.000564589
internal_weight=0 1980.78 372.69 713.018 597.135 549.874 421.483 372.842 47.2613 115.883 1267.76 1122.34 1078.22 1051.2 842.939
internal_count=14274 11536 2738 5583 4403 3972 3456 3121 431 1180 5953 5341 5071 4956 3939
is_linear=0
shrinkage=0.03


Tree=79
num_leaves=16
num_cat=0
split_feature=7 6 11 11 3 0 1 13 4 1 3 0 2 10 13
split_gain=52.1333 16.8168 13.1948 12.8341 10.6946 11.9954 10.1862 9.80454 12.8115 11.8072 10.7549 8.95357 8.91872 8.73806 8.54457
threshold=0.87500000000000011 3.5000000000000004 1.0000000180025095e-35 2.7466335000000002 0.37500000000000006 0.37421200000000004 0.26846550000000008 0.37821950000000004 0.85416650000000016 0.6391285000000001 0.87500000000000011 0.56497300000000006 0.089436500000000016 0.16783800000000001 0.36032850000000005
decision_type=2 2 2 2 2 2 2 2 2 2 2 2 2 2 2
left_child=1 3 -2 4 5 -1 -7 11 -9 12 -11 14 -10 -14 -6
right_child=2 -3 -4 -5 7 6 -8 8 9 10 -12 -13 13 -15 -16
leaf_value=-0.023882629372222616 0.0067003993338829891 -0.011871271909406853 0.019304384928924299 -0.020968455729731644 -0.0012464556208162422 0.0080780577884335975 -0.0079388108563204184 -0.0090824852277415942 -0.0095485155196523494 -0.0031874269991762237 0.020034825275668234 0.0081559859539571278 -0.0028826142420471765 0.0038136425473612851 0.018454287131322161
leaf_weight=31.381053179502487 265.91830818355083 142.09518870338798 104.1195917353034 28.068189017474651 285.5242605060339 46.066856130957603 148.5782692655921 173.24698194861412 100.72017511725426 28.719443768262863 45.802262037992477 209.50506362318993 414.47621290385723 302.50389352440834 20.285774037241936
leaf_count=273 1489 1608 1249 228 1563 315 947 899 504 126 196 958 2373 1435 111
internal_value=0 -0.00196536 0.0102893 -0.00119218 -0.000873536 -0.00696223 -0.00412617 8.992e-07 -0.00164199 -0.000188679 0.0111616 0.00339434 -0.00123547 -5.59936e-05 0.000116274
internal_weight=0 1976.97 370.038 1834.88 1806.81 226.026 194.645 1580.78 1065.47 892.222 74.5217 515.315 817.7 716.98 305.81
internal_count=14274 11536 2738 9928 9700 1535 1262 8165 5533 4634 322 2632 4312 3808 1674
is_linear=0
shrinkage=0.03


Tree=80
num_leaves=16
num_cat=0
split_feature=8 11 6 11 3 0 12 13 1 1 1 2 0 13 2
split_gain=49.8714 23.6427 16.2611 10.6996 9.43364 8.15186 6.77114 5.78133 5.47402 6.40645 6.32231 7.13286 5.45265 5.36155 6.16074
threshold=1.0000000180025095e-35 1.0000000180025095e-35 3.5000000000000004 2.7931225000000004 0.37500000000000006 0.37421200000000004 2.1201380000000003 0.7249850000000001 0.27249050000000002 0.39125400000000005 0.43214900000000006 0.099631500000000012 0.6026585000000001 0.39454700000000004 0.46327700000000005
decision_type=2 2 2 2 2 2 2 2 2 2 2 2 2 2 2
left_child=2 -2 3 4 5 -1 12 -4 -7 -10 -11 -12 -6 14 -8
right_child=1 -3 7 -5 6 8 13 -9 9 10 11 -13 -14 -15 -16
leaf_value=-0.025319533480459469 0.0037720312984674551 0.0190305879900774 -0.018530489300756819 -0.021048878582258474 -0.0037404849726859093 0.0042434674300220734 0.015457438473178578 -0.0032988542808650525 -0.019220973647423124 0.015448160519560546 0.0089439247784976906 -0.015422734002972272 0.0012290148149736026 0.00026989844232206566 -0.0055953031051887304
leaf_weight=22.66510097309947 790.70903323590755 102.48830796033144 81.437109753489494 26.533940739929676 668.62428753823042 33.680147103965282 52.229662157595158 31.493861358612776 37.649472497403622 11.700628645718096 14.636341057717798 35.251104071736336 281.98396950960159 134.15649312734604 15.779986813664435
leaf_count=232 3699 1249 1084 220 4028 262 253 398 292 85 86 255 1371 676 84
internal_value=0 0.00554217 -0.00346753 -0.00253692 -0.0021457 -0.00905556 -0.00120608 -0.014349 -0.00611387 -0.00963631 -0.00356361 -0.00823859 -0.00226661 0.00376728 0.0105624
internal_weight=0 893.197 1447.82 1334.89 1308.36 155.583 1152.77 112.931 132.918 99.2375 61.5881 49.8874 950.608 202.166 68.0096
internal_count=14274 4948 9326 7844 7624 1212 6412 1482 980 718 426 341 5399 1013 337
is_linear=0
shrinkage=0.03


Tree=81
num_leaves=16
num_cat=0
split_feature=7 6 11 1 2 1 6 3 1 13 13 13 0 13 13
split_gain=47.3221 15.6583 12.337 10.6968 8.93849 13.6628 8.52981 8.17944 13.3731 12.9034 13.6831 11.2532 11.4348 8.52135 8.76473
threshold=0.87500000000000011 2.5000000000000004 1.0000000180025095e-35 0.088647500000000004 0.53675050000000013 0.34683550000000002 3.5000000000000004 0.62500000000000011 0.35175550000000005 0.24331000000000005 0.19257050000000003 0.090452500000000005 0.49268100000000009 0.23341650000000003 0.36383600000000005
decision_type=2 2 2 2 2 2 2 2 2 2 2 2 2 2 2
left_child=1 -1 -2 -3 7 6 -6 8 9 10 -5 -10 -13 -14 -15
right_child=2 3 -4 4 5 -7 -8 -9 11 -11 -12 12 13 14 -16
leaf_value=0.00012956575405349252 0.0064241214375215802 -0.018363072136465965 0.018757623716467428 -0.012830317306226724 0.0037870387310676998 0.030756127561842126 -0.012465046749120258 -0.0024744150970901963 0.019346895322663885 -0.025455774553056722 0.026518291810077574 0.021499979392252976 -0.024890307659504687 0.010354189556386515 -0.01136145993623458
leaf_weight=1264.1819430440664 264.42912515997887 52.444369416683912 100.89913281798363 40.762860283255577 101.70055345445871 12.509571924805639 39.541391164064407 249.8298561796546 16.069143414497375 70.763823974877596 8.8532484136521798 10.660294540226458 24.743032470345497 23.010402176529169 54.69532036781311
leaf_count=5953 1489 518 1249 375 668 75 444 1802 120 660 81 81 190 172 397
internal_value=0 -0.00186952 0.00987239 -0.00544636 -0.00438272 0.00193266 -0.00081846 -0.00632708 -0.0101587 -0.0173121 -0.00542395 -0.00341065 -0.00678498 -0.00990755 -0.00488112
internal_weight=0 1969.77 365.328 705.584 653.139 153.752 141.242 499.388 249.558 120.38 49.6161 129.178 113.109 102.449 77.7057
internal_count=14274 11536 2738 5583 5065 1187 1112 3878 2076 1116 456 960 840 759 569
is_linear=0
shrinkage=0.03


Tree=82
num_leaves=16
num_cat=0
split_feature=8 11 6 11 3 0 12 4 1 1 1 2 0 1 3
split_gain=45.5018 21.8057 15.0839 10.3465 8.7557 7.92424 6.57774 5.77184 5.61364 6.07037 6.04919 6.90116 5.61056 5.45975 5.07274
threshold=1.0000000180025095e-35 1.0000000180025095e-35 3.5000000000000004 3.6339200000000003 0.37500000000000006 0.37421200000000004 2.1201380000000003 0.92708350000000006 0.27249050000000002 0.39125400000000005 0.43214900000000006 0.099631500000000012 0.6026585000000001 0.41488450000000004 0.87500000000000011
decision_type=2 2 2 2 2 2 2 2 2 2 2 2 2 2 2
left_child=2 14 3 4 5 -1 12 -4 -7 -10 -11 -12 -6 -14 -2
right_child=1 -3 7 -5 6 8 -8 -9 9 10 11 -13 13 -15 -16
leaf_value=-0.025011810254656954 0.0020433067290783328 0.018485515417533932 -0.022647679689906729 -0.024166163439379409 -0.0037365224222971885 0.0044794452255369809 0.0037008707838789277 -0.0083915263719871527 -0.018903452607674766 0.014887918389724334 0.0086583329198894141 -0.015277836305680898 -0.0088824791188253909 0.0029779985546178234 0.0072857749960296876
leaf_weight=22.142933193594217 551.45958556234837 99.35117295384407 41.645190622657537 18.426769763231277 671.50698775053024 34.203415594995022 202.16532275825739 69.018328506499529 37.236129328608513 11.813184224069117 14.703004553914068 35.239305958151817 39.757351890206337 243.93149136006832 237.52183073759079
leaf_count=232 2574 1249 589 155 4071 267 1013 893 294 85 86 259 223 1159 1125
internal_value=0 0.00530927 -0.00331809 -0.00242764 -0.00210433 -0.00876872 -0.00120305 -0.0139112 -0.00590214 -0.00949809 -0.00361617 -0.0081994 -0.00224374 0.00129046 0.00362877
internal_weight=0 888.333 1441.79 1331.13 1312.7 155.338 1157.36 110.664 133.195 98.9916 61.7555 49.9423 955.196 283.689 788.981
internal_count=14274 4948 9326 7844 7689 1223 6466 1482 991 724 430 345 5453 1382 3699
is_linear=0
shrinkage=0.03


Tree=83
num_leaves=16
num_cat=0
split_feature=8 11 6 11 3 0 12 4 1 1 1 2 0 1 10
split_gain=42.9626 21.0341 14.4492 9.96289 8.32606 7.7053 6.19247 5.65275 5.33248 6.05556 5.70314 6.56983 5.29066 5.15595 5.01995
threshold=1.0000000180025095e-35 1.0000000180025095e-35 3.5000000000000004 3.6339200000000003 0.37500000000000006 0.37421200000000004 2.1201380000000003 0.92708350000000006 0.27395300000000006 0.39125400000000005 0.43214900000000006 0.099631500000000012 0.6026585000000001 0.41488450000000004 55.019557000000006
decision_type=2 2 2 2 2 2 2 2 2 2 2 2 2 2 2
left_child=2 14 3 4 5 -1 12 -4 -7 -10 -11 -12 -6 -14 -2
right_child=1 -3 7 -5 6 8 -8 -9 9 10 11 -13 13 -15 -16
leaf_value=-0.024744832627664682 0.0031486165929937113 0.018214289785074868 -0.022405185406821203 -0.023868404408413795 -0.0036319044205168722 0.0041801827734483489 0.0035858795735382691 -0.0082001586319797662 -0.018954863794605661 0.014351487988769644 0.0083792281599774469 -0.014974447664664131 -0.0086596807718022899 0.0028862420235023964 0.0189850590513756
leaf_weight=21.727484349161386 770.71686397492886 97.843553625047207 40.855866447091103 18.114174176007509 670.17381093651056 35.150278553366661 202.41703360527754 68.540816728025675 35.921145014464855 11.922769315540789 14.769248165190218 34.90012463927269 39.585207365453243 244.16392799466848 17.497092112898827
leaf_count=232 3600 1249 589 155 4071 273 1013 893 288 85 86 259 223 1159 99
internal_value=0 0.00516469 -0.00322907 -0.00236071 -0.00204551 -0.00856612 -0.00116825 -0.0136601 -0.00575108 -0.00933706 -0.00351465 -0.00800188 -0.00217975 0.00125074 0.00352377
internal_weight=0 886.058 1438.24 1328.85 1310.73 154.391 1156.34 109.397 132.664 97.5133 61.5921 49.6694 953.923 283.749 788.214
internal_count=14274 4948 9326 7844 7689 1223 6466 1482 991 718 430 345 5453 1382 3699
is_linear=0
shrinkage=0.03


Tree=84
num_leaves=16
num_cat=0
split_feature=7 6 11 12 10 1 2 1 6 13 13 13 4 1 0
split_gain=41.2234 17.6947 15.8656 12.5876 10.6695 7.80584 7.54079 8.16716 8.20492 7.98081 7.57118 7.41166 6.93411 6.57896 10.9428
threshold=0.58333350000000006 2.5000000000000004 0.9915520000000001 1.0000000180025095e-35 1.4668790000000003 0.1141515 0.53675050000000013 0.33392350000000004 3.5000000000000004 0.60163750000000016 0.043221000000000002 0.21528250000000002 0.96875000000000011 0.35175550000000005 0.51290000000000002
decision_type=2 2 2 2 2 2 2 2 2 2 2 2 2 2 2
left_child=1 -1 4 -2 5 -3 10 8 9 11 -7 -8 13 -12 -15
right_child=3 2 -4 -5 -6 6 7 -9 -10 -11 12 -13 -14 14 -16
leaf_value=0.00015258931655178282 0.017943987700223443 -0.017471450063744894 -0.029488119212616168 0.0056027460875869885 0.0034796878211985787 0.013819221968048473 -0.0053188671137641376 0.024934165467475646 -0.015814448060422898 -0.0084016749084110647 -0.019888794477099372 0.022164853575110548 -0.0045263662795337906 0.01651028060842244 -0.012145682654621064
leaf_weight=1261.3613644242287 96.375381477177143 54.638398922979832 23.864296644926071 322.62022968009114 108.87168665230274 13.427035838365553 12.870367705821989 11.057072684168814 24.396887540817261 25.680337749421597 70.260100025683641 25.014145269989967 185.50297616049647 13.559874974191187 69.16084236651659
leaf_count=5953 1249 587 292 1957 466 118 98 73 313 174 694 170 1474 112 544
internal_value=0 -0.00190803 -0.00597393 0.00847739 -0.00501423 -0.00684661 -0.00552341 0.00177627 -0.0013823 0.00431606 -0.00757656 0.0129312 -0.0084635 -0.0131772 -0.0073072
internal_weight=0 1899.67 638.304 418.996 614.44 505.568 450.93 99.0188 87.9617 63.5649 351.911 37.8845 338.484 152.981 82.7207
internal_count=14274 11068 5115 3206 4823 4357 3770 828 755 442 2942 268 2824 1350 656
is_linear=0
shrinkage=0.03


Tree=85
num_leaves=16
num_cat=0
split_feature=7 6 11 12 10 1 2 1 6 13 13 13 3 1 13
split_gain=38.9798 16.769 15.4602 12.2174 10.1019 7.5161 7.15086 7.63835 7.8172 7.49011 7.15581 6.96574 6.74213 7.28538 10.977
threshold=0.58333350000000006 2.5000000000000004 0.9915520000000001 1.0000000180025095e-35 1.4668790000000003 0.1141515 0.53675050000000013 0.33392350000000004 3.5000000000000004 0.60163750000000016 0.043221000000000002 0.41950250000000006 0.62500000000000011 0.35175550000000005 0.24331000000000005
decision_type=2 2 2 2 2 2 2 2 2 2 2 2 2 2 2
left_child=1 -1 4 -2 5 -3 10 8 9 11 -7 -8 13 14 -12
right_child=3 2 -4 -5 -6 6 7 -9 -10 -11 12 -13 -14 -15 -16
leaf_value=0.00014800967049172537 0.017674641551708125 -0.017170729963729571 -0.029312497750665554 0.0054451013643944399 0.0033754873407137163 0.013325728418146646 0.0027367415887261915 0.023985139698690736 -0.01554969020786192 -0.0081982654732506901 -0.0033175373753768947 0.029132736460761664 -0.0041424055077935989 -0.0067219286192287814 -0.027807172156604575
leaf_weight=1261.4072246626019 94.945791073143482 53.955403540283442 23.301565650850534 322.03968922048807 108.89604809880257 13.541801422834395 24.817719995975494 11.18727023154497 24.089635353535414 25.554717451334 25.162382163107395 13.330418787896631 175.02632584422827 88.036328829824924 48.397970791906118
leaf_count=5953 1249 587 292 1957 466 118 183 73 313 174 257 85 1354 710 503
internal_value=0 -0.00185479 -0.00582541 0.00826534 -0.00488479 -0.00667588 -0.00537979 0.0017265 -0.00134806 0.00417969 -0.0073877 0.0124691 -0.00825797 -0.0126627 -0.019587
internal_weight=0 1896.7 635.298 416.985 611.996 503.1 449.145 98.9798 87.7925 63.7029 350.165 38.1481 336.623 161.597 73.5604
internal_count=14274 11068 5115 3206 4823 4357 3770 828 755 442 2942 268 2824 1470 760
is_linear=0
shrinkage=0.03


Tree=86
num_leaves=16
num_cat=0
split_feature=8 11 6 11 3 0 13 1 3 12 13 4 13 13 2
split_gain=37.2335 18.6151 12.8164 9.56849 7.81742 7.47411 6.13189 7.19281 9.65288 6.85702 5.64798 5.45883 10.5149 5.86286 6.29387
threshold=1.0000000180025095e-35 1.0000000180025095e-35 3.5000000000000004 3.6339200000000003 0.37500000000000006 0.37421200000000004 0.37821950000000004 0.6391285000000001 0.87500000000000011 3.0565145000000005 0.7249850000000001 0.82291650000000016 0.47909300000000005 0.70866600000000013 0.21670550000000002
decision_type=2 2 2 2 2 2 2 2 2 2 2 2 2 2 2
left_child=2 -2 3 4 5 -1 9 11 -9 -6 -4 12 -8 14 -14
right_child=1 -3 10 -5 6 -7 7 8 -10 -11 -12 -13 13 -15 -16
leaf_value=-0.024407471177100973 0.0033082944671529836 0.017406292256714962 -0.017313659577997745 -0.023511539473155044 0.00044464391750407894 -0.0054909949944299125 -0.025824976044574729 -0.0043006787169827922 0.01868543082303914 0.012029447117913167 -0.0019329111818982361 -0.0023826418887750687 -0.012420371168535914 -0.01613780892003204 0.0098951645010497396
leaf_weight=21.159303866326809 785.83638693392277 93.553907670080662 75.946322951465845 17.710390642285347 320.57968627661467 131.65307690948248 26.333480469882488 32.989936456084251 31.192837044596672 52.7006905823946 30.191828906536102 618.47803312540054 16.513703286647797 22.442194730043411 31.524120144546032
leaf_count=232 3699 1249 1084 155 1806 991 152 146 134 257 398 3578 88 128 177
internal_value=0 0.00482618 -0.00301536 -0.00220551 -0.00189871 -0.00825194 -0.00105009 -0.00256322 0.00698585 0.00210799 -0.0129974 -0.00342861 -0.0100179 -0.00383325 0.00212703
internal_weight=0 879.39 1429.42 1323.28 1305.57 152.812 1152.75 779.474 64.1828 373.28 106.138 715.292 96.8135 70.48 48.0378
internal_count=14274 4948 9326 7844 7689 1223 6466 4403 280 2063 1482 4123 545 393 265
is_linear=0
shrinkage=0.03


Tree=87
num_leaves=16
num_cat=0
split_feature=7 6 11 12 10 1 4 2 0 1 1 11 1 0 2
split_gain=35.5809 15.6067 14.9655 11.2824 9.20561 7.22762 6.60664 8.37189 12.9201 7.84345 12.769 5.95164 5.9377 6.27997 5.86046
threshold=0.58333350000000006 2.5000000000000004 0.9915520000000001 1.0000000180025095e-35 1.4668790000000003 0.10457050000000001 0.82291650000000016 0.27364950000000005 0.60935800000000007 0.35175550000000005 0.39704350000000005 1.8925875000000003 0.27395300000000006 0.52871400000000013 0.19913700000000004
decision_type=2 2 2 2 2 2 2 2 2 2 2 2 2 2 2
left_child=1 -1 4 -2 5 -3 9 8 -8 12 -11 -5 13 -7 -10
right_child=3 2 -4 11 -6 6 7 -9 14 10 -12 -13 -14 -15 -16
leaf_value=0.00015743697021568647 0.017138989527127672 -0.017595125497887384 -0.029090471638298573 0.006234247051058019 0.003175450085202819 -0.016405444682833264 -0.018385118297256659 2.4581578185858644e-05 0.018723801139041537 0.0209876500610706 -0.010895778657455014 -0.011418396759081163 -0.028961987312736262 0.0096050043125404782 -0.0078909539315465942
leaf_weight=1260.1406909152865 92.198884442448616 46.394238274544477 22.577413942664862 303.46664096787572 108.94127461314201 36.605848219245672 60.987410299479961 235.52142118662596 14.426329620182516 14.377783007919787 41.770917497575283 17.316914550960064 25.406392890959978 10.017305508255957 13.578079327940939
leaf_count=5953 1249 524 292 1791 466 408 514 1913 92 121 354 166 252 89 90
internal_value=0 -0.00177155 -0.00562042 0.00793827 -0.00470259 -0.00642513 -0.00524411 -0.00294927 -0.0107325 -0.0109862 -0.00250712 0.00524878 -0.017471 -0.0107326 0.00599235
internal_weight=0 1890.75 630.604 412.982 608.027 499.086 452.691 324.513 88.9918 128.178 56.1487 320.784 72.0295 46.6232 28.0044
internal_count=14274 11068 5115 3206 4823 4357 3833 2609 696 1224 475 1957 749 497 182
is_linear=0
shrinkage=0.03


Tree=88
num_leaves=16
num_cat=0
split_feature=7 6 11 12 10 3 11 2 2 0 13 13 4 1 2
split_gain=33.6577 14.7951 14.5759 10.9245 8.71753 7.03893 5.63814 5.14541 5.27855 7.73919 6.91572 5.83193 8.13844 7.01345 5.49076
threshold=0.58333350000000006 2.5000000000000004 0.9915520000000001 1.0000000180025095e-35 1.4668790000000003 0.37500000000000006 1.8925875000000003 0.74382500000000007 0.53675050000000013 0.53242800000000012 0.56838150000000021 0.13893150000000001 0.96875000000000011 0.46466600000000008 0.33973600000000004
decision_type=2 2 2 2 2 2 2 2 2 2 2 2 2 2 2
left_child=1 -1 4 -2 5 -3 -5 8 11 -10 -11 14 13 -13 -7
right_child=3 2 -4 6 -6 7 -8 -9 9 10 -12 12 -14 -15 -16
leaf_value=0.00015271164631919362 0.016872774870405949 -0.01448482399608581 -0.028917358403758611 0.0060625341054840465 0.0030804622828725444 0.018272738346194913 -0.011184739482253415 -0.018893019052751998 -0.0057538873732565646 0.022893388293412489 -0.00094673804916015417 -0.01886312522680772 -0.0034220061688229474 0.00019726618048828437 -0.0072853879266809012
leaf_weight=1260.1878924146295 90.879883870482445 78.137347105890512 22.045237369835377 302.73957654088736 108.96203926205635 15.802871920168402 17.171437237411737 20.864608142524958 48.477343045175076 22.01985327899456 20.742841750383377 71.01696328446269 183.91444077715278 22.871826708316803 12.994418337941168
leaf_count=5953 1249 925 292 1791 466 116 166 194 465 152 151 611 1483 156 104
internal_value=0 -0.00172266 -0.00548108 0.0077429 -0.00458198 -0.00626524 0.00510481 -0.00470047 -0.00391065 0.00240384 0.0115719 -0.00579145 -0.00712522 -0.0142668 0.0068825
internal_weight=0 1888.04 627.85 410.791 605.805 496.843 319.911 418.705 397.841 91.24 42.7627 306.601 277.803 93.8888 28.7973
internal_count=14274 11068 5115 3206 4823 4357 1957 3432 3238 768 303 2470 2250 767 220
is_linear=0
shrinkage=0.03


Tree=89
num_leaves=16
num_cat=0
split_feature=8 11 6 11 3 0 13 1 3 13 0 0 4 1 1
split_gain=32.105 16.462 11.6474 9.02665 7.14587 7.30657 5.79484 6.64478 9.07426 6.4147 6.42682 9.76384 5.50366 5.29123 5.61663
threshold=1.0000000180025095e-35 1.0000000180025095e-35 3.5000000000000004 3.6339200000000003 0.37500000000000006 0.37421200000000004 0.37821950000000004 0.6391285000000001 0.87500000000000011 0.36032850000000005 0.56134150000000016 0.58870750000000005 0.92708350000000006 0.27249050000000002 0.39125400000000005
decision_type=2 2 2 2 2 2 2 2 2 2 2 2 2 2 2
left_child=2 -2 3 4 5 -1 9 -8 -9 10 -6 -12 -4 -7 -15
right_child=1 -3 12 -5 6 13 7 8 -10 -11 11 -13 -14 14 -16
leaf_value=-0.024060369373010117 0.0030919947057211155 0.016607701139527104 -0.021440582674748836 -0.023034523379165416 -0.0022191977302765046 0.004975145857251259 -0.0032490858894378164 -0.0042000778993175145 0.018071953388798054 0.018324520831058521 0.023459943041911884 0.0025312462407209467 -0.0070200018021055813 -0.01795752979309187 -0.003041013625098051
leaf_weight=20.589946750551462 783.36812248826027 89.596059128642082 37.878104943782091 17.189215376973152 207.13274288922548 33.767952352762222 712.41839515417814 32.966738946735859 31.293892174959183 19.798941016197205 23.060660399496555 122.72051290422678 65.670148704200983 35.765817284584045 60.821138322353363
leaf_count=232 3699 1249 589 155 1257 267 4123 146 134 115 118 573 893 294 430
internal_value=0 0.00449659 -0.00280957 -0.00204306 -0.00174808 -0.00786278 -0.000938928 -0.0024136 0.00675677 0.00213231 0.0011747 0.00597916 -0.0124497 -0.00514063 -0.00869196
internal_weight=0 872.964 1421.07 1317.53 1300.34 150.945 1149.39 776.679 64.2606 372.713 352.914 145.781 103.548 130.355 96.587
internal_count=14274 4948 9326 7844 7689 1223 6466 4403 280 2063 1948 691 1482 991 724
is_linear=0
shrinkage=0.03


Tree=90
num_leaves=16
num_cat=0
split_feature=7 6 11 12 4 1 1 1 0 2 13 1 0 13 0
split_gain=30.7526 13.7638 14.1093 10.0478 8.37516 11.5355 12.8192 8.69291 7.90964 13.4641 10.6047 8.4033 10.4323 8.10599 7.90445
threshold=0.58333350000000006 2.5000000000000004 0.9915520000000001 1.0000000180025095e-35 0.82291650000000016 0.35175550000000005 0.39704350000000005 0.28392450000000008 0.61794000000000004 0.27364950000000005 0.49535700000000005 0.11690300000000002 0.36730450000000009 0.67788150000000014 0.52871400000000013
decision_type=2 2 2 2 2 2 2 2 2 2 2 2 2 2 2
left_child=1 -1 4 -2 5 7 -7 14 9 -6 -10 12 13 -11 -3
right_child=3 2 -4 -5 8 6 -8 -9 10 11 -12 -13 -14 -15 -16
leaf_value=0.00016080837190755786 0.016343821251031558 -0.016051103315915364 -0.028700644990394313 0.0049281769182691433 -0.015684035424755979 0.021523201222362853 -0.0079671482585053181 -0.031129251484906299 0.017907737154431572 -0.012766648982007033 -0.0022223963882221577 0.0014265741285825965 -0.024327903100742915 0.022068343234250654 0.0075091351121514506
leaf_weight=1258.9520943239331 88.346582002937794 57.8380136936903 21.367452550679445 318.39100145921111 73.213860284537077 16.719442907720804 51.790243249386549 26.206240486353636 36.192306756973267 12.401360467076303 63.715158998966217 211.23412546142936 27.189748469740152 9.9267503395676595 15.736912123858927
leaf_count=5953 1249 615 292 1957 582 132 404 248 212 123 402 1636 252 92 125
internal_value=0 -0.00164533 -0.00528646 0.00744175 -0.00440942 -0.0100706 -0.000564073 -0.0165273 -0.00219547 -0.00440928 0.00517511 -0.00119573 -0.0121888 0.00300259 -0.0109787
internal_weight=0 1882.48 623.532 406.738 602.164 168.291 68.5097 99.7812 433.873 333.966 99.9075 260.752 49.5179 22.3281 73.5749
internal_count=14274 11068 5115 3206 4823 1524 536 988 3299 2685 614 2103 467 215 740
is_linear=0
shrinkage=0.03


Tree=91
num_leaves=16
num_cat=0
split_feature=8 11 6 11 3 0 13 12 1 3 13 2 13 1 1
split_gain=29.305 15.0995 10.9244 8.67186 6.69956 7.08959 5.48042 6.29339 6.21627 8.5314 5.39163 5.19291 7.7708 5.08522 5.58087
threshold=1.0000000180025095e-35 1.0000000180025095e-35 3.5000000000000004 3.6339200000000003 0.37500000000000006 0.37421200000000004 0.37821950000000004 3.0565145000000005 0.6391285000000001 0.87500000000000011 0.7249850000000001 0.13742850000000004 0.52523100000000011 0.27395300000000006 0.39125400000000005
decision_type=2 2 2 2 2 2 2 2 2 2 2 2 2 2 2
left_child=2 -2 3 4 5 -1 7 -6 11 -10 -4 -8 -13 -7 -15
right_child=1 -3 10 -5 6 13 8 -9 9 -11 -12 12 -14 14 -16
leaf_value=-0.023755446312332368 0.0029743727794407427 0.01608118669397798 -0.016459495096771855 -0.022716030075377144 0.00050535352780415981 0.0048107088883540686 -0.0083143522737102737 0.011592241155261264 -0.0040914351559775096 0.017492714503028667 -0.0012404788897573628 -0.0084990257497792859 -1.9705888433893242e-05 -0.017974133936949934 -0.0029228437723503062
leaf_weight=20.126264248043299 781.95121322572231 87.130661502480507 72.392278715968132 16.859803952276707 319.71787419170141 34.585033528506756 138.74485240131617 52.859905071556568 32.939641036093235 31.384620875120163 29.561075165867805 123.19282610714436 448.75585345178843 34.400620676577091 60.646771356463432
leaf_count=232 3699 1249 1084 155 1806 273 756 257 146 134 398 728 2639 288 430
internal_value=0 0.00430538 -0.00268915 -0.0019503 -0.00166315 -0.00760921 -0.000881253 0.00210514 -0.00231778 0.00654631 -0.0121017 -0.00312813 -0.00185772 -0.00493974 -0.0085008
internal_weight=0 869.082 1416.17 1314.21 1297.35 149.759 1147.6 372.578 775.018 64.3243 101.953 710.694 571.949 129.632 95.0474
internal_count=14274 4948 9326 7844 7689 1223 6466 2063 4403 280 1482 4123 3367 991 718
is_linear=0
shrinkage=0.03


Tree=92
num_leaves=16
num_cat=0
split_feature=7 6 11 12 4 1 1 1 0 2 2 0 2 2 14
split_gain=28.0605 12.8416 13.6499 9.24379 7.89758 11.0676 12.1073 8.51029 7.54637 7.45076 7.55575 15.3241 8.97619 6.9222 5.23555
threshold=0.58333350000000006 2.5000000000000004 0.9915520000000001 1.0000000180025095e-35 0.82291650000000016 0.35175550000000005 0.39704350000000005 0.28392450000000008 0.52871400000000013 0.74382500000000007 0.27193700000000004 0.61161100000000002 0.19913700000000004 0.20932550000000003 0.87500000000000011
decision_type=2 2 2 2 2 2 2 2 2 2 2 2 2 2 2
left_child=1 -1 4 -2 5 7 -7 8 -3 10 11 -6 -13 -8 -5
right_child=3 2 -4 14 9 6 13 -9 -10 -11 -12 12 -14 -15 -16
leaf_value=0.0001711092519927576 0.015819855161125128 -0.015701490181651245 -0.028485126883351176 -0.0040292976464501896 -0.016034521758991244 0.020867472960172107 0.006775356110960716 -0.030817391892221744 0.0073389915159127574 -0.019008738013285457 0.0011704861633295468 0.022494478849261122 -0.0082557982146996018 -0.015778140501148553 0.0064261712171908422
leaf_weight=1257.6855224594474 85.947488024830818 57.011615533381701 20.714080214500427 50.673282783478498 70.004198368638754 16.858307383954525 18.413865555077791 25.549901515245438 15.764016408473251 21.251966699957848 308.48076901584864 17.73000330477953 14.967269666492937 33.041388407349586 266.58245165273547
leaf_count=5953 1249 615 292 333 565 132 134 248 125 185 2351 104 94 270 1624
internal_value=0 -0.00157142 -0.00510197 0.007142 -0.00424733 -0.00977667 -0.000474888 -0.0161694 -0.0106788 -0.00209895 -0.00118097 -0.00818715 0.00859117 -0.00773181 0.00474877
internal_weight=0 1877.47 619.787 403.203 599.073 166.639 68.3136 98.3255 72.7756 432.434 411.182 102.701 32.6973 51.4553 317.256
internal_count=14274 11068 5115 3206 4823 1524 536 988 740 3299 3114 763 198 404 1957
is_linear=0
shrinkage=0.03


Tree=93
num_leaves=16
num_cat=0
split_feature=8 11 6 11 3 0 13 13 0 0 4 1 3 4 13
split_gain=26.7472 13.8349 10.222 8.35019 6.39364 6.86802 5.32428 6.15604 5.58816 9.52967 5.24293 5.23099 7.49275 5.11 10.1986
threshold=1.0000000180025095e-35 1.0000000180025095e-35 3.5000000000000004 2.7931225000000004 0.37500000000000006 0.37421200000000004 0.37821950000000004 0.36032850000000005 0.56134150000000016 0.58870750000000005 0.92708350000000006 0.6391285000000001 0.87500000000000011 0.82291650000000016 0.47909300000000005
decision_type=2 2 2 2 2 2 2 2 2 2 2 2 2 2 2
left_child=2 -2 3 4 5 -1 7 8 -6 -10 -4 13 -13 14 -8
right_child=1 -3 10 -5 6 -7 11 -9 9 -11 -12 12 -14 -15 -16
leaf_value=-0.02345228557182721 0.002860331719533208 0.015559883850604929 -0.020785927105742341 -0.019047772206200225 -0.001950461801359849 -0.0047464975734235601 -0.025133041709051156 0.018046209289735823 0.022971920007568685 0.0023041214117338602 -0.0064547478708708314 -0.0040145192215830317 0.01621856972898238 -0.0019164929396302457 -0.0032592463692748424
leaf_weight=19.678279209882021 780.54596704244614 84.796270579099655 36.035245664417744 23.970839358866215 204.56671343743801 127.91977370530367 25.693898990750313 19.806436471641064 23.089577369391918 122.38359652459621 64.366154920309782 32.933370314538479 31.335572838783264 610.18820752948523 69.532762043178082
leaf_count=232 3699 1249 589 220 1241 980 152 114 117 570 893 146 133 3548 391
internal_value=0 0.00412131 -0.00257412 -0.00186283 -0.00152825 -0.00738146 -0.000764301 0.00219013 0.00124409 0.00571896 -0.0117526 -0.00218496 0.00594786 -0.00293329 -0.00936105
internal_weight=0 865.342 1411.5 1311.1 1287.13 147.598 1139.53 369.846 350.04 145.473 100.401 769.684 64.2689 705.415 95.2267
internal_count=14274 4948 9326 7844 7624 1212 6412 2042 1928 687 1482 4370 279 4091 543
is_linear=0
shrinkage=0.03


Tree=94
num_leaves=16
num_cat=0
split_feature=7 6 11 12 1 2 13 1 3 1 13 13 2 13 0
split_gain=25.641 11.9509 13.2028 8.47856 7.55068 8.67074 8.22058 7.45832 6.73124 10.4709 8.49765 7.83535 7.84113 6.14344 8.49665
threshold=0.58333350000000006 2.5000000000000004 0.9915520000000001 1.0000000180025095e-35 0.1141515 0.53675050000000013 0.19257050000000003 0.33392350000000004 0.87500000000000011 0.49490350000000005 0.91027200000000008 0.13471650000000004 0.22062850000000003 0.67788150000000014 0.36439500000000008
decision_type=2 2 2 2 2 2 2 2 2 2 2 2 2 2 2
left_child=1 -1 4 -2 13 8 -7 -8 11 10 -10 12 -6 -3 -15
right_child=3 2 -4 -5 5 6 7 -9 9 -11 -12 -13 -14 14 -16
leaf_value=0.00017732560586037054 0.015301332797222929 -0.020674297578985194 -0.028270208441816495 0.0045828476752723885 0.020456310429489845 -0.013552395516774092 0.004218847722235331 0.027715843147818948 0.0019125458080565341 0.020584444103716761 -0.023460939804789423 -0.0091486451197470252 -0.0040369606143935187 0.017166791349017246 -0.018455534368276412
leaf_weight=1256.5284796282649 83.676236785948277 40.479446019977331 20.079452056437731 316.05457317084074 15.74725581333041 18.99543497338891 89.144086431711912 13.187798418104647 57.155499078333378 20.388423934578896 13.955078460276125 266.18199992924929 38.727147668600082 10.815557677298786 11.302515201270579
leaf_count=5953 1249 431 292 1957 117 167 686 78 436 122 113 2134 333 99 107
internal_value=0 -0.00150167 -0.00492038 0.00685915 -0.00408779 -0.00291677 0.0041082 0.00748589 -0.00498967 0.00216904 -0.00332316 -0.00703279 0.00328458 -0.0138649 -0.00104742
internal_weight=0 1872.69 616.16 399.731 596.08 533.483 121.327 102.332 412.155 91.499 71.1106 320.656 54.4744 62.5975 22.1181
internal_count=14274 11068 5115 3206 4823 4186 931 764 3255 671 549 2584 450 637 206
is_linear=0
shrinkage=0.03


Tree=95
num_leaves=16
num_cat=0
split_feature=8 11 6 11 3 0 10 10 13 12 4 13 1 1 0
split_gain=24.4389 12.6545 9.54275 8.04831 5.92267 6.67531 5.13747 5.92096 5.12108 5.05405 5.03595 10.1012 7.56415 14.4582 6.05836
threshold=1.0000000180025095e-35 1.0000000180025095e-35 3.5000000000000004 3.6339200000000003 0.37500000000000006 0.37421200000000004 0.34825400000000006 0.44931000000000004 0.7249850000000001 2.1201380000000003 0.85416650000000016 0.71418250000000005 0.39474600000000004 0.28093200000000007 0.36439500000000008
decision_type=2 2 2 2 2 2 2 2 2 2 2 2 2 2 2
left_child=2 6 3 4 5 -1 -2 -8 -4 -6 11 12 13 14 -9
right_child=1 -3 8 -5 9 -7 7 10 -10 -11 -12 -13 -14 -15 -16
leaf_value=-0.0231665600773126 0.01417404359026374 0.015044259835977888 -0.015766648170057986 -0.022129656570211462 -0.0016981173213698277 -0.0045745994697165464 -0.014610072823458801 -0.0079775541477960614 -0.00079887303358660102 0.0035209280116115741 0.0044321712530865391 -0.020257265925762633 0.0072990452560497236 -0.016470541133409265 0.0096505478149253362
leaf_weight=19.273964196443558 32.94575697183609 82.586632877588272 69.717577278614044 16.267160393297672 942.26649200171232 128.36397982761264 17.350872188806534 24.708162948489189 29.169094569981098 201.95009166747332 482.24007330834866 20.960882976651192 97.710919395089149 48.508880823850632 54.812265172600746
leaf_count=232 139 1249 1084 155 5453 991 72 123 398 1013 2299 97 474 230 265
internal_value=0 0.00394757 -0.00246438 -0.00178042 -0.00150726 -0.00714129 0.00275373 0.00223128 -0.0114037 -0.000774705 0.00265162 -0.000832775 0.00105225 -0.00373487 0.00414219
internal_weight=0 861.824 1407.01 1308.12 1291.85 147.638 779.238 746.292 98.8867 1144.22 728.941 246.701 225.74 128.029 79.5204
internal_count=14274 4948 9326 7844 7689 1223 3699 3560 1482 6466 3488 1189 1092 618 388
is_linear=0
shrinkage=0.03


Tree=96
num_leaves=16
num_cat=0
split_feature=7 6 11 12 1 2 13 1 1 13 2 4 2 13 13
split_gain=23.3313 11.092 12.778 7.79165 7.21229 8.18683 7.76258 6.96769 6.30516 5.97005 5.47698 5.19195 8.99736 9.30774 7.54056
threshold=0.58333350000000006 2.5000000000000004 0.9915520000000001 1.0000000180025095e-35 0.1141515 0.53675050000000013 0.19257050000000003 0.33392350000000004 0.54917100000000008 0.8561740000000001 0.21265400000000004 0.71875000000000011 0.22578600000000001 0.086937500000000015 0.15661450000000002
decision_type=2 2 2 2 2 2 2 2 2 2 2 2 2 2 2
left_child=1 -1 4 -2 9 8 -7 -8 11 -3 -10 12 -6 -14 -13
right_child=3 2 -4 -5 5 6 7 -9 10 -11 -12 14 13 -15 -16
leaf_value=0.00018363789484592233 0.014788726602113195 -0.017468463868397927 -0.02805660708716267 0.0044048805984954805 0.0048832976301482166 -0.013227761013840052 0.0041372938724723056 0.026774387848619106 0.013740724997199661 0.0076768047626201291 -0.005232129849547006 0.0097513321532921027 0.0017009522433368114 -0.027364787175501594 -0.0060890076936487023
leaf_weight=1255.4712289720774 81.526714392006397 52.350672263652086 19.470622476190329 314.96967059746385 17.20717541500926 18.783690627664328 89.138069987297058 13.29813853651285 27.807041637599468 9.5142594538629037 25.327025070786476 29.275165643543005 13.200753021985291 37.528053052723408 259.75940927118063
leaf_count=5953 1249 549 292 1957 145 167 686 78 174 88 161 212 124 378 2061
internal_value=0 -0.00143194 -0.00473751 0.00657182 -0.00392617 -0.00278335 0.00404237 0.00730645 -0.00480585 -0.0135408 0.00476748 -0.00624015 -0.0136539 -0.0199146 -0.00445651
internal_weight=0 1868.13 612.66 396.496 593.189 531.325 121.22 102.436 410.105 61.8649 53.1341 356.971 67.936 50.7288 289.035
internal_count=14274 11068 5115 3206 4823 4186 931 764 3255 637 335 2920 647 502 2273
is_linear=0
shrinkage=0.03


Tree=97
num_leaves=16
num_cat=0
split_feature=8 11 6 11 0 1 4 10 10 12 2 2 2 0 0
split_gain=22.3176 11.5632 8.89823 7.72607 5.68641 7.29698 5.05573 4.88054 5.57319 4.87123 4.80719 15.7654 4.74149 8.16021 8.37822
threshold=1.0000000180025095e-35 1.0000000180025095e-35 3.5000000000000004 3.6339200000000003 0.40876600000000002 0.088647500000000004 0.92708350000000006 0.34825400000000006 0.44931000000000004 1.5447980000000001 0.68085700000000016 0.5975315000000001 0.66216550000000007 0.5815665000000001 0.52621850000000014
decision_type=2 2 2 2 2 2 2 2 2 2 2 2 2 2 2
left_child=2 7 3 4 9 -6 -4 -2 -9 -1 11 -8 -7 14 -14
right_child=1 -3 6 -5 5 12 10 8 -10 -11 -12 -13 13 -15 -16
leaf_value=-0.0069289211056005658 0.013792055938472207 0.014534794111812519 -0.02016275097061148 -0.021818598484500958 -0.01988185617747186 -0.00050602154115792853 -0.0092569020074259756 -0.01418791088298587 0.0025489774903477633 0.0031851494241501984 -0.025751823309462733 0.033965777196693997 0.002751982752852552 -0.010879713845803898 0.031455340274927128
leaf_weight=238.49539622291923 32.876228809356689 80.495736867189407 34.413078889250755 15.963645063340662 15.941435158252714 934.32334171235561 46.63115306571126 17.374268367886543 727.52788673341274 51.578887362033129 8.3410474769771081 8.040019501000641 19.901812389492989 12.95375409722328 16.285595700144768
leaf_count=1727 139 1249 589 155 125 5205 657 72 3488 329 125 111 127 82 94
internal_value=0 0.00378 -0.00235864 -0.0017014 -0.00143564 -0.000360542 -0.0110585 0.0026497 0.0021401 -0.00512575 -0.00584911 -0.00240458 -2.42374e-05 0.00896335 0.016168
internal_weight=0 858.274 1402.87 1305.44 1289.48 999.406 97.4253 777.778 744.902 290.074 63.0122 54.6712 983.465 49.1412 36.1874
internal_count=14274 4948 9326 7844 7689 5633 1482 3699 3560 2056 893 768 5508 303 221
is_linear=0
shrinkage=0.03


Tree=98
num_leaves=16
num_cat=0
split_feature=7 6 11 12 3 10 0 2 1 0 2 2 1 10 12
split_gain=21.2791 10.3372 12.3585 7.1354 6.89814 5.79893 5.49513 5.20301 5.14643 5.26668 5.24753 10.9557 6.84712 4.88961 4.81102
threshold=0.58333350000000006 2.5000000000000004 0.9915520000000001 1.0000000180025095e-35 0.37500000000000006 1.4668790000000003 0.37421200000000004 0.39252100000000006 0.11690300000000002 0.33214400000000005 0.54807600000000012 0.45293600000000006 0.29321550000000007 8.6942725000000021 1.0622635000000002
decision_type=2 2 2 2 2 2 2 2 2 2 2 2 2 2 2
left_child=1 13 4 -2 6 -6 -3 -7 9 -5 11 -10 -13 -1 -12
right_child=3 2 -4 8 5 7 -8 -9 10 -11 14 12 -14 -15 -16
leaf_value=-0.00011928321484719151 0.014282529355382257 -0.030601293063433586 -0.027845354093921259 0.0068961628440263011 -0.0039035539620102208 0.012579029125452232 -0.0083957928389800322 -0.0018081116108982919 0.0061215454785773131 -0.01994759043267973 0.0067166377784842295 0.00036430942502545526 -0.027376668823849051 0.011482810233898072 0.028257952016994398
leaf_weight=1221.9575669169426 79.492974452674389 10.777910213917492 18.886068131774664 10.847525160759689 408.80129938572645 38.971957340836525 80.289920680224895 51.628069221973419 218.29604410380125 14.291797515004871 24.420709531754255 17.018996041268114 14.080215230584143 32.590428151190281 15.030978389084337
leaf_count=5803 1249 168 292 74 3432 157 858 208 1332 100 152 113 88 150 98
internal_value=0 -0.00136674 -0.00456894 0.0063025 -0.00377863 -0.00238215 -0.0113277 0.00445034 0.00424324 -0.00854391 0.00538178 0.00373869 -0.0126571 0.00019102 0.0154195
internal_weight=0 1863.9 609.355 393.479 590.469 499.401 91.0678 90.6 313.986 25.1393 288.847 249.395 31.0992 1254.55 39.4517
internal_count=14274 11068 5115 3206 4823 3797 1026 365 1957 174 1783 1533 201 5953 250
is_linear=0
shrinkage=0.03


Tree=99
num_leaves=16
num_cat=0
split_feature=8 11 6 11 3 0 1 1 1 2 13 13 1 3 0
split_gain=20.1333 10.5988 8.31368 7.43911 5.43947 6.39649 5.08434 5.15035 5.55057 6.18915 4.98707 5.67763 5.30136 7.49841 5.26881
threshold=1.0000000180025095e-35 1.0000000180025095e-35 3.5000000000000004 3.6339200000000003 0.37500000000000006 0.37421200000000004 0.27249050000000002 0.39125400000000005 0.43214900000000006 0.17356650000000004 0.37821950000000004 0.36032850000000005 0.6391285000000001 0.87500000000000011 0.56134150000000016
decision_type=2 2 2 2 2 2 2 2 2 2 2 2 2 2 2
left_child=2 -2 3 4 5 -1 -7 -8 -9 -10 11 14 -12 -14 -6
right_child=1 -3 -4 -5 10 6 7 8 9 -11 12 -13 13 -15 -16
leaf_value=-0.02273908310037924 0.0025250844520238475 0.014031983182646864 -0.010717545897969969 -0.021522182993374508 -0.0018108907532635055 0.005688310353643364 -0.016931844057289664 0.015302698666624188 0.002621784826618003 -0.018666296621778662 -0.0027831163185814052 0.017353994082958828 -0.0038563572272657114 0.016356596717635504 0.005622565566488825
leaf_weight=18.654028762131929 776.40169876813889 78.517738521099091 96.015288177877665 15.677015066146849 205.00524309277534 33.187230370938778 34.249258641153574 11.699208006262777 26.957861103117466 21.270198084414005 705.34687336534262 20.003666371107101 32.880232185125351 31.580531515181065 146.18075398355722
leaf_count=232 3699 1249 1482 155 1257 267 294 85 175 170 4123 115 146 134 691
internal_value=0 0.00359706 -0.0022438 -0.0016115 -0.00135244 -0.00678389 -0.00428811 -0.00782657 -0.00243028 -0.00695544 -0.000652029 0.00220043 -0.00202851 0.00614494 0.00129046
internal_weight=0 854.919 1398.71 1302.69 1287.02 146.018 127.364 94.1765 59.9273 48.2281 1141 371.19 769.808 64.4608 351.186
internal_count=14274 4948 9326 7844 7689 1223 991 724 430 345 6466 2063 4403 280 1948
is_linear=0
shrinkage=0.03


Tree=100
num_leaves=16
num_cat=0
split_feature=7 11 3 13 0 6 13 4 0 13 4 3 2 13 2
split_gain=19.4422 9.59475 9.07746 10.5944 7.74737 7.35141 6.68452 11.6285 8.84046 8.59073 7.89059 26.3991 8.74443 7.4751 7.9315
threshold=0.58333350000000006 0.83161750000000012 0.37500000000000006 0.047692000000000005 0.34688750000000007 2.5000000000000004 0.37821950000000004 0.82291650000000016 0.54297400000000018 0.50145750000000011 0.89583350000000006 0.62500000000000011 0.33219800000000005 0.75339400000000012 0.17128050000000003
decision_type=2 2 2 2 2 2 2 2 2 2 2 2 2 2 2
left_child=1 2 3 -1 -5 -3 8 9 -4 -8 11 12 -10 14 -11
right_child=-2 5 6 4 -6 -7 7 -9 10 13 -12 -13 -14 -15 -16
leaf_value=0.011986751959854819 0.0060493435386779881 -0.0055452434867004777 -0.00074924655925093892 -0.026948868789421671 -0.0067483834141999653 -0.024311154007764197 -0.019941448619426493 -6.0643383498693598e-05 0.016680688380804738 -0.01352940079240942 0.014394903772154745 -0.020403391040738003 -0.0010256438831558364 -0.016891665358918111 0.0079982244231577015
leaf_weight=24.17042126879096 390.50233616679907 76.799284763634205 270.67315285652876 18.083612848073244 180.9708410538733 24.285055745393038 45.091893777251244 897.27229812368751 66.30553113669157 21.549576051533222 85.702452845871449 32.579332143068314 39.857390314340591 28.19393565505743 47.631491921842098
leaf_count=184 3206 445 1605 191 1370 362 255 5062 306 102 410 148 221 148 259
internal_value=0 -0.001306 -0.00078635 -0.00642471 -0.00870908 -0.0102477 3.73239e-05 -0.00132873 0.00290292 -0.00925921 0.00729109 0.00283139 0.0100856 -0.00416011 0.00119524
internal_weight=0 1859.17 1758.08 223.225 199.054 101.084 1534.86 1039.74 495.118 142.467 224.445 138.742 106.163 97.375 69.1811
internal_count=14274 11068 10261 1745 1561 807 8516 5826 2690 764 1085 675 527 509 361
is_linear=0
shrinkage=0.03


Tree=101
num_leaves=16
num_cat=0
split_feature=8 11 6 11 0 1 4 2 2 10 10 2 12 4 13
split_gain=18.3967 10.0029 7.87628 7.11129 5.06703 6.92369 4.93073 4.77637 14.7693 4.74258 5.15193 4.63186 5.74959 4.52006 9.37257
threshold=1.0000000180025095e-35 1.0000000180025095e-35 3.5000000000000004 3.6339200000000003 0.40876600000000002 0.088647500000000004 0.92708350000000006 0.68085700000000016 0.5975315000000001 0.34825400000000006 0.44931000000000004 0.058176000000000005 1.5447980000000001 0.85416650000000016 0.71418250000000005
decision_type=2 2 2 2 2 2 2 2 2 2 2 2 2 2 2
left_child=2 9 3 4 11 -6 -4 8 -8 -2 -11 -1 -13 14 -12
right_child=1 -3 6 -5 5 -7 7 -9 -10 10 13 12 -14 -15 -16
leaf_value=-0.014990579775284656 0.013405672835151866 0.013675174319419999 -0.019630398864488689 -0.021185965197578947 -0.019438779961174848 5.5349607525577468e-05 -0.0086764795017750321 -0.025458639500713448 0.032985370083880444 -0.013784638059608932 0.00081800639830988933 -0.005488391304423996 0.0061108144738679813 0.003992509378037923 -0.019713368316449948
leaf_weight=34.231418807059526 32.782944813370705 77.163408573716879 33.11478678882122 15.370018664747475 15.67585615813732 981.30547549203038 45.592441629618406 8.0531937852501851 8.1673032008111459 17.391033291816711 224.42410977184772 207.01602294668555 46.310877170413733 479.26700374484062 20.96312153339386
leaf_count=214 139 1249 589 155 125 5508 657 125 111 72 1092 1542 300 2299 97
internal_value=0 0.00344337 -0.00214878 -0.00153532 -0.00128389 -0.000270334 -0.0104458 -0.00529116 -0.00186034 0.0024081 0.00190485 -0.00478484 -0.00335224 0.00229986 -0.00100885
internal_weight=0 851.992 1394.84 1299.91 1284.54 996.981 94.9277 61.8129 53.7597 774.828 742.045 287.558 253.327 724.654 245.387
internal_count=14274 4948 9326 7844 7689 5633 1482 893 768 3699 3560 2056 1842 3488 1189
is_linear=0
shrinkage=0.03


Tree=102
num_leaves=16
num_cat=0
split_feature=7 6 11 1 2 13 1 12 3 1 13 13 2 13 0
split_gain=17.7016 9.42714 11.5418 6.58464 7.71132 7.26453 6.49844 6.23263 6.16644 9.45296 8.20798 7.22432 7.07571 5.83294 8.08649
threshold=0.58333350000000006 2.5000000000000004 0.9915520000000001 0.1141515 0.53675050000000013 0.19257050000000003 0.33392350000000004 1.0000000180025095e-35 0.87500000000000011 0.49490350000000005 0.91027200000000008 0.13471650000000004 0.22062850000000003 0.67788150000000014 0.36439500000000008
decision_type=2 2 2 2 2 2 2 2 2 2 2 2 2 2 2
left_child=1 -1 3 13 8 -6 -7 -2 11 10 -10 12 -5 -3 -15
right_child=7 2 -4 4 5 6 -8 -9 9 -11 -12 -13 -14 14 -16
leaf_value=0.00023850953538633095 0.013429095825057075 -0.01974075184517271 -0.027450359967037926 0.019728109538928784 -0.012742195704951149 0.0042089766794123707 0.026031299441701551 0.0038853067478659565 0.0022535986672314202 0.019833084776809704 -0.022957090722605478 -0.0085068568570701494 -0.0035724946754060296 0.017332032392544126 -0.01773362167636304
leaf_weight=1251.4281195402145 76.252335961908102 38.565964791923761 17.838771712034941 15.814684785902498 18.406450368463993 88.780550517141819 13.376293562352656 311.79335005953908 56.555126447230577 20.479435615241528 13.584040965884922 260.68158141896129 38.028671104460955 10.739789731800558 10.937747385352848
leaf_count=5953 1249 431 292 117 167 686 78 1957 436 122 113 2134 333 99 107
internal_value=0 -0.00124757 -0.00432295 -0.00357329 -0.00248346 0.00415287 0.00729101 0.00579039 -0.00446368 0.00241111 -0.0028831 -0.00644575 0.00350621 -0.0128877 -0.000362697
internal_weight=0 1855.22 603.789 585.95 525.707 120.563 102.157 388.046 405.144 90.6186 70.1392 314.525 53.8434 60.2435 21.6775
internal_count=14274 11068 5115 4823 4186 931 764 3206 3255 671 549 2584 450 637 206
is_linear=0
shrinkage=0.03


Tree=103
num_leaves=16
num_cat=0
split_feature=8 11 3 11 1 12 1 0 1 5 2 2 13 10 10
split_gain=16.8086 9.10935 7.40402 7.16115 6.72007 4.84835 4.77687 7.63519 5.05081 4.81831 4.6154 5.3338 5.08404 4.51062 4.86415
threshold=1.0000000180025095e-35 1.0000000180025095e-35 0.37500000000000006 2.7466335000000002 0.11690300000000002 2.1201380000000003 0.23177500000000004 0.39208300000000007 0.39125400000000005 1.5000000000000002 0.46055850000000004 0.54357500000000003 0.39454700000000004 0.34825400000000006 0.44931000000000004
decision_type=2 2 2 2 2 2 2 2 2 2 2 2 2 2 2
left_child=2 13 4 5 -1 -4 7 -6 -8 -10 12 -12 -7 -2 -15
right_child=1 -3 3 -5 6 10 8 -9 9 -11 11 -13 -14 14 -16
leaf_value=-0.027516139392423384 0.013054412029213952 0.013184947339153444 -0.0018082808601021102 -0.017222614800717441 -0.013515876285244944 0.013076858820158637 -0.015319816834810072 0.015728289353023242 0.0092910236754996725 -0.0083029166662275077 -0.015967053419072497 0.0031118207342767934 0.0018415144674589856 -0.013410450953783567 0.0022113478386231963
leaf_weight=13.574495941400526 32.710756838321686 75.366458736360073 987.91005629301071 23.756897985935211 12.39593279361725 54.304245967417955 55.843015413731337 19.202705703675747 19.19469254091382 45.040309362113476 20.687618393450975 32.991390809416771 106.37433791533113 17.40838024020195 723.44590216875076
leaf_count=193 139 1249 6277 252 159 277 557 193 122 383 130 223 560 72 3488
internal_value=0 0.00329685 -0.00205705 -0.00125033 -0.00799875 -0.000920661 -0.00608323 0.00419331 -0.00879981 -0.00298367 0.00315951 -0.00439862 0.0056961 0.0023177 0.00182669
internal_weight=0 848.931 1391.28 1226.02 165.251 1202.27 151.677 31.5986 120.078 64.235 214.358 53.679 160.679 773.565 740.854
internal_count=14274 4948 9326 7719 1607 7467 1414 352 1062 505 1190 353 837 3699 3560
is_linear=0
shrinkage=0.03


Tree=104
num_leaves=16
num_cat=0
split_feature=7 6 11 4 1 13 10 2 0 2 2 2 2 2 12
split_gain=16.1606 8.84293 11.1496 6.31234 7.35981 6.4536 7.11489 6.67133 7.12188 6.47102 6.39245 6.32948 8.88388 7.37465 5.67806
threshold=0.58333350000000006 2.5000000000000004 0.9915520000000001 0.71875000000000011 0.17543950000000003 0.047692000000000005 1.5668975000000003 0.27364950000000005 0.60102400000000011 0.7585670000000001 0.20514300000000005 0.52109200000000011 0.22578600000000001 0.16256900000000005 1.0000000180025095e-35
decision_type=2 2 2 2 2 2 2 2 2 2 2 2 2 2 2
left_child=1 -1 3 4 -3 -5 7 8 -7 -9 -10 12 13 -6 -2
right_child=14 2 -4 5 11 6 -8 9 10 -11 -12 -13 -14 -15 -16
leaf_value=0.00024653231943087486 0.012942792392772885 -0.026745177467661502 -0.027239648409530123 0.018787582268279691 -0.012206258768985475 -0.017021143010206598 0.0054148291941567847 -0.0008832741445845946 0.011438049894190318 -0.019667295177879851 -0.014726535514454612 0.010104588075605042 -0.017632524718063196 0.020966911188476916 0.0037465230637724329
leaf_weight=1250.4183280915022 74.505116187036037 18.625254455953836 17.316374447196722 12.099211022257803 10.691694166511299 62.14134531468153 81.953194111585617 275.46554102748632 18.692506913095713 16.566823974251747 13.660667963325976 16.358372751623392 45.975353877991438 11.558161467313765 310.89473846554756
leaf_count=5953 1249 235 292 86 92 574 340 2417 120 169 95 149 457 89 1957
internal_value=0 -0.00119156 -0.00417854 -0.00344908 -0.0101448 -0.00199303 -0.0025686 -0.00427088 -0.0111566 -0.00201236 0.000280124 -0.00621966 -0.0102232 0.00518687 0.00555323
internal_weight=0 1851.52 601.105 583.788 103.209 480.579 468.48 386.527 94.4945 292.032 32.3532 84.5836 68.2252 22.2499 385.4
internal_count=14274 11068 5115 4823 1022 3801 3715 3375 789 2586 215 787 638 181 3206
is_linear=0
shrinkage=0.03


Tree=105
num_leaves=16
num_cat=0
split_feature=7 6 11 1 2 13 2 1 6 1 4 2 1 1 1
split_gain=15.2639 8.37517 10.8389 6.18016 6.34441 7.84464 6.05607 6.64494 6.56784 6.25906 5.62235 13.2423 10.9982 12.3162 10.3158
threshold=0.58333350000000006 2.5000000000000004 0.9915520000000001 0.088647500000000004 0.61446550000000011 0.54308750000000006 0.53675050000000013 0.34683550000000002 3.5000000000000004 0.27009400000000006 0.96875000000000011 0.42966850000000006 0.35175550000000005 0.28647650000000008 0.38329850000000004
decision_type=2 2 2 2 2 2 2 2 2 2 2 2 2 2 2
left_child=1 -1 3 4 5 -3 10 8 -8 -10 11 12 13 -5 -14
right_child=-2 2 -4 6 -6 -7 7 -9 9 -11 -12 -13 14 -15 -16
leaf_value=0.00023912817211914616 0.00540562893961737 -0.022474433755392778 -0.027069768283695783 -0.0031122865143486333 -0.025037788109428086 0.015150929953700975 0.0050472028995742066 0.023785487994775888 -0.018170113951477541 0.011927941273053518 -0.0010210720902729504 -0.022241391104808387 0.025517146688673793 -0.032760127204848437 -0.0016958996900347809
leaf_weight=1250.4910051077604 384.16896110028028 7.8340084366500404 16.914653412997723 33.51080185174942 22.007195338606834 10.458611059933899 88.974719818681479 11.621616553515194 23.636914249509577 7.5404474399983874 219.90257544070482 44.278459195047617 13.880820397287605 19.453721016645432 78.959731183946133
leaf_count=5953 3206 106 292 352 245 97 583 66 307 78 1675 410 109 201 594
internal_value=0 -0.00115867 -0.00407243 -0.00335885 -0.0145516 -0.00129224 -0.00250097 0.00307701 0.000894207 -0.0107462 -0.00429692 -0.00806149 -0.00363313 -0.0144071 0.00260135
internal_weight=0 1849.47 598.974 582.06 40.2998 18.2926 541.76 131.774 120.152 31.1774 409.986 190.084 145.805 52.9645 92.8406
internal_count=14274 11068 5115 4823 448 203 4375 1034 968 385 3341 1666 1256 553 703
is_linear=0
shrinkage=0.03


Tree=106
num_leaves=16
num_cat=0
split_feature=8 11 3 11 0 13 4 13 2 2 0 0 13 10 10
split_gain=14.7118 8.1852 6.84799 6.7976 6.48231 4.55336 5.18592 8.32276 5.02592 18.5643 4.82169 6.07477 4.93072 4.32652 4.61693
threshold=1.0000000180025095e-35 1.0000000180025095e-35 0.37500000000000006 2.7466335000000002 0.37421200000000004 0.37821950000000004 0.82291650000000016 0.47909300000000005 0.17128050000000003 0.25561100000000009 0.56134150000000016 0.58870750000000005 0.36032850000000005 0.34825400000000006 55.019557000000006
decision_type=2 2 2 2 2 2 2 2 2 2 2 2 2 2 2
left_child=2 13 4 5 -1 10 7 -7 -9 -10 12 -12 -4 -2 -15
right_child=1 -3 3 -5 -6 6 -8 8 9 -11 11 -13 -14 14 -16
leaf_value=-0.023149697978499532 0.012698150240503867 0.012601708051135955 -0.0021346360405138163 -0.016859328498679046 -0.0053364251950921877 -0.021969689337189926 -0.0011651511945679355 -0.013332464809962145 0.030852905851488244 -0.0084386940311584873 0.019088797854939901 0.0032263004367285939 0.015468332477014827 0.0013193083984096017 0.016935929846313178
leaf_weight=20.317564394325018 32.632206931710243 73.320290934294462 212.80911717191339 23.31814194470644 143.11402615904808 28.018923077732325 705.40311174467206 27.461795970797539 13.863830424845217 38.84719356149435 25.1052610501647 133.54373517632484 14.352768637239931 722.41539922356606 16.461351841688156
leaf_count=296 139 1249 1434 252 1311 184 4483 140 75 252 138 665 96 3461 99
internal_value=0 0.00309018 -0.0019297 -0.00115569 -0.00767826 -0.000836602 -0.0021087 -0.00819355 -0.00316771 0.00227763 0.0018445 0.00584029 -0.000959507 0.00217111 0.00168965
internal_weight=0 844.829 1386.16 1222.72 163.432 1199.41 813.595 108.192 80.1728 52.711 385.811 158.649 227.162 771.509 738.877
internal_count=14274 4948 9326 7719 1607 7467 5134 651 467 327 2333 803 1530 3699 3560
is_linear=0
shrinkage=0.03


Tree=107
num_leaves=16
num_cat=0
split_feature=7 11 3 13 0 6 1 4 13 1 0 4 13 2 1
split_gain=13.9022 8.01461 7.57838 10.0724 7.37531 6.48202 6.38481 10.3259 6.17328 9.03817 14.8743 8.35197 8.95188 7.75784 8.93902
threshold=0.58333350000000006 0.83161750000000012 0.37500000000000006 0.047692000000000005 0.34688750000000007 2.5000000000000004 0.49763200000000007 0.60416650000000016 0.40556650000000005 0.14831000000000003 0.30093550000000008 0.71875000000000011 0.46591450000000006 0.56754150000000003 0.44425150000000008
decision_type=2 2 2 2 2 2 2 2 2 2 2 2 2 2 2
left_child=1 2 3 -1 -5 -3 -6 -8 9 10 -4 -10 -13 14 -11
right_child=-2 5 8 4 6 -7 7 -9 11 13 -12 12 -14 -15 -16
leaf_value=0.012153958843962719 0.0051749162594972222 -0.0050927329509732628 0.011446309294691828 -0.026359042219878979 -0.0028943786974183791 -0.023331136233549304 -0.0031186695625414315 -0.032192396360535579 -0.012666146010045726 -0.00066262064980258646 -0.017762237840839096 -0.010372426540260495 0.00025965442294269996 0.017284359318247254 0.0081245411316150234
leaf_weight=24.008789774030447 381.92926467582583 75.989075861871243 23.425221238285303 17.170366749167442 134.07170917466283 22.154965102672577 25.229661509394646 18.821567311882973 53.731127396225929 245.48666862025857 43.395288489758968 76.63343508541584 869.31303770840168 36.670206908136606 179.84898103773594
leaf_count=184 3206 445 142 191 1085 362 154 131 288 1413 305 434 4891 214 829
internal_value=0 -0.00110591 -0.000634855 -0.00583677 -0.00809914 -0.00940366 -0.00620163 -0.0159797 0.000114817 0.00273318 -0.00750482 -0.00127164 -0.00061172 0.00422693 0.00306329
internal_weight=0 1845.95 1747.81 219.302 195.293 98.144 178.123 44.0512 1528.5 528.826 66.8205 999.678 945.946 462.006 425.336
internal_count=14274 11068 10261 1745 1561 807 1370 285 8516 2903 447 5613 5325 2456 2242
is_linear=0
shrinkage=0.03


Tree=108
num_leaves=16
num_cat=0
split_feature=8 11 6 11 13 14 2 0 0 1 1 1 1 3 2
split_gain=13.4723 7.70592 6.75552 6.39251 4.8218 4.91961 7.57145 4.51687 4.37264 6.10989 4.64796 7.2005 4.91705 7.38219 4.55924
threshold=1.0000000180025095e-35 1.0000000180025095e-35 3.5000000000000004 3.6339200000000003 0.7249850000000001 0.87500000000000011 0.46612850000000006 0.49143850000000006 0.40876600000000002 0.088647500000000004 0.30321200000000004 0.33969150000000009 0.29178450000000006 0.62500000000000011 0.058176000000000005
decision_type=2 2 2 2 2 2 2 2 2 2 2 2 2 2 2
left_child=2 -2 3 8 7 -6 -7 -4 14 -10 12 -12 13 -11 -1
right_child=1 -3 4 -5 5 6 -8 -9 9 10 11 -13 -14 -15 -16
leaf_value=-0.014519768849869739 0.0020741481681963081 0.012266600151053672 -0.023224046078575339 -0.020363905978580149 -0.01178085746330693 -0.01144271643680091 0.030153761611659315 -0.0069798838020443755 -0.018489577354864131 0.0090186021925497562 -0.010144634365610304 -2.1109752285889559e-05 0.017727704353314784 -0.0022470973631430464 -0.0029000838352460818
leaf_weight=33.751793600618839 770.09446513652802 72.18764316290617 27.226456895470619 14.619044326245783 13.53356584534049 6.1978985257446775 8.1268708966672403 36.760442763566971 15.01795584708452 89.378229688853025 68.760876137763262 675.7589546404779 20.026310358196497 123.68876549974084 250.25775546208024
leaf_count=214 3699 1249 529 155 193 88 117 555 125 620 434 3590 122 742 1842
internal_value=0 0.0029612 -0.00184906 -0.00128598 -0.00966628 0.000749458 0.0125839 -0.0141428 -0.00105175 -0.000111213 0.000189718 -0.000968431 0.00387728 0.00249874 -0.00432707
internal_weight=0 842.282 1383.1 1291.26 91.8452 27.8583 14.3248 63.9869 1276.64 992.631 977.613 744.52 233.093 213.067 284.01
internal_count=14274 4948 9326 7844 1482 398 205 1084 7689 5633 5508 4024 1484 1362 2056
is_linear=0
shrinkage=0.03


Tree=109
num_leaves=16
num_cat=0
split_feature=8 11 6 11 4 2 2 13 1 0 1 2 0 0 0
split_gain=12.7071 7.37474 6.44215 6.14132 4.71368 5.31387 12.8442 7.05626 5.264 4.13106 5.835 4.43128 7.75772 7.47252 5.39386
threshold=1.0000000180025095e-35 1.0000000180025095e-35 3.5000000000000004 3.6339200000000003 0.85416650000000016 0.68085700000000016 0.5975315000000001 0.28468550000000009 0.43687500000000007 0.40876600000000002 0.088647500000000004 0.66216550000000007 0.5815665000000001 0.52621850000000014 0.41619900000000004
decision_type=2 2 2 2 2 2 2 2 2 2 2 2 2 2 2
left_child=2 -2 3 9 8 6 7 -6 -4 -1 -11 14 13 -13 -12
right_child=1 -3 4 -5 5 -7 -8 -9 -10 10 11 12 -14 -15 -16
leaf_value=-0.0042100203675617094 0.0020130134802256927 0.012032643901886941 -0.026220735989020656 -0.020087348993905681 0.020664187345676193 -0.025739931507557396 0.028972226813087597 -0.012299547627546472 0.0087611929867285852 -0.018166802858001888 0.015833694823168581 0.0030459042166445386 -0.010594973962521978 0.030123793531651639 -0.00060778870862309971
leaf_weight=283.28900279477239 769.71386733651161 71.414761312305927 20.945998154580597 14.392918158322571 5.8340445160865775 8.6202362366020662 9.2454798705875856 42.255084682255983 4.1866304315626612 14.846625234931706 17.31900754198432 19.768048141151667 12.833193127065895 16.530446372926235 911.29374014958739
leaf_count=2056 3699 1249 418 155 92 143 127 632 70 125 112 127 82 94 5093
internal_value=0 0.00287699 -0.00179778 -0.00124961 -0.00946477 -0.00510176 -0.00161077 -0.00796099 -0.0202811 -0.00102155 -0.000108222 0.000184271 0.00887221 0.0158543 -0.000284446
internal_weight=0 841.129 1381.36 1290.27 91.0875 65.9548 57.3346 48.0891 25.1326 1275.88 992.591 977.744 49.1317 36.2985 928.613
internal_count=14274 4948 9326 7844 1482 994 851 724 488 7689 5633 5508 303 221 5205
is_linear=0
shrinkage=0.03


Tree=110
num_leaves=16
num_cat=0
split_feature=7 6 11 4 1 13 10 2 0 2 2 2 2 2 14
split_gain=12.2174 7.66541 10.0573 5.71541 7.05699 5.95391 6.28916 6.44969 6.76796 6.2091 6.04616 5.81742 8.3684 6.87597 5.58935
threshold=0.58333350000000006 2.5000000000000004 0.9915520000000001 0.71875000000000011 0.17543950000000003 0.047692000000000005 1.5668975000000003 0.27364950000000005 0.60102400000000011 0.29840450000000007 0.20514300000000005 0.52109200000000011 0.22578600000000001 0.16256900000000005 0.87500000000000011
decision_type=2 2 2 2 2 2 2 2 2 2 2 2 2 2 2
left_child=1 -1 3 4 -3 -5 7 8 -7 -9 -10 12 13 -6 -2
right_child=14 2 -4 5 11 6 -8 9 10 -11 -12 -13 -14 -15 -16
leaf_value=0.00029876220465670987 -0.0036005716147142403 -0.026255817544867333 -0.026648047695579956 0.018122158782817751 -0.011771199442940051 -0.016573997139119528 0.0051613609571960501 0.013994841503693537 0.011148642731047853 -0.0029447291929918487 -0.014363562737430604 0.0098141071974161536 -0.017027775182592294 0.020341726001732906 0.0064291046128561596
leaf_weight=1247.1418858543038 58.561385154724121 17.799329187721014 15.923421800136564 12.165699202567337 10.525227814912798 60.984586745500565 81.878409877419472 19.997675005346537 18.752137091010809 269.45521457120776 13.496644400060175 16.392835009843111 44.797380276024342 11.630973957478998 320.11500075832009
leaf_count=5953 494 235 292 86 92 574 340 169 120 2417 95 149 457 89 2712
internal_value=0 -0.00103754 -0.00383991 -0.00316648 -0.00960837 -0.00178249 -0.00234154 -0.00395611 -0.0107748 -0.00173026 0.000360496 -0.00578403 -0.00969128 0.00523704 0.00487264
internal_weight=0 1840.94 593.8 577.876 101.146 476.73 464.565 382.686 93.2334 289.453 32.2488 83.3464 66.9536 22.1562 378.676
internal_count=14274 11068 5115 4823 1022 3801 3715 3375 789 2586 215 787 638 181 3206
is_linear=0
shrinkage=0.03


Tree=111
num_leaves=16
num_cat=0
split_feature=7 6 11 1 2 3 2 1 6 1 3 1 13 13 2
split_gain=11.5256 7.25238 9.7732 5.61298 6.15316 7.51149 5.39501 6.16348 5.98719 5.85354 5.43819 8.82226 7.80668 6.36526 6.29603
threshold=0.58333350000000006 2.5000000000000004 0.9915520000000001 0.088647500000000004 0.61446550000000011 0.62500000000000011 0.53675050000000013 0.34683550000000002 3.5000000000000004 0.27009400000000006 0.87500000000000011 0.49490350000000005 0.91027200000000008 0.13471650000000004 0.22062850000000003
decision_type=2 2 2 2 2 2 2 2 2 2 2 2 2 2 2
left_child=1 -1 3 4 5 -3 10 8 -8 -10 13 12 -12 14 -5
right_child=-2 2 -4 6 -6 -7 7 -9 9 -11 11 -13 -14 -15 -16
leaf_value=0.00028978579768190792 0.0047380468605690181 -0.02206918479444641 -0.026476950168127802 0.018714990633101714 -0.02448550105795199 0.015126200847658859 0.004813522040785642 0.022862974900257692 -0.017719778975171838 0.011426925083602595 0.0022834959535303475 0.019264264640768594 -0.022485875959400648 -0.0077703862770588704 -0.0032268472352935075
leaf_weight=1247.2295600473881 377.78620411455631 7.5360412374138859 15.557535365223883 15.953504189848898 21.167062390595675 10.43126681819558 89.139613885432482 11.70889851823449 23.016762044280771 7.5841091834008685 57.035282373428345 20.555860780179501 13.284712377935646 261.07805605977774 37.762416828423738
leaf_count=5953 3206 106 292 118 245 97 583 66 307 78 447 122 114 2195 345
internal_value=0 -0.00100846 -0.00374037 -0.00308173 -0.0139094 -0.000815711 -0.00226845 0.00299715 0.000881289 -0.0103631 -0.00397784 0.00246612 -0.00264555 -0.00584002 0.00351277
internal_weight=0 1839.04 591.811 576.254 39.1344 17.9673 537.119 131.449 119.74 30.6009 405.67 90.8759 70.32 314.794 53.7159
internal_count=14274 11068 5115 4823 448 203 4375 1034 968 385 3341 683 561 2658 463
is_linear=0
shrinkage=0.03


Tree=112
num_leaves=16
num_cat=0
split_feature=8 11 3 1 11 1 0 1 5 12 2 2 13 10 10
split_gain=11.1053 6.85119 6.09927 6.26185 6.0132 4.9035 6.87013 4.87611 4.3498 4.32441 4.35325 7.3884 4.6701 4.18721 4.29877
threshold=1.0000000180025095e-35 1.0000000180025095e-35 0.37500000000000006 0.11690300000000002 2.7466335000000002 0.23177500000000004 0.39208300000000007 0.39125400000000005 1.5000000000000002 2.1201380000000003 0.48609650000000004 0.54357500000000003 0.39454700000000004 0.34825400000000006 55.019557000000006
decision_type=2 2 2 2 2 2 2 2 2 2 2 2 2 2 2
left_child=2 13 3 -1 9 6 -5 -7 -9 -4 12 -12 -11 -2 -15
right_child=1 -3 4 5 -6 7 -8 8 -10 10 11 -13 -14 14 -16
leaf_value=-0.026814631651933412 0.012239073413336613 0.01160928648842671 -0.0015033649268558422 -0.012256354828307933 -0.016023281483473983 -0.014638035863238818 0.016012468520284064 0.0092179897955628302 -0.0075464219316956037 0.012326081056898384 -0.021968573040503453 0.0031678986732751723 0.0017915887114237951 0.0010367518056983082 0.016251038127381087
leaf_weight=12.44318615272641 32.518206894397736 70.052270367741585 980.04510563239455 11.696077242493631 22.381092507392168 54.212990947067738 19.027067113667727 19.208036758005619 44.041450705379248 57.34284121543169 14.350117634981869 32.834043454378843 109.16107773780823 719.00527501106262 16.120094120502472
leaf_count=193 139 1249 6277 159 252 557 193 122 383 295 92 223 580 3461 99
internal_value=0 0.0026944 -0.00168412 -0.00715982 -0.000955577 -0.00534072 0.00520362 -0.00811931 -0.00239106 -0.0006599 0.0031975 -0.00477413 0.00547153 0.00186682 0.001392
internal_weight=0 837.696 1376.74 160.629 1216.11 148.186 30.7231 117.462 63.2495 1193.73 213.688 47.1842 166.504 767.644 735.125
internal_count=14274 4948 9326 1607 7719 1414 352 1062 505 7467 1190 315 875 3699 3560
is_linear=0
shrinkage=0.03


Tree=113
num_leaves=16
num_cat=0
split_feature=7 11 3 13 0 1 4 13 4 2 2 2 2 0 2
split_gain=10.4797 6.93005 7.66282 8.63475 7.16289 6.35937 9.71797 6.10049 10.1707 8.34354 10.3841 12.667 11.3438 7.37389 6.79197
threshold=0.58333350000000006 1.2767425000000003 0.37500000000000006 0.047692000000000005 0.34688750000000007 0.49763200000000007 0.60416650000000016 0.37821950000000004 0.82291650000000016 0.41665200000000008 0.18352850000000001 0.25561100000000009 0.32091750000000008 0.54297400000000018 0.56754150000000003
decision_type=2 2 2 2 2 2 2 2 2 2 2 2 2 2 2
left_child=1 2 3 -1 -5 -6 -7 13 9 10 -9 -12 -13 -4 -15
right_child=-2 -3 7 4 5 6 -8 8 -10 -11 11 12 -14 14 -16
leaf_value=0.01056602857319552 0.0045303530223855994 -0.011213127430883948 -0.00052037342861419196 -0.02606022840898603 -0.0028344122399141837 -0.0035349404713935053 -0.031792708854250409 -0.013511744895598476 -1.168223729841053e-05 -0.019863485938156698 0.022742715947686006 -0.023455701335101647 0.011889194153038686 0.0049788930891924901 0.02187854638298279
leaf_weight=24.751892644912004 375.82956963405013 56.495899055153131 273.08619414269924 16.958825161680579 135.8012933563441 25.548544511198997 18.557937368750572 50.372334517538548 909.41981095075607 40.948475494980812 21.20447400957346 16.208595734089617 14.694359526038168 208.72892688959837 23.032807171344757
leaf_count=190 3206 512 1645 199 1127 157 133 250 5198 246 105 95 90 990 131
internal_value=0 -0.000961827 -0.000630218 -0.00583651 -0.00794176 -0.00609923 -0.0158657 0.000113767 -0.00118619 -0.00858163 -0.00392527 0.00542191 -0.00680333 0.00282178 0.00674518
internal_weight=0 1835.81 1779.31 221.618 196.867 179.908 44.1065 1557.7 1052.85 143.428 102.48 52.1074 30.903 504.848 231.762
internal_count=14274 11068 10556 1806 1616 1417 290 8750 5984 786 540 290 185 2766 1121
is_linear=0
shrinkage=0.03


Tree=114
num_leaves=16
num_cat=0
split_feature=8 11 6 11 13 14 2 0 13 4 1 1 1 13 0
split_gain=10.1811 6.44195 5.6948 5.65813 4.68937 4.69246 7.06678 4.41933 4.07613 7.83504 7.75434 7.72239 10.5127 6.33264 6.32977
threshold=1.0000000180025095e-35 1.0000000180025095e-35 3.5000000000000004 3.6339200000000003 0.7249850000000001 0.87500000000000011 0.46612850000000006 0.49143850000000006 0.41464750000000006 0.85416650000000016 0.17991000000000004 0.6391285000000001 0.54212850000000012 0.72263700000000008 0.47155150000000007
decision_type=2 2 2 2 2 2 2 2 2 2 2 2 2 2 2
left_child=2 8 3 -1 7 -6 -7 -4 14 -10 -11 12 -12 -13 -2
right_child=1 -3 4 -5 5 6 -8 -9 9 10 11 13 -14 -15 -16
leaf_value=-0.00088664175685908557 -0.0015757614847375398 0.011292589027097462 -0.022690994765103539 -0.019487729403286996 -0.011094844309034627 -0.010825341683839482 0.029644659625915736 -0.0063331091889769833 -0.0081182580416132247 0.011319951522775134 0.00057003305656148635 6.7047353598528872e-05 -0.016111713549557941 0.024638758065881096 0.0075077270038536184
leaf_weight=1271.2083873040974 103.68420602381229 69.062563724815845 25.818587865680456 13.893516188487409 13.115666233003139 6.0146982483565816 8.1945819146931154 35.882859297096729 85.986356839537621 63.729493126273155 233.53370293974876 18.495435282588005 38.781068578362465 18.291154742240906 203.87698419392109
leaf_count=7689 504 1249 529 155 193 88 117 555 407 305 1120 91 187 90 995
internal_value=0 0.00258275 -0.00161464 -0.00110274 -0.00890962 0.00141298 0.0129285 -0.0134307 0.00178416 -8.86216e-06 0.00187813 -9.87806e-05 -0.00185592 0.0126134 0.00445034
internal_weight=0 835.441 1374.13 1285.1 89.0264 27.3249 14.2093 61.7014 766.378 458.817 372.831 309.101 272.315 36.7866 307.561
internal_count=14274 4948 9326 7844 1482 398 205 1084 3699 2200 1793 1488 1307 181 1499
is_linear=0
shrinkage=0.03


Tree=115
num_leaves=16
num_cat=0
split_feature=8 11 3 1 11 1 0 1 1 12 2 11 10 3 13
split_gain=9.60314 6.15464 5.51304 6.08652 5.50574 4.69242 6.35002 4.77804 4.14703 4.05153 4.60334 4.36334 4.02511 4.02694 6.68825
threshold=1.0000000180025095e-35 1.0000000180025095e-35 0.37500000000000006 0.11690300000000002 2.7466335000000002 0.23177500000000004 0.39208300000000007 0.39125400000000005 0.43214900000000006 3.5631705000000005 0.39948850000000008 0.13163700000000003 0.34825400000000006 0.87500000000000011 0.40556650000000005
decision_type=2 2 2 2 2 2 2 2 2 2 2 2 2 2 2
left_child=2 12 3 -1 9 6 -5 -7 -6 -4 -11 -12 -2 14 -14
right_child=1 -3 4 5 8 7 -8 -9 -10 10 11 -13 13 -15 -16
leaf_value=-0.026496351696786845 0.011914457215983538 0.011068575602251753 -0.0012519747747418816 -0.01175435176890835 -0.023871362313611928 -0.014269696308270723 0.01556129126294827 -0.0020865067625404038 0.0035471876945263464 0.0079446891027627718 -0.01181008927206652 0.0054627828935206067 0.003276872202681943 0.0046575504221090074 -0.0035549297562790447
leaf_weight=12.036999201402066 32.434344619512558 68.377236384898424 1046.3201720248908 11.446004912257196 14.967230638489129 53.460602764040232 19.164215765893459 62.768730957061052 6.865641549229621 94.887472432106733 25.219780571758747 25.564520083367825 253.31652618199587 219.56234154105186 260.66619583964348
leaf_count=193 139 1249 6664 159 189 557 193 505 63 485 149 169 1243 1083 1234
internal_value=0 0.00250994 -0.00156902 -0.0068061 -0.000878499 -0.00502371 0.00529849 -0.00776418 -0.0154715 -0.000598465 0.00407205 -0.00317744 0.0017325 0.00126669 -0.000188049
internal_weight=0 834.357 1372.7 158.877 1213.82 146.84 30.6102 116.229 21.8329 1191.99 145.672 50.7843 765.979 733.545 513.983
internal_count=14274 4948 9326 1607 7719 1414 352 1062 252 7467 803 318 3699 3560 2477
is_linear=0
shrinkage=0.03


Tree=116
num_leaves=16
num_cat=0
split_feature=7 6 11 1 2 13 14 5 11 11 13 3 13 13 2
split_gain=9.22377 6.7148 9.22243 5.32806 6.00971 7.01625 5.28407 5.42686 5.18398 6.7802 5.39407 5.16132 5.37584 5.11391 4.98006
threshold=0.58333350000000006 2.5000000000000004 0.9915520000000001 0.088647500000000004 0.61446550000000011 0.58936650000000013 0.87500000000000011 1.0000000180025095e-35 5.5860875000000005 0.12739250000000002 0.81696200000000008 0.87500000000000011 0.66351750000000009 0.24331000000000005 0.53675050000000013
decision_type=2 2 2 2 2 2 2 2 2 2 2 2 2 2 2
left_child=1 -1 3 4 5 -3 11 -8 9 -9 13 12 -2 -11 -5
right_child=6 2 -4 14 -6 -7 7 8 -10 10 -12 -13 -14 -15 -16
leaf_value=0.00034622875010103594 -0.0032480171966794537 -0.019894484914300858 -0.02613931142721674 -0.0037735337304268214 -0.024157463315231713 0.015979343314494542 0.015699011598571677 0.002042845969601408 -0.01225140308770954 0.022420507342550942 0.028608381157993506 0.0090600488199433279 -0.027913813445948454 0.0031991860831344135 0.002938148157153053
leaf_weight=1243.9742933809757 30.078857697546482 8.1012111529707926 14.834557922556995 403.08097240328789 20.681021075695753 9.6478255409747344 42.165493674576283 181.00930457562208 15.279715634882448 16.349899783730507 14.50232833996415 17.890695855021477 9.9741232469677907 45.720678985118866 131.17669489979744
leaf_count=5953 260 115 292 3341 245 88 363 1118 260 206 191 155 79 574 1034
internal_value=0 -0.000902591 -0.00354284 -0.00291297 -0.0135601 -0.000582358 0.00426733 0.00579691 0.00421499 0.00523538 0.0126585 -0.00400592 -0.0099207 0.00853745 -0.0021232
internal_weight=0 1831.5 587.522 572.688 38.4301 17.749 372.971 315.027 272.862 257.582 76.5729 57.9437 40.053 62.0706 534.258
internal_count=14274 11068 5115 4823 448 203 3206 2712 2349 2089 971 494 339 780 4375
is_linear=0
shrinkage=0.03


Tree=117
num_leaves=16
num_cat=0
split_feature=8 11 6 11 4 2 2 13 1 10 4 13 1 1 0
split_gain=8.83704 5.70396 5.28431 5.25726 4.54009 5.27427 11.9568 7.75776 5.2047 3.8209 3.72624 7.97495 7.27295 12.2705 6.99132
threshold=1.0000000180025095e-35 1.0000000180025095e-35 3.5000000000000004 3.6339200000000003 0.85416650000000016 0.68085700000000016 0.5975315000000001 0.27468450000000005 0.43687500000000007 0.34825400000000006 0.85416650000000016 0.71418250000000005 0.39474600000000004 0.28093200000000007 0.47155150000000007
decision_type=2 2 2 2 2 2 2 2 2 2 2 2 2 2 2
left_child=2 9 3 -1 8 6 7 -6 -4 -2 11 12 13 14 -11
right_child=1 -3 4 -5 5 -7 -8 -9 -10 10 -12 -13 -14 -15 -16
leaf_value=-0.00080970788020098871 0.011598147702627588 0.010717731389342938 -0.025760230847117437 -0.018985078846818992 0.02371955349780315 -0.025357372358661222 0.028471754157447456 -0.011709582625026993 0.0093506940050271277 -0.0036594938644976239 0.0027464253184851769 -0.018851900026083172 0.0060429626564392899 -0.016525646100653962 0.014908409735147607
leaf_weight=1268.9075995907187 32.358491644263268 67.326633051037788 19.592464515939358 13.489621151238678 5.4604253862053147 8.1933306939899904 9.3181500509381276 41.173357143998146 4.1149368286132804 55.154407970607281 483.52443833649158 21.379415810108185 98.147879421710968 48.405928462743759 26.074662923812866
leaf_count=7689 139 1249 418 155 87 143 127 637 70 273 2344 99 484 232 128
internal_value=0 0.0024105 -0.00150659 -0.00101554 -0.00858247 -0.00429712 -0.000822065 -0.00715026 -0.0195342 0.0016664 0.00121256 -0.00176313 -8.38109e-05 -0.0047332 0.00240965
internal_weight=0 832.372 1370.25 1282.4 87.8527 64.1453 55.9519 46.6338 23.7074 765.045 732.687 249.162 227.783 129.635 81.2291
internal_count=14274 4948 9326 7844 1482 994 851 724 488 3699 3560 1216 1117 633 401
is_linear=0
shrinkage=0.03


Tree=118
num_leaves=16
num_cat=0
split_feature=3 1 1 13 2 2 1 4 13 1 1 1 13 13 0
split_gain=8.51481 10.5183 11.4721 7.831 10.3414 15.8266 17.2179 11.5828 9.65087 7.58101 14.182 12.8504 10.5384 8.78284 8.48982
threshold=0.37500000000000006 0.10457050000000001 0.23177500000000004 0.29099350000000007 0.39666950000000006 0.54807600000000012 0.17046200000000003 0.85416650000000016 0.30929450000000008 0.6391285000000001 0.54212850000000012 0.65826350000000011 0.73882100000000006 0.64371650000000014 0.8053800000000001
decision_type=2 2 2 2 2 2 2 2 2 2 2 2 2 2 2
left_child=1 -1 -3 4 -2 -6 7 -7 -5 10 -10 -11 13 14 -13
right_child=3 2 -4 8 5 6 -8 -9 9 11 -12 12 -14 -15 -16
leaf_value=-0.029081485234305603 0.0070201500218389544 0.0086273715833412954 -0.0069811242729888824 -0.016814708017609849 -0.011175690201335228 0.0077469516981822657 0.022708112264720231 -0.030951653578181564 0.00032140588855617973 0.027473429281203561 -0.0099830851577609667 -0.0091485229676387565 0.01390191307379128 -0.023439799319888641 0.016953064086788077
leaf_weight=14.512009155005215 322.35192804411054 53.320101570338011 192.89456567727029 30.592495154589415 82.240662664175034 15.512947848066689 34.123634489253163 11.190428785979746 1186.3927161712199 21.621033206582069 132.7520375624299 26.331063743680716 41.74114353954792 16.54942075163126 18.030579403042793
leaf_count=194 1885 507 1509 190 526 118 221 87 7674 118 719 133 218 81 94
internal_value=0 -0.00510485 -0.00357973 0.000659628 0.00404766 -0.00265201 0.00886672 -0.00900211 -0.000412165 -5.31211e-05 -0.000722362 0.00699985 0.00246417 -0.00547184 0.0016002
internal_weight=0 260.727 246.215 1939.43 465.42 143.068 60.827 26.7034 1474.01 1443.42 1319.14 124.273 102.652 60.9111 44.3616
internal_count=14274 2210 2016 12064 2837 952 426 205 9227 9037 8393 644 526 308 227
is_linear=0
shrinkage=0.03


Tree=119
num_leaves=16
num_cat=0
split_feature=7 6 11 4 1 13 2 0 2 2 13 1 2 2 2
split_gain=8.34808 6.19952 8.91483 5.20775 6.7776 5.28349 5.54134 10.0941 10.8069 6.05093 6.52302 5.42272 5.15316 7.85408 6.37946
threshold=0.58333350000000006 2.5000000000000004 0.9915520000000001 0.71875000000000011 0.17543950000000003 0.047692000000000005 0.27193700000000004 0.58380200000000004 0.20514300000000005 0.29840450000000007 0.11026500000000002 0.1141515 0.52109200000000011 0.22578600000000001 0.16256900000000005
decision_type=2 2 2 2 2 2 2 2 2 2 2 2 2 2 2
left_child=1 -1 3 4 -3 -5 7 -7 -9 -8 -11 -12 13 14 -6
right_child=-2 2 -4 5 12 6 9 8 -10 10 11 -13 -14 -15 -16
leaf_value=0.0003402674611915801 0.0040704843252904396 -0.025774783974547247 -0.025928348230060856 0.017227819120479219 -0.01122741799237947 -0.015417181879191407 0.013426058244168185 0.015352276839089546 -0.014546003137782995 -0.023166868225350447 -0.01000352413137595 0.0011309419603451536 0.0093214914891856741 -0.016314901062497295 0.019811541678160439
leaf_weight=1243.1020148694515 371.14938279241323 16.90334271080792 14.411227520555256 12.234363388270138 10.337939962744715 63.972279105335474 26.167371772229671 25.730964049696922 17.382366396486759 10.842736873775719 45.048204565420747 270.36548535898328 16.46228639036417 43.484375238418579 11.692134961485861
leaf_count=5953 3206 235 292 86 92 575 199 158 116 90 472 2105 149 457 89
internal_value=0 -0.000858655 -0.0034024 -0.00278914 -0.00901364 -0.00146814 -0.00200224 -0.00794461 0.00324145 -0.000179258 -0.00130816 -0.000485901 -0.00528857 -0.0090447 0.00539099
internal_weight=0 1828.14 585.035 570.624 98.8801 471.744 459.509 107.086 43.1133 352.424 326.256 315.414 81.9767 65.5145 22.0301
internal_count=14274 11068 5115 4823 1022 3801 3715 849 274 2866 2667 2577 787 638 181
is_linear=0
shrinkage=0.03


Tree=120
num_leaves=16
num_cat=0
split_feature=8 11 6 11 13 13 14 0 1 11 4 1 13 4 1
split_gain=8.02608 5.3348 4.90679 5.02501 4.47977 4.45446 6.16778 4.29914 3.77172 6.15241 6.52877 4.12877 3.66618 6.86763 7.41849
threshold=1.0000000180025095e-35 1.0000000180025095e-35 3.5000000000000004 3.6339200000000003 0.7249850000000001 0.78356450000000011 0.87500000000000011 0.49143850000000006 0.65826350000000011 3.4563390000000003 0.71875000000000011 0.25188050000000006 0.41464750000000006 0.85416650000000016 0.17991000000000004
decision_type=2 2 2 2 2 2 2 2 2 2 2 2 2 2 2
left_child=2 12 3 -1 7 -6 -7 -4 9 -3 -11 -12 -2 -14 -15
right_child=1 8 4 -5 5 6 -8 -9 -10 10 11 -13 13 14 -16
leaf_value=-0.00076682662542151619 0.004120096606766971 0.020764559708248365 -0.022204395571380313 -0.018680678216312294 0.022322185600502312 -0.021150350856255811 0.010113780235438328 -0.0058138520106396233 -0.010801543638976429 -0.027591776939245877 -0.0090869713197731777 0.017721559959342444 -0.0077064466918274439 0.010919403577952864 -0.00027881853500326729
leaf_weight=1267.2746806424111 305.943294942379 34.550965279340744 24.625145940110087 13.254272956401108 6.1421350091695812 9.8784054517746007 10.98879852890968 35.198776079341769 6.0866959355771533 4.5867791660130051 7.1143530234694508 14.043769381940363 86.00228263437748 63.351304948329926 308.16235519945621
leaf_count=7689 1499 652 529 155 87 152 159 555 115 86 133 263 407 305 1488
internal_value=0 0.00230008 -0.00143798 -0.000966678 -0.00829808 0.00180647 -0.00497686 -0.0128148 0.0103939 0.0126748 0.00144757 0.00870399 0.00158365 -0.000117773 0.00165491
internal_weight=0 829.842 1367.36 1280.53 86.8333 27.0093 20.8672 59.8239 66.3826 60.2959 25.7449 21.1581 763.459 457.516 371.514
internal_count=14274 4948 9326 7844 1482 398 311 1084 1249 1134 482 396 3699 2200 1793
is_linear=0
shrinkage=0.03


Tree=121
num_leaves=16
num_cat=0
split_feature=3 1 1 0 13 2 2 1 4 13 0 0 0 13 0
split_gain=7.83448 10.0883 10.9457 7.39927 7.30933 9.61737 14.931 16.0335 11.1227 9.15174 7.26082 18.6759 10.4112 9.41448 8.7627
threshold=0.37500000000000006 0.10457050000000001 0.23177500000000004 0.39208300000000007 0.29099350000000007 0.39666950000000006 0.54807600000000012 0.17046200000000003 0.85416650000000016 0.30929450000000008 0.56134150000000016 0.50218450000000014 0.6888105000000001 0.23985550000000003 0.47740850000000007
decision_type=2 2 2 2 2 2 2 2 2 2 2 2 2 2 2
left_child=1 -1 3 -3 5 10 -7 8 -8 -6 11 14 13 -12 -2
right_child=4 2 -4 -5 9 6 7 -9 -10 -11 12 -13 -14 -15 -16
leaf_value=-0.028716078755019928 0.0045491172990517366 -0.0057807488083369881 -0.0067677757218054359 0.016960171746584103 -0.01642222895825057 -0.010877046394023492 0.0076865953194503239 0.021946106132105021 -0.030391698629886877 -5.5733279766937166e-05 0.013005688925978641 -0.015701440473599445 0.0026504360733961654 0.037643387589784409 0.026032550112605298
leaf_weight=14.112932188436387 113.32672411948442 19.962717635557055 191.90536029264331 33.320421051234007 30.419966800138354 81.795519318431616 15.455026283860208 34.156323837116361 11.045108754187821 1440.848079694435 66.659607324749231 38.241315271705389 66.968975566327572 17.481250505894423 19.273041844367981
leaf_count=194 725 221 1509 286 190 526 118 221 87 9037 363 231 343 106 117
internal_value=0 -0.00491209 -0.00343087 0.00849067 0.000631261 0.0039082 -0.0025696 0.00862775 -0.00871225 -0.000405052 0.00677349 0.0025122 0.011543 0.0185065 0.00784316
internal_weight=0 259.301 245.188 53.2831 1935.67 464.403 142.452 60.6565 26.5001 1471.27 321.951 170.841 151.11 84.1409 132.6
internal_count=14274 2210 2016 507 12064 2837 952 426 205 9227 1885 1073 812 469 842
is_linear=0
shrinkage=0.03


Tree=122
num_leaves=16
num_cat=0
split_feature=7 11 0 3 13 0 1 4 14 5 5 0 2 13 13
split_gain=7.53086 5.87308 5.63623 5.21153 8.9048 6.76402 6.2906 9.71012 4.96835 5.20242 5.17005 5.58172 5.03694 4.8963 7.58219
threshold=0.58333350000000006 0.83161750000000012 0.66266250000000015 0.37500000000000006 0.047692000000000005 0.34688750000000007 0.49763200000000007 0.60416650000000016 0.87500000000000011 1.0000000180025095e-35 2.5000000000000004 0.57404600000000017 0.17649900000000004 0.40556650000000005 0.46591450000000006
decision_type=2 2 2 2 2 2 2 2 2 2 2 2 2 2 2
left_child=1 3 -3 4 -1 -6 -7 -8 10 12 11 -2 -10 -5 -15
right_child=8 2 -4 13 5 6 7 -9 9 -11 -12 -13 -14 14 -16
leaf_value=0.012136916012169789 -0.0021932049057257863 -0.011531516793975009 0.0071791664264902544 0.0025390738089405319 -0.025240090674152948 -0.0018768930492169507 -0.0026242736806591296 -0.031237026485053498 0.00011102993294811017 0.0038204489534821771 0.0056763597491501401 -0.027790827549995026 0.022266409003971477 -0.0094798567287731113 -0.00022533741365201476
leaf_weight=23.842195104807615 20.075263947248462 76.757850226014853 17.087670300155878 525.501510001719 15.741021433845161 130.47405738011003 24.949360378086567 17.926372483372688 13.613286912441252 270.40583447739482 25.820299882441759 11.597627304494379 27.78318540006876 86.364180617034435 906.06225064769387
leaf_count=184 172 707 100 2903 191 1085 154 131 119 2349 227 95 244 496 5117
internal_value=0 -0.000815948 -0.00808485 -0.000417395 -0.00480104 -0.00698934 -0.00519682 -0.0150266 0.00387618 0.00536893 -0.00417278 -0.01213 0.0151551 0.000200293 -0.00103943
internal_weight=0 1824.71 93.8455 1730.86 212.933 189.091 173.35 42.8757 369.295 311.802 57.4932 31.6729 41.3965 1517.93 992.426
internal_count=14274 11068 807 10261 1745 1561 1370 285 3206 2712 494 267 363 8516 5613
is_linear=0
shrinkage=0.03


Tree=123
num_leaves=16
num_cat=0
split_feature=8 11 6 11 4 2 2 1 10 1 11 4 1 3 0
split_gain=7.277 4.97371 4.6479 4.76708 4.37071 4.52937 11.8732 4.1508 3.6226 3.5797 6.01709 6.18157 3.98106 3.50282 6.39666
threshold=1.0000000180025095e-35 1.0000000180025095e-35 3.5000000000000004 3.6339200000000003 0.92708350000000006 0.68085700000000016 0.5975315000000001 0.45582000000000006 0.34825400000000006 0.65826350000000011 3.4563390000000003 0.71875000000000011 0.25188050000000006 0.87500000000000011 0.38536150000000008
decision_type=2 2 2 2 2 2 2 2 2 2 2 2 2 2 2
left_child=2 8 3 -1 7 6 -6 -4 -2 10 -3 -12 -13 -10 -15
right_child=1 9 4 -5 5 -7 -8 -9 13 -11 11 12 -14 14 -16
leaf_value=-0.00071996886067844526 0.011192510476571726 0.020462432793187605 -0.022143250731030031 -0.018327240396947848 -0.0065905137508738528 -0.024251969705130941 0.030461112425419181 0.008332919555140296 -0.00029631020699112789 -0.01048081724018738 -0.026746341044937772 -0.0089558285322511762 0.017421266565071938 0.01536710623991628 0.0018636934794192227
leaf_weight=1265.6776630114764 32.236950099468231 33.740976717323065 24.26031489297748 12.994816435500978 42.112707521766424 6.9522071387618771 8.4988382533192617 4.2407699450850478 511.72787990421057 6.1379630863666526 4.6646391972899464 7.1391046755015877 13.767384383827446 37.355973854660988 180.69895072281361
leaf_count=7689 139 652 517 155 657 125 111 72 2477 115 86 133 263 184 899
internal_value=0 0.00219328 -0.00137052 -0.000913089 -0.00807813 -0.00320414 0.000100952 -0.0174799 0.00150472 0.0100668 0.0123317 0.0012369 0.00841642 0.00106205 0.00423662
internal_weight=0 827.47 1364.74 1278.67 86.0648 57.5638 50.6115 28.5011 762.02 65.4501 59.3121 25.5711 20.9065 729.783 218.055
internal_count=14274 4948 9326 7844 1482 893 768 589 3699 1249 1134 482 396 3560 1083
is_linear=0
shrinkage=0.03


Tree=124
num_leaves=16
num_cat=0
split_feature=3 1 1 6 0 13 2 2 1 4 13 4 1 1 1
split_gain=6.98106 9.70835 10.3916 6.9526 6.76818 6.72882 9.03563 14.0952 15.1002 10.6263 8.69888 7.24994 7.1409 13.4211 12.0698
threshold=0.37500000000000006 0.10457050000000001 0.23177500000000004 3.5000000000000004 0.39208300000000007 0.29099350000000007 0.39666950000000006 0.54807600000000012 0.17046200000000003 0.85416650000000016 0.30929450000000008 0.85416650000000016 0.6391285000000001 0.54212850000000012 0.65826350000000011
decision_type=2 2 2 2 2 2 2 2 2 2 2 2 2 2 2
left_child=1 -1 4 -4 -3 6 -2 11 9 -9 -7 -8 13 -12 -14
right_child=5 2 3 -5 -6 10 7 8 -10 -11 12 -13 14 -15 -16
leaf_value=-0.028300598068531344 0.0065180610858608795 -0.0053659495545297911 -0.0047749171913997399 -0.026032699697192227 0.016453112090109467 -0.016045241035522677 -0.01897232215022359 0.0074421861489200698 0.021234815669595921 -0.029878205830279433 0.000306098028300661 -0.0011168403742718668 0.026670926529606263 -0.0097350030926738051 0.0023963428842584881
leaf_weight=13.751369826495646 321.65121106430888 19.725030370056629 176.58095193840563 14.126669712364672 33.455205634236336 30.305281786248088 42.930780541151762 15.456910738721492 34.188710659742355 10.932272728532551 1181.9169539771974 38.56477328389883 21.541069317609072 132.309426471591 102.57982001081109
leaf_count=194 1885 221 1286 223 286 190 284 118 221 87 7674 242 118 719 526
internal_value=0 -0.00465323 -0.00320978 -0.00647717 0.00841056 0.000594821 0.00374112 -0.00254743 0.00833394 -0.00854496 -0.000400486 -0.0106388 -5.99405e-05 -0.000711421 0.00678867
internal_weight=0 257.639 243.888 190.708 53.1802 1932.38 463.725 142.073 60.5779 26.3892 1468.65 81.4956 1438.35 1314.23 124.121
internal_count=14274 2210 2016 1509 507 12064 2837 952 426 205 9227 526 9037 8393 644
is_linear=0
shrinkage=0.03


Tree=125
num_leaves=16
num_cat=0
split_feature=8 11 10 4 3 0 1 12 1 0 11 10 10 13 13
split_gain=6.83358 4.71504 4.44891 5.0247 4.19639 5.13888 3.71753 4.01671 3.53295 3.43547 6.17038 3.98086 3.40344 3.43603 4.444
threshold=1.0000000180025095e-35 1.0000000180025095e-35 2.0781285000000005 0.92708350000000006 0.37500000000000006 0.37421200000000004 0.012388500000000002 3.5631705000000005 0.35030700000000009 0.66796850000000008 5.3344820000000004 57.329092500000009 0.34825400000000006 0.96839150000000018 0.41464750000000006
decision_type=2 2 2 2 2 2 2 2 2 2 2 2 2 2 2
left_child=2 12 4 -4 5 -1 -6 -8 -9 10 -3 -12 -2 14 -14
right_child=1 9 3 -5 6 -7 7 8 -10 -11 11 -13 13 -15 -16
leaf_value=-0.020878313584115002 0.010861659308436206 0.019356636148323739 0.0022595594649968175 -0.019508576369413364 -0.014578301146493937 -0.003682705607023128 -0.00089143353802419699 -0.00045007676546058738 0.0089180207256578693 -0.0034031540122262875 0.0074595303769828649 -0.024733633660106117 0.0034940372472827882 0.012449420534713752 -0.0013311539770417364
leaf_weight=16.860955936834216 32.150150299072266 37.977326814085245 15.196941409260033 23.820901717990637 15.471873415634034 132.44127987325191 1015.203520424664 69.195003364235163 74.840966336429119 13.549942675977944 8.9315155483782274 4.3377588465809813 291.21500530838966 21.971175312995911 415.93883625417948
leaf_count=281 139 743 175 248 139 1257 6436 435 355 258 167 81 1441 107 2012
internal_value=0 0.00212685 -0.0013293 -0.0111856 -0.00103062 -0.00575062 -0.000426339 -0.000225057 0.00444551 0.00983359 0.0133316 -0.00406031 0.00145885 0.00102993 0.00065805
internal_weight=0 826.072 1363.03 39.0178 1324.01 149.302 1174.71 1159.24 144.036 64.7965 51.2466 13.2693 761.275 729.125 707.154
internal_count=14274 4948 9326 423 8903 1538 7365 7226 790 1249 991 248 3699 3560 3453
is_linear=0
shrinkage=0.03


Tree=126
num_leaves=16
num_cat=0
split_feature=6 10 1 2 13 2 4 0 13 1 0 0 0 3 13
split_gain=6.69507 8.95582 8.39433 11.9905 10.656 9.27806 15.644 10.1027 10.4299 9.05672 8.75278 8.2658 7.77753 7.32897 10.5567
threshold=2.5000000000000004 7.2629740000000007 0.1141515 0.53675050000000013 0.21528250000000002 0.44498500000000007 0.89583350000000006 0.44338900000000009 0.87075050000000009 0.18665800000000002 0.44819900000000007 0.35462050000000006 0.79622000000000015 0.87500000000000011 0.54668250000000007
decision_type=2 2 2 2 2 2 2 2 2 2 2 2 2 2 2
left_child=1 -1 -2 5 -5 7 -7 8 9 11 -8 -4 13 14 -9
right_child=2 -3 3 4 -6 6 10 12 -10 -11 -12 -13 -14 -15 -16
leaf_value=0.0003114063328985223 -0.012279843023781425 0.0077616506815919679 -0.010580862294102157 -0.011436008929064087 0.00944812483200878 -0.027779803860702546 0.017196273500606971 0.0042558123545169838 0.013859828427252736 -0.019725257325325114 -0.0086427454425581831 0.026602838159277224 -0.022395135528527229 0.011059406187221194 -0.0093080718236226417
leaf_weight=1299.8410770632327 68.703123971819878 162.49045007303357 14.161646010354163 25.572703413665295 129.22676115296781 34.370306249707937 14.059209724888204 150.5518415030092 13.419378396123646 61.095180215314031 53.803147286176682 7.3527710493654004 11.087727125734089 63.876803174614906 77.336301961913705
leaf_count=6552 797 1388 165 238 1015 342 142 1223 135 633 424 80 68 464 608
internal_value=0 0.001144 -0.00238045 -0.00132644 0.00594683 -0.00358059 -0.0115978 -0.00150195 -0.00992703 -0.0139106 -0.00311763 0.0027442 0.00119337 0.00216322 -0.000367794
internal_weight=0 1462.33 724.617 655.914 154.799 501.114 102.233 398.882 96.029 82.6096 67.8624 21.5144 302.853 291.765 227.888
internal_count=14274 7940 6334 5537 1253 4284 908 3376 1013 878 566 245 2363 2295 1831
is_linear=0
shrinkage=0.03


Tree=127
num_leaves=16
num_cat=0
split_feature=7 1 1 13 11 4 1 13 1 1 0 2 0 0 1
split_gain=6.40516 5.38879 14.8831 8.48282 7.98487 6.37228 7.787 6.32221 7.86049 5.6185 5.54561 5.6155 5.49437 9.35062 8.49857
threshold=0.58333350000000006 0.55230650000000014 0.53578550000000014 0.26115550000000004 1.5298255000000001 0.82291650000000016 0.50456300000000021 0.52878700000000012 0.70523050000000009 0.61113550000000016 0.73664650000000009 0.086797000000000013 0.22206000000000004 0.36730450000000009 0.27395300000000006
decision_type=2 2 2 2 2 2 2 2 2 2 2 2 2 2 2
left_child=1 2 4 9 5 6 12 8 10 -3 11 -5 -1 -14 -15
right_child=-2 3 -4 7 -6 -7 -8 -9 -10 -11 -12 -13 13 14 -16
leaf_value=0.013589128540340636 0.0035918987172607179 0.020419466696729314 -0.019016400494189949 -0.018397609942541249 -0.015094120431646747 0.00069875169053393294 0.012162681954033385 0.0034398918715562417 0.0096794250431395026 0.0045458003910811918 -0.026365762114063121 0.0035164963310707559 -0.016159671289696222 0.0030040803258488372 -0.0068108894554099533
leaf_weight=13.490396192297338 365.87050634995103 32.896711066365242 41.381446935236454 17.847453322261572 34.228196155279875 993.44504712149501 25.530722338706255 146.25137021765113 18.202823042869568 51.105507537722588 17.123616307973862 23.237201523035765 59.291136339306831 122.25952155143023 223.03781642764807
leaf_count=97 3206 161 220 85 368 6036 141 674 78 234 84 125 486 874 1405
internal_value=0 -0.000753194 -0.00148852 0.00286693 -0.000982944 -0.000636578 -0.00362184 -0.000209959 -0.00714999 0.0109293 -0.0124875 -0.0062141 -0.00461247 -0.00525138 -0.00333706
internal_weight=0 1819.33 1512.66 306.665 1471.28 1437.05 443.61 222.662 76.4111 84.0022 58.2083 41.0847 418.079 404.588 345.297
internal_count=14274 11068 9627 1441 9407 9039 3003 1046 372 395 294 210 2862 2765 2279
is_linear=0
shrinkage=0.03


Tree=128
num_leaves=16
num_cat=0
split_feature=6 10 1 2 13 2 4 0 13 1 0 0 0 1 0
split_gain=6.3609 8.29376 7.97787 11.2166 10.0046 8.82194 15.0218 9.52786 9.86897 8.68728 8.2397 7.73485 7.41987 7.31578 6.95414
threshold=2.5000000000000004 7.2629740000000007 0.1141515 0.53675050000000013 0.21528250000000002 0.44498500000000007 0.89583350000000006 0.44338900000000009 0.87075050000000009 0.18665800000000002 0.44819900000000007 0.35462050000000006 0.79622000000000015 0.26505600000000007 0.36730450000000009
decision_type=2 2 2 2 2 2 2 2 2 2 2 2 2 2 2
left_child=1 -1 14 5 -5 7 13 8 9 11 -8 -4 -9 -7 -2
right_child=2 -3 3 4 -6 6 10 12 -10 -11 -12 -13 -14 -15 -16
leaf_value=0.00031546653534786828 -0.0015575467511984638 0.0075051024034105971 -0.010308238125937244 -0.011172307264757101 0.0091046234815600775 -0.0086285284561756874 0.016571870984329426 0.0020982875775502571 0.013383599951146489 -0.019334756258785567 -0.00844145965181981 0.025584144306766917 -0.02193881651769598 -0.037940334279434933 -0.02069882503662393
leaf_weight=1298.9215302206576 31.534216588363051 161.48091486468911 14.045711666345598 25.425969053059816 129.60597564093769 12.895527832210062 14.161847857758401 291.7752044107765 13.494325902312992 60.416315713897347 53.611833728849888 7.445367742329835 11.03528183326125 20.951185708865523 36.730437751859426
leaf_count=6552 378 1388 165 238 1015 150 142 2295 135 633 424 80 68 192 419
internal_value=0 0.00111504 -0.00232344 -0.00129725 0.00572882 -0.0034836 -0.0113279 -0.00145843 -0.00967317 -0.0135874 -0.00304976 0.00271097 0.00115298 -0.0273407 -0.0120068
internal_weight=0 1460.4 723.129 654.865 155.032 499.833 101.62 398.212 95.4017 81.9074 67.7737 21.4911 302.81 33.8467 68.2647
internal_count=14274 7940 6334 5537 1253 4284 908 3376 1013 878 566 245 2363 342 797
is_linear=0
shrinkage=0.03


Tree=129
num_leaves=16
num_cat=0
split_feature=3 1 1 2 4 0 13 13 2 2 1 4 1 1 1
split_gain=6.15488 9.27548 9.86293 10.1803 10.0762 7.59019 6.38021 8.19555 8.03668 13.2209 14.0729 7.32468 6.66508 12.5811 11.3939
threshold=0.37500000000000006 0.10457050000000001 0.26846550000000008 0.35937250000000004 0.60416650000000016 0.50344450000000018 0.29099350000000007 0.30929450000000008 0.39666950000000006 0.54807600000000012 0.17991000000000004 0.85416650000000016 0.6391285000000001 0.54212850000000012 0.65826350000000011
decision_type=2 2 2 2 2 2 2 2 2 2 2 2 2 2 2
left_child=1 -1 3 -3 5 -4 8 -8 -2 -10 11 -11 13 -9 -14
right_child=6 2 4 -5 -6 -7 7 12 9 10 -12 -13 14 -15 -16
leaf_value=-0.027903493581483325 0.0062444298700914721 -0.011097920138028294 -0.014953020581346781 0.013280271416358095 -0.015336160182157997 0.0042201297180878127 -0.015648973808140287 0.00027208390115447808 -0.010204578768406107 0.0053740300269847305 0.021573024120567115 -0.024793961641554119 0.025879257289697866 -0.0094645689210391265 0.0022686755731484275
leaf_weight=13.277091111987827 320.81152465008199 20.923267845064402 23.802847258746624 51.681017784401774 72.379129169508815 73.113120459020138 30.104777982458472 1178.9865200389177 80.83442946523428 17.013034602627162 31.97464626096189 11.26468940079212 21.489768262952566 131.89594682306051 102.37196941301227
leaf_count=194 1885 217 185 464 614 536 190 7674 526 130 206 90 118 719 526
internal_value=0 -0.00439357 -0.00299362 0.00619958 -0.00694949 -0.000593473 0.000555856 -0.000414074 0.00362611 -0.00232964 0.00822948 -0.00708005 -8.37277e-05 -0.000714048 0.00653952
internal_weight=0 255.176 241.899 72.6043 169.295 96.916 1926.75 1464.85 461.898 141.087 60.2524 28.2777 1434.74 1310.88 123.862
internal_count=14274 2210 2016 681 1335 721 12064 9227 2837 952 426 220 9037 8393 644
is_linear=0
shrinkage=0.03


Tree=130
num_leaves=16
num_cat=0
split_feature=6 10 1 2 13 2 4 0 13 1 0 0 1 0 3
split_gain=5.99505 7.8085 7.44884 10.2848 9.63163 8.31533 14.4174 9.05661 9.36203 8.30763 7.75854 7.25003 7.10453 7.05354 6.76409
threshold=2.5000000000000004 7.022974500000001 0.1141515 0.53675050000000013 0.21528250000000002 0.44498500000000007 0.89583350000000006 0.44338900000000009 0.87075050000000009 0.18665800000000002 0.44819900000000007 0.35462050000000006 0.26505600000000007 0.79622000000000015 0.87500000000000011
decision_type=2 2 2 2 2 2 2 2 2 2 2 2 2 2 2
left_child=1 -1 -2 5 -5 7 12 8 9 11 -8 -4 -7 14 -9
right_child=2 -3 3 4 -6 6 10 13 -10 -11 -12 -13 -14 -15 -16
leaf_value=0.00029676285998729779 -0.011658363244837393 0.0072182280688722024 -0.010084180497372933 -0.011156502515320185 0.0087456379263269046 -0.0084307125548374294 0.016029679240210065 -0.00038352092863944316 0.012932892571754558 -0.018962406310994918 -0.0081904365868955779 0.024580833406980404 -0.037437926033587983 -0.021435447200584577 0.010577270777748742
leaf_weight=1294.7604978345335 67.691798727959394 164.45331971347332 13.957747634500267 25.37954892963171 130.04701350443065 12.859384078532456 14.261449186131356 227.6990856397897 13.572946045547722 59.790005648508668 53.395563900470734 7.5381586775183669 20.524047138169408 10.97882619127631 64.152501087635756
leaf_count=6527 797 1413 165 238 1015 150 142 1831 135 633 424 80 192 68 464
internal_value=0 0.00108122 -0.00225934 -0.00127042 0.00544528 -0.00337004 -0.0110108 -0.00140601 -0.00944322 -0.0132913 -0.00292595 0.00262441 -0.0268344 0.00113436 0.00205368
internal_weight=0 1459.21 721.848 654.156 155.427 498.73 101.04 397.689 94.8589 81.2859 67.657 21.4959 33.3834 302.83 291.852
internal_count=14274 7940 6334 5537 1253 4284 908 3376 1013 878 566 245 342 2363 2295
is_linear=0
shrinkage=0.03


Tree=131
num_leaves=16
num_cat=0
split_feature=14 3 13 1 0 13 10 11 1 4 1 2 1 0 5
split_gain=5.92967 15.2978 13.4088 9.85635 7.97369 9.15454 7.68898 6.33142 6.20192 4.50205 12.1319 12.5176 11.6457 6.49718 6.29965
threshold=0.87500000000000011 0.87500000000000011 0.54668250000000007 0.45387450000000001 0.43050450000000007 0.78860700000000017 1.0000000180025095e-35 0.46523950000000008 0.29947400000000007 0.89583350000000006 0.36024100000000009 0.29362800000000006 0.20297900000000005 0.49268100000000009 1.0000000180025095e-35
decision_type=2 2 2 2 2 2 2 2 2 2 2 2 2 2 2
left_child=1 2 9 4 -4 8 -2 -3 -6 10 13 -12 -11 14 -1
right_child=6 7 3 -5 5 -7 -8 -9 -10 12 11 -13 -14 -15 -16
leaf_value=0.017852120478164604 -0.0015990397175226192 0.0093380326016254053 -0.028190284982565362 -0.039854015772757594 0.017853289010201046 -0.023961687561168819 0.0022880264169785405 -0.01255556353965755 -0.0089336685616143007 -0.021562506917041094 -0.0048171489409942576 -0.037675841490393241 0.013041519837967556 0.018225017417770266 -0.010999480909800718
leaf_weight=8.0682574771344644 802.82446311041713 81.263061296194792 19.3155865855515 14.391609378159044 14.448116321116688 14.469369258731602 1063.7085375729948 13.005354179069398 14.778649484738706 10.500762380659578 26.773730471730232 16.470681298524141 35.985868955031037 16.789979578927159 26.666604969650507
leaf_count=45 5231 497 182 100 122 118 6572 143 109 115 181 123 272 148 316
internal_value=0 -0.00383999 -0.00818453 -0.0181364 -0.0126311 -0.00527638 0.000616179 0.00621749 0.0044609 -0.0026421 -0.00637178 -0.0179009 0.00493542 0.00346107 -0.00398576
internal_weight=0 312.928 218.659 77.4033 63.0117 43.6961 1866.53 94.2684 29.2268 141.256 94.7693 43.2444 46.4866 51.5248 34.7349
internal_count=14274 2471 1831 631 531 349 11803 640 231 1200 813 304 387 509 361
is_linear=0
shrinkage=0.03


Tree=132
num_leaves=16
num_cat=0
split_feature=6 4 1 2 1 14 2 10 1 0 6 1 10 2 2
split_gain=5.72768 8.2043 9.19212 7.28107 9.99311 11.1171 11.8231 5.8605 4.7554 10.3275 4.02706 9.98286 6.59525 6.24467 12.7989
threshold=3.5000000000000004 0.92708350000000006 0.44903100000000001 0.45855650000000003 0.26505600000000007 0.87500000000000011 0.62525150000000018 51.160083500000006 0.2773020000000001 0.45684800000000009 2.5000000000000004 0.088647500000000004 7.2629740000000007 0.53675050000000013 0.48368100000000008
decision_type=2 2 2 2 2 2 2 2 2 2 2 2 2 2 2
left_child=7 2 8 -3 5 -5 -7 10 9 -2 12 -12 -1 14 -13
right_child=1 3 -4 4 -6 6 -8 -9 -10 -11 11 13 -14 -15 -16
leaf_value=0.00029412437149627612 -0.032865230209601033 -0.010942792291243961 0.012070923650373256 -0.023939396902313375 0.024448959683698968 0.028153742395573996 -0.02006785116174007 0.010003618253143328 -0.039252570601763855 0.007416811060432061 -0.017674332148094912 -0.0010174978067213503 0.0073796160022906558 0.0048575935727577105 -0.018381890804264733
leaf_weight=1297.9483491778374 11.443213814869525 35.871003365144134 7.2225616425275794 12.822532843798401 17.063751485198736 11.887927213683726 6.2238804697990409 54.111618295311928 11.214612709358333 10.050771040841935 33.529750593006611 374.14028927125037 129.09213098138571 123.77093352004886 41.566501516848803
leaf_count=6552 231 467 91 188 162 141 91 633 186 155 365 2842 1014 828 328
internal_value=0 -0.0062664 -0.0172775 -0.000882056 0.00670664 -0.00353937 0.0114001 0.000352789 -0.0239239 -0.0145367 8.68152e-05 -0.00203545 0.000939807 -0.00103255 -0.00279371
internal_weight=0 123.8 39.9312 83.8691 47.9981 30.9343 18.1118 2054.16 32.7086 21.494 2000.05 573.007 1427.04 539.478 415.707
internal_count=14274 1712 663 1049 582 420 232 12562 572 386 11929 4363 7566 3998 3170
is_linear=0
shrinkage=0.03


Tree=133
num_leaves=16
num_cat=0
split_feature=3 1 1 6 13 4 2 1 0 14 13 0 1 1 1
split_gain=5.60778 8.85389 9.33698 6.49264 6.19784 10.0026 13.3184 15.8378 7.63817 13.4758 9.07982 9.37398 9.58929 11.4059 8.18934
threshold=0.37500000000000006 0.10457050000000001 0.23177500000000004 3.5000000000000004 0.37821950000000004 0.85416650000000016 0.045850000000000009 0.52228100000000011 0.56497300000000006 0.70833350000000006 0.025184000000000002 0.26073950000000007 0.14247150000000003 0.066282500000000008 0.61113550000000016
decision_type=2 2 2 2 2 2 2 2 2 2 2 2 2 2 2
left_child=1 -1 -3 -4 8 6 -6 -8 10 -10 -2 -12 13 -13 -11
right_child=4 2 3 -5 5 -7 7 -9 9 14 11 12 -14 -15 -16
leaf_value=-0.027508859234055761 -0.017603986514209184 0.0081798680316031696 -0.0043575745882538383 -0.025339792229822876 -0.034791159834091298 0.00046824667337297865 -0.0089586253467340941 0.012929057423825687 -0.011770628679015306 0.012962242579011074 0.017540553337108945 0.010919565857916471 0.0021258798011963356 -0.021319432666413726 0.00061099097652860933
leaf_weight=12.893515514209865 23.186148134991527 52.867630301043391 174.36174941435456 13.454436056315897 13.259494833648203 1098.5701557584107 149.63106226734817 36.147129442542791 29.995727993547916 163.26213081181049 28.635258991271257 12.99855933152139 263.67520174942911 34.278301598504186 68.590142033994198
leaf_count=194 151 507 1286 223 73 6957 960 197 170 949 188 113 1708 248 350
internal_value=0 -0.00421086 -0.00285412 -0.0059869 0.000527207 -0.000654858 -0.00682509 -0.00465349 0.00297999 0.00687426 0.000157952 0.00141882 -0.000117286 -0.0124129 0.00932662
internal_weight=0 253.577 240.684 187.816 1922.23 1297.61 199.038 185.778 624.621 261.848 362.773 339.587 310.952 47.2769 231.852
internal_count=14274 2210 2016 1509 12064 8187 1230 1157 3877 1469 2408 2257 2069 361 1299
is_linear=0
shrinkage=0.03


Tree=134
num_leaves=16
num_cat=0
split_feature=6 0 4 14 0 3 0 3 10 13 13 0 13 11 13
split_gain=5.35729 7.86831 12.9093 13.3957 14.1375 6.40149 6.72972 5.88957 5.53878 4.44345 6.48638 4.42818 4.14836 3.97377 3.82842
threshold=3.5000000000000004 0.53242800000000012 0.96875000000000011 0.87500000000000011 0.44613450000000004 0.37500000000000006 0.62918950000000018 0.62500000000000011 51.160083500000006 0.28753550000000005 0.17233100000000004 0.58991250000000017 0.61662650000000008 5.2450720000000013 0.55650800000000011
decision_type=2 2 2 2 2 2 2 2 2 2 2 2 2 2 2
left_child=8 2 9 -4 -5 -3 11 -8 -1 10 -2 12 -7 14 -10
right_child=1 5 3 4 -6 6 7 -9 13 -11 -12 -13 -14 -15 -16
leaf_value=8.0511767950043145e-05 -0.031538138460952436 -0.018918013367077335 -0.022367028149467803 0.030870841033878809 -0.017303818123668813 -0.0079276323216508748 0.010353306978809632 -0.023392985405101905 0.021648254231222002 -0.041069142853990513 0.010271703815305785 0.026933621164111163 0.018233481798849881 -0.0078993793117475512 0.0040540890106445116
leaf_weight=1998.4046115968376 6.9759251940995473 10.194368761032818 15.650341499596832 13.60684951208532 7.9599373880773774 10.630999993532898 7.5192410163581398 9.5786432735621911 22.978252366185188 13.364374490454791 5.0827469639480114 12.944682221859692 9.3797587417066079 8.8777644671499711 21.827693291008472
leaf_count=11929 151 168 239 179 119 118 88 92 241 236 89 134 99 170 222
internal_value=0 -0.00608564 -0.0134433 -0.00200261 0.0131115 0.00165875 0.00613809 -0.00880013 0.00033831 -0.0294818 -0.0144782 0.0139192 0.0046192 0.00975802 0.0133527
internal_weight=0 122.888 62.6402 37.2171 21.5668 60.2477 50.0533 17.0979 2052.09 25.423 12.0587 32.9554 20.0108 53.6837 44.8059
internal_count=14274 1712 1013 537 298 699 531 180 12562 476 240 351 217 633 463
is_linear=0
shrinkage=0.03


Tree=135
num_leaves=16
num_cat=0
split_feature=3 1 2 1 6 13 4 2 1 1 1 3 2 0 14
split_gain=5.18057 8.53284 9.08313 6.11458 6.12116 5.80609 9.42251 12.7351 16.7593 7.14846 13.8195 11.0621 7.74803 7.12169 12.6743
threshold=0.37500000000000006 0.10457050000000001 0.66216550000000007 0.17288350000000005 3.5000000000000004 0.37821950000000004 0.85416650000000016 0.058176000000000005 0.52228100000000011 0.6391285000000001 0.53578550000000014 0.87500000000000011 0.16672450000000003 0.56497300000000006 0.70833350000000006
decision_type=2 2 2 2 2 2 2 2 2 2 2 2 2 2 2
left_child=1 -1 3 -3 -5 13 7 -7 -9 10 -8 -11 -13 -2 -15
right_child=5 2 -4 4 -6 6 9 8 -10 11 -12 12 -14 14 -16
leaf_value=-0.027140597518700765 0.00015212529547830293 0.01122983504449911 0.021063503984338948 -0.0041240503204847513 -0.022859547721748988 -0.031121699154775171 0.00097762624732809474 -0.0085899511700219758 0.014617390259172193 -0.0049633982783619576 -0.010048358175219345 0.023403506752139511 -0.00048353796752842595 -0.011460336952091347 0.0090142120107690425
leaf_weight=12.64998524263501 362.48728205822408 20.244898399338126 12.647598918527363 190.91588906385005 16.20121344178915 16.471819747239351 891.83248099498451 148.61643929965794 33.506089676171541 34.433138839900494 114.54665660858154 40.307125635445118 17.299331989139318 29.944243855774403 231.92579364404082
leaf_count=194 2408 201 110 1429 276 94 5849 955 181 178 627 212 91 170 1299
internal_value=0 -0.00405705 -0.00273284 -0.00414301 -0.00569239 0.000504357 -0.000640013 -0.00663627 -0.00426386 0.000449162 -0.000286087 0.00840518 0.0163443 0.00287884 0.0066383
internal_weight=0 252.66 240.01 227.362 207.117 1921.37 1297.01 198.594 182.123 1098.42 1006.38 92.0396 57.6065 624.357 261.87
internal_count=14274 2210 2016 1906 1705 12064 8187 1230 1136 6957 6476 481 303 3877 1469
is_linear=0
shrinkage=0.03


Tree=136
num_leaves=16
num_cat=0
split_feature=8 0 0 1 13 1 4 11 0 0 1 0 10 10 10
split_gain=5.0781 4.44086 18.5788 4.74977 4.54695 9.25894 6.12031 6.23977 5.74484 5.94496 7.5932 5.28323 5.08542 12.4786 4.12895
threshold=1.0000000180025095e-35 0.33214400000000005 0.34688750000000007 0.21552600000000002 0.41950250000000006 0.12792550000000003 0.89583350000000006 0.097631000000000009 0.43503150000000007 0.69555300000000009 0.54212850000000012 0.75206350000000011 48.541778500000007 3.1540755000000007 2.0781285000000005
decision_type=2 2 2 2 2 2 2 2 2 2 2 2 2 2 2
left_child=14 3 -3 -2 5 -4 12 8 -8 10 -10 -11 13 -6 -1
right_child=1 2 4 -5 6 -7 7 -9 9 11 -12 -13 -14 -15 -16
leaf_value=-0.00086766105706828037 0.012301747092092421 -0.031658607585803578 -0.017523205720665801 -0.0066250857080146766 -0.011067833587932646 0.0059784423604669771 0.0096790648889921085 0.016267443294044694 -0.0011895259714477455 0.019061524483357753 -0.018714573190273764 -0.00080697186965036818 -0.021399546197344091 0.011018329987069879 -0.010734192909077494
leaf_weight=1315.9617950599641 61.306854825466871 14.24012880027294 15.001319769769905 14.082510504871605 65.305644303560257 275.90806042402983 52.611772790551186 24.417354788631201 173.93939866498113 21.176197484135628 24.543871372938156 26.196212530136108 15.637474332004784 34.326080333441496 38.326668694615364
leaf_count=8903 383 79 83 83 297 1699 258 488 849 105 121 130 139 234 423
internal_value=0 0.00183669 0.00112717 0.00872583 0.00181003 0.00471066 -0.000122155 0.00199767 0.00077985 -0.00115603 -0.00343957 0.008285 -0.00602619 -0.00342462 -0.0011546
internal_weight=0 818.693 743.304 75.3894 729.063 290.909 438.154 322.885 298.467 245.856 198.483 47.3724 115.269 99.6317 1354.29
internal_count=14274 4948 4482 466 4403 1782 2621 1951 1463 1205 970 235 670 531 9326
is_linear=0
shrinkage=0.03


Tree=137
num_leaves=16
num_cat=0
split_feature=6 10 13 13 5 13 13 1 2 13 2 4 0 13 1
split_gain=5.03152 6.52667 6.50336 7.54287 10.2617 10.3217 6.59969 6.47953 8.99007 9.11547 7.7648 13.4626 8.57999 8.85581 7.9925
threshold=2.5000000000000004 7.2629740000000007 0.5365080000000001 0.7249850000000001 2.5000000000000004 0.64694800000000008 0.78860700000000017 0.1141515 0.53675050000000013 0.21528250000000002 0.44498500000000007 0.85416650000000016 0.44338900000000009 0.87075050000000009 0.18665800000000002
decision_type=2 2 2 2 2 2 2 2 2 2 2 2 2 2 2
left_child=1 -1 -3 4 5 -4 -5 -2 10 -10 12 -12 13 14 -9
right_child=7 2 3 6 -6 -7 -8 8 9 -11 11 -13 -14 -15 -16
leaf_value=0.00028153380676940111 -0.01094997320278626 0.012477670874951706 0.017130841407555782 0.027265059554170482 -0.034261228672727677 -0.022189190899876244 0.001281277458996198 0.002735971083282121 -0.011105622410459898 0.0083125170950135389 -0.026603022453986623 -0.0030257545070626907 0.0012326738085277004 0.012618830987389059 -0.018527728938606373
leaf_weight=1296.4913393110037 66.24025846645236 82.699973564594984 13.660438217222692 11.214728653430937 9.9148186258971673 9.1832556314766389 31.831283260136843 21.34920809045434 25.186078542843461 130.09270107373595 31.141885060817003 68.6776740886271 301.23460199311376 13.581676721572874 58.853754423558712
leaf_count=6552 797 720 120 104 82 79 283 245 238 1015 324 584 2363 135 633
internal_value=0 0.000986268 0.00671275 0.000342866 -0.0103313 0.00105636 0.00851612 -0.00208338 -0.00116453 0.005112 -0.00314043 -0.0105723 -0.00124046 -0.00911333 -0.0129036
internal_weight=0 1455 158.504 75.8045 32.7585 22.8437 43.046 716.358 650.118 155.279 494.839 99.8196 395.019 93.7846 80.203
internal_count=14274 7940 1388 668 281 199 387 6334 5537 1253 4284 908 3376 1013 878
is_linear=0
shrinkage=0.03


Tree=138
num_leaves=16
num_cat=0
split_feature=14 3 13 1 0 13 10 11 1 2 2 0 2 13 13
split_gain=4.93381 13.7434 13.1064 9.45568 7.54391 8.78248 6.75952 5.99523 5.86522 4.22398 8.19664 5.49966 4.22227 4.19664 12.8931
threshold=0.87500000000000011 0.87500000000000011 0.54668250000000007 0.45387450000000001 0.43050450000000007 0.78860700000000017 1.0000000180025095e-35 0.46523950000000008 0.29947400000000007 0.39948850000000008 0.22578600000000001 0.48448250000000004 0.28861350000000002 0.25652200000000008 0.20811650000000004
decision_type=2 2 2 2 2 2 2 2 2 2 2 2 2 2 2
left_child=1 2 13 4 12 8 -2 9 -6 10 -3 -11 -4 14 -1
right_child=6 7 3 -5 5 -7 -8 -9 -10 11 -12 -13 -14 -15 -16
leaf_value=-0.0012202001819630393 -0.0015212425242392446 0.013584076829758639 -0.010219140589823145 -0.0390370734395626 0.017506683759867827 -0.023480106054677964 0.0021295475247341713 -0.012367854882751867 -0.0086039139495449387 0.032212975593620144 -0.010800606084498532 0.0068756345158963814 -0.039758804728360901 0.0028695659264314803 -0.034495753836439318
leaf_weight=56.06583653204143 800.63962630368769 28.401076033711433 8.5795585587620753 14.141716226935385 14.429099207744004 14.267204547300933 1059.1002534534782 12.86222619563341 14.658424839377401 12.404137156903742 20.518429454416037 19.870599493384361 10.282895395532249 71.707232367247343 11.911709966138003
leaf_count=496 5231 157 72 100 122 118 6572 143 109 87 120 133 110 601 103
internal_value=0 -0.00352376 -0.00768075 -0.017589 -0.0121735 -0.00502961 0.000557867 0.006005 0.00449983 0.00903056 0.00334487 0.017289 -0.0275137 -0.00217787 -0.00746665
internal_weight=0 310.1 216.044 76.3589 62.2172 43.3547 1859.74 94.0565 29.0875 81.1942 48.9195 32.2747 18.8625 139.685 67.9775
internal_count=14274 2471 1831 631 531 349 11803 640 231 497 277 220 182 1200 599
is_linear=0
shrinkage=0.03


Tree=139
num_leaves=16
num_cat=0
split_feature=3 13 0 0 13 13 2 2 1 4 4 1 1 1 13
split_gain=4.85207 8.25838 9.0786 9.20334 5.46674 7.92442 6.94325 12.3302 12.3561 6.99546 6.20363 5.78365 11.4937 10.5145 9.72376
threshold=0.37500000000000006 0.033667000000000009 0.34688750000000007 0.71770300000000009 0.29099350000000007 0.30929450000000008 0.39666950000000006 0.54807600000000012 0.17991000000000004 0.85416650000000016 0.85416650000000016 0.6391285000000001 0.54212850000000012 0.65826350000000011 0.73882100000000006
decision_type=2 2 2 2 2 2 2 2 2 2 2 2 2 2 2
left_child=1 -1 -3 -4 6 -6 -2 10 9 -9 -8 12 -7 -13 -15
right_child=4 2 3 -5 5 11 7 8 -10 -11 -12 13 -14 14 -16
leaf_value=0.014327773479312234 0.0057735344116954029 -0.025383442230626999 -0.0017868949737598634 -0.023544667498609242 -0.015457812463623771 0.00026894611987847216 -0.017713636654029037 0.005702894248311852 0.020500318333240571 -0.023957580571060118 -0.0010548667009618897 0.024725211541304991 -0.0090558380166579182 -0.0056552742482972977 0.013020956289041286
leaf_weight=19.548092372715473 319.31251230090857 18.070462454110384 195.51967725344002 18.242404729127884 29.84157681837678 1173.4942085836083 41.834571979939938 16.882279822602872 31.854319922626019 11.05954300612211 38.190899726003408 21.370143949985504 131.38202873244882 60.48912263289094 41.416261281818151
leaf_count=172 1885 241 1670 127 190 7674 284 130 206 90 242 118 719 308 218
internal_value=0 -0.00393803 -0.00553312 -0.00374468 0.000486827 -0.000412633 0.00333778 -0.00222629 0.00800359 -0.00645905 -0.00987464 -8.76643e-05 -0.00067614 0.00609669 0.00198787
internal_weight=0 251.381 231.833 213.762 1917.13 1457.99 459.134 139.822 59.7961 27.9418 80.0255 1428.15 1304.88 123.276 101.905
internal_count=14274 2210 2038 1797 12064 9227 2837 952 426 220 526 9037 8393 644 526
is_linear=0
shrinkage=0.03


Tree=140
num_leaves=16
num_cat=0
split_feature=6 0 4 14 0 3 0 3 10 13 13 0 13 11 13
split_gain=4.76794 7.41686 12.3734 12.7113 13.2998 5.82334 6.22477 5.58893 4.95626 4.45361 6.42225 4.06783 3.90707 3.87621 3.65654
threshold=3.5000000000000004 0.53242800000000012 0.96875000000000011 0.87500000000000011 0.44613450000000004 0.37500000000000006 0.62918950000000018 0.62500000000000011 51.160083500000006 0.28753550000000005 0.17233100000000004 0.58991250000000017 0.61662650000000008 5.2450720000000013 0.55650800000000011
decision_type=2 2 2 2 2 2 2 2 2 2 2 2 2 2 2
left_child=8 2 9 -4 -5 -3 11 -8 -1 10 -2 12 -7 14 -10
right_child=1 5 3 4 -6 6 7 -9 13 -11 -12 -13 -14 -15 -16
leaf_value=7.3749307147726959e-05 -0.031297381524775403 -0.018263468429254266 -0.021938639512680217 0.02982453214275994 -0.016987204379572657 -0.0077636247608757029 0.010090761428642958 -0.022852194074384293 0.021134991411450362 -0.040831090797611144 0.010687285541648377 0.025781302012654852 0.017608394274986991 -0.0081654157410930191 0.0038149678640713746
leaf_weight=1993.3637468535453 6.7049155514687317 9.8433185983449203 15.363856382668017 13.734233604744079 7.8620871417224398 10.5953770801425 7.5343768522143391 9.4505760259926301 22.394520867615938 12.878913428634403 5.023150097578764 13.07857410609722 9.4333060607314092 8.8142268918454629 21.665928024798632
leaf_count=11929 151 168 239 179 119 118 88 92 241 236 89 134 99 170 222
internal_value=0 -0.00577658 -0.0130031 -0.0018467 0.0127852 0.00173821 0.00594915 -0.00849044 0.000316455 -0.0290336 -0.0138884 0.0133888 0.00445542 0.00929519 0.0128919
internal_weight=0 121.503 61.5672 36.9602 21.5963 59.9355 50.0922 16.985 2046.24 24.607 11.7281 33.1073 20.0287 52.8747 44.0604
internal_count=14274 1712 1013 537 298 699 531 180 12562 476 240 351 217 633 463
is_linear=0
shrinkage=0.03


Tree=141
num_leaves=16
num_cat=0
split_feature=6 1 2 13 2 4 0 13 1 1 0 4 0 0 1
split_gain=4.57841 6.1072 8.20104 8.64317 7.33342 12.7727 8.13007 8.42979 7.72511 7.63519 6.8605 11.9539 6.81847 6.7101 6.54819
threshold=2.5000000000000004 0.1141515 0.53675050000000013 0.21528250000000002 0.44498500000000007 0.85416650000000016 0.44338900000000009 0.87075050000000009 0.18665800000000002 0.20823450000000002 0.36730450000000009 0.96875000000000011 0.35462050000000006 0.79622000000000015 0.31718150000000006
decision_type=2 2 2 2 2 2 2 2 2 2 2 2 2 2 2
left_child=-1 10 4 -4 6 14 7 8 12 -7 11 -2 -3 -8 -6
right_child=1 2 3 -5 5 9 13 -9 -10 -11 -12 -13 -14 -15 -16
leaf_value=0.00093877018684049816 -0.021551025625856007 -0.0096895533446134819 -0.010960228923385867 0.0079955645763479383 -0.013234257397438403 0.012679307643414382 0.0021525903892554914 0.012291130381027351 -0.018159350831289934 -0.0091553838376019978 -0.019460693515009439 0.015353169071801153 0.024019991666935404 -0.020865725336492957 -0.04200018231620771
leaf_weight=1453.0508474260569 12.610491160303356 13.73754543066025 25.020310923457146 130.23383253253996 17.954274149611596 19.239803668111563 289.82611823268235 13.641639355570076 58.187017302960157 49.284975461661816 35.233491625636816 17.826303668320179 7.540250100195407 10.866019960492848 12.59571257419884
leaf_count=7940 185 165 238 1015 209 191 2295 135 633 393 419 193 80 68 115
internal_value=0 -0.00199355 -0.00110238 0.00489011 -0.00299608 -0.0102485 -0.00115011 -0.00884635 -0.0125827 -0.00293063 -0.0106405 -0.000136039 0.00279815 0.00125438 -0.0260497
internal_weight=0 713.798 648.127 155.254 492.873 99.0748 393.799 93.1065 79.4648 68.5248 65.6703 30.4368 21.2778 300.692 30.55
internal_count=14274 6334 5537 1253 4284 908 3376 1013 878 584 797 378 245 2363 324
is_linear=0
shrinkage=0.03


Tree=142
num_leaves=16
num_cat=0
split_feature=6 0 4 14 0 3 0 3 10 13 13 10 11 13 12
split_gain=4.49512 7.05241 11.8832 12.0569 12.4115 5.52376 5.85684 5.33574 4.69124 4.43537 6.26529 3.88422 3.69756 3.56344 7.62766
threshold=3.5000000000000004 0.53242800000000012 0.96875000000000011 0.87500000000000011 0.44613450000000004 0.37500000000000006 0.62918950000000018 0.62500000000000011 51.160083500000006 0.28753550000000005 0.17233100000000004 0.096919000000000019 5.2450720000000013 0.40556650000000005 1.6030085000000003
decision_type=2 2 2 2 2 2 2 2 2 2 2 2 2 2 2
left_child=8 2 9 -4 -5 -3 11 -8 13 10 -2 -7 -10 14 -1
right_child=1 5 3 4 -6 6 7 -9 12 -11 -12 -13 -14 -15 -16
leaf_value=0.00036893770164263761 -0.031116195769629023 -0.017962307823095609 -0.021611913878366317 0.028535280370963607 -0.0167003478643801 0.0021183616685853477 0.0097883496637935011 -0.022428936768754935 0.012620772696138359 -0.040641052880939436 0.010570951123568508 0.022491802419398549 -0.0079103868449886747 -0.00094916939445143953 0.0085120699739360539
leaf_weight=659.52123767696321 6.4876900147646683 9.6905047018080932 15.159178473055361 13.925917049869897 7.7838863916695109 16.186887960880995 7.5628159977495697 9.3663712851703149 43.653789877891541 12.503317108377813 5.0360517855733633 17.090475987643003 8.874226085841654 1211.4266231898218 121.82588427327573
leaf_count=4127 151 168 239 179 119 205 88 92 463 236 89 146 170 7106 696
internal_value=0 -0.00562759 -0.0127307 -0.00184873 0.0122952 0.00168446 0.00575326 -0.00829323 0.000304868 -0.0286878 -0.0135089 0.0129326 0.0090692 6.94138e-05 0.00164785
internal_weight=0 120.793 60.896 36.869 21.7098 59.8971 50.2066 16.9292 2045.3 24.0271 11.5237 33.2774 52.528 1992.77 781.347
internal_count=14274 1712 1013 537 298 699 531 180 12562 476 240 351 633 11929 4823
is_linear=0
shrinkage=0.03


Tree=143
num_leaves=16
num_cat=0
split_feature=14 3 13 1 0 10 11 0 10 4 1 2 1 0 5
split_gain=4.37328 12.7625 12.5009 9.21059 7.1979 6.16368 5.66358 5.09029 4.38904 4.11172 12.0529 11.8332 10.6574 6.03583 5.70686
threshold=0.87500000000000011 0.87500000000000011 0.54668250000000007 0.45387450000000001 0.49143850000000006 0.014292000000000001 0.46523950000000008 0.5815665000000001 1.2308895000000002 0.89583350000000006 0.36024100000000009 0.29362800000000006 0.20297900000000005 0.49268100000000009 1.0000000180025095e-35
decision_type=2 2 2 2 2 2 2 2 2 2 2 2 2 2 2
left_child=1 2 9 4 8 -2 -3 -6 -4 10 13 -12 -11 14 -1
right_child=5 6 3 -5 7 -7 -8 -9 -10 12 11 -13 -14 -15 -16
leaf_value=0.017669096716714801 -0.0014473545057781386 0.0087805434470357054 -0.01305550960943899 -0.03842802941991251 0.0080208902249212649 0.0020371975616351227 -0.012059967658269879 -0.016842066780754651 -0.037629677423563115 -0.020616651742410178 -0.0044791683248145212 -0.036721081031524688 0.012969121881361964 0.018580334393716567 -0.0099285649823915578
leaf_weight=8.048616845160721 807.85370168276131 81.166242882609367 21.932899311184887 13.9207766354084 19.294013533741239 1048.9756661914289 12.79753323830664 10.678966727107762 9.6741411052644235 10.101629013195632 26.62312189489603 15.993795057758687 35.77826190367341 16.614502454176545 25.653674487024546
leaf_count=45 5281 497 222 100 160 6522 143 76 73 115 181 123 272 148 316
internal_value=0 -0.0033317 -0.00736359 -0.0171026 -0.0117448 0.000521205 0.00584503 -0.00109521 -0.0215004 -0.0019821 -0.00559147 -0.0171438 0.00529232 0.00433643 -0.00301859
internal_weight=0 308.278 214.314 75.5008 61.58 1856.83 93.9638 29.973 31.607 138.814 92.9337 42.6169 45.8799 50.3168 33.7023
internal_count=14274 2471 1831 631 531 11803 640 236 295 1200 813 304 387 509 361
is_linear=0
shrinkage=0.03


Tree=144
num_leaves=16
num_cat=0
split_feature=3 1 1 2 4 0 13 13 4 13 1 0 4 10 2
split_gain=4.32989 8.02345 8.92578 9.2707 9.14804 7.22302 5.43334 11.9144 5.30617 5.13093 7.17345 25.874 12.9999 7.58859 7.41977
threshold=0.37500000000000006 0.10457050000000001 0.26846550000000008 0.35937250000000004 0.60416650000000016 0.50344450000000018 0.28753550000000005 0.11026500000000002 0.39583350000000006 0.41464750000000006 0.14831000000000003 0.31239800000000001 0.89583350000000006 0.27375750000000004 0.56754150000000003
decision_type=2 2 2 2 2 2 2 2 2 2 2 2 2 2 2
left_child=1 -1 3 -3 5 -4 7 8 -7 10 11 13 -13 -2 -12
right_child=9 2 4 -5 -6 6 -8 -9 -10 -11 14 12 -14 -15 -16
leaf_value=-0.026556009299650449 -0.00014560601635960256 -0.010439746896395659 -0.014371734438945068 0.013062441111729042 -0.014393543923677627 0.022705914560754478 0.016467196171036844 -0.018320699371806203 -0.0021055699715391623 -0.00069560073085935903 0.0027048955194201507 -0.0080456827329136085 -0.040712965499500528 0.02746960223539234 0.015015791400136359
leaf_weight=12.150309970602391 17.750649053603411 20.383177662268281 23.30888570100069 51.293170854449272 70.442914007231593 15.211477786302568 22.295682311058044 20.237100668251514 14.577289350330828 1235.2813990004361 549.01860648021102 31.538770031183958 16.368873745203018 17.054165847599506 47.004494266584516
leaf_count=194 124 217 185 464 614 93 160 159 124 7808 3333 236 143 115 305
internal_value=0 -0.00373544 -0.00246284 0.00632725 -0.00627176 -0.000202084 0.00449845 -0.001054 0.0108902 0.000455811 0.00254929 -0.00568284 -0.0198115 0.013775 0.0036993
internal_weight=0 249.9 237.75 71.6763 166.073 95.6304 72.3216 50.0259 29.7888 1914.02 678.736 82.7125 47.9076 34.8048 596.023
internal_count=14274 2210 2016 681 1335 721 536 376 217 12064 4256 618 379 239 3638
is_linear=0
shrinkage=0.03


Tree=145
num_leaves=16
num_cat=0
split_feature=7 11 6 2 3 5 2 2 1 12 3 1 1 10 10
split_gain=4.20861 5.13528 5.15375 4.96626 5.39931 4.31498 7.98624 4.5209 7.45597 7.1868 6.0073 5.38191 6.27327 5.06233 7.11822
threshold=0.58333350000000006 0.83161750000000012 2.5000000000000004 0.16923000000000002 0.87500000000000011 1.0000000180025095e-35 0.092409000000000005 0.10729350000000001 0.61113550000000016 3.5148950000000005 0.62500000000000011 0.1141515 0.079027500000000014 49.209645000000009 48.541778500000007
decision_type=2 2 2 2 2 2 2 2 2 2 2 2 2 2 2
left_child=1 -1 3 -3 -5 6 -2 -7 9 11 -11 12 -9 14 -13
right_child=5 2 -4 4 -6 7 -8 8 -10 10 -12 13 -14 -15 -16
leaf_value=-0.00024696543100049162 -0.013454839459620765 -0.013822440736914859 -0.02128608690754679 0.010240431180924443 -0.010203440496565649 0.0098840818190968124 0.017705340260709846 0.00084931388995260432 -0.017814731783420308 0.0012747099017772266 0.029933410637424905 0.00073992863099606036 -0.030662134694491687 0.0081640209323327866 -0.019205534310854713
leaf_weight=1713.0125684924424 8.4738164246082288 26.892144948244095 18.355505748651922 28.23610819876194 18.332923993468285 49.715410053730011 35.888934709131718 11.897178526967766 18.377500351518393 12.73144541308284 12.839368313550947 116.45744715258479 9.7999327704310399 64.292940821498632 17.675919361412525
leaf_count=10261 78 165 362 172 108 453 328 115 156 89 78 1037 92 658 122
internal_value=0 -0.000619502 -0.00749232 -0.00380614 0.00214694 0.00293633 0.011588 0.00168025 0.000104292 0.00151138 0.0162495 -0.000266427 -0.0141073 0.00131017 -0.00201113
internal_weight=0 1804.83 91.8167 73.4612 46.569 358.15 44.3628 313.787 264.072 245.694 25.5708 220.123 21.6971 198.426 134.133
internal_count=14274 11068 807 445 280 3206 406 2800 2347 2191 167 2024 207 1817 1159
is_linear=0
shrinkage=0.03


Tree=146
num_leaves=16
num_cat=0
split_feature=6 0 4 14 0 3 0 3 13 13 10 0 13 13 6
split_gain=4.16377 6.67684 11.5707 11.3807 11.6632 5.18465 5.42301 5.07189 4.4106 6.07251 4.23323 3.81306 3.72482 3.67499 4.14916
threshold=3.5000000000000004 0.53242800000000012 0.96875000000000011 0.87500000000000011 0.44613450000000004 0.37500000000000006 0.62918950000000018 0.62500000000000011 0.28753550000000005 0.17233100000000004 51.160083500000006 0.58991250000000017 0.61662650000000008 0.55650800000000011 2.5000000000000004
decision_type=2 2 2 2 2 2 2 2 2 2 2 2 2 2 2
left_child=10 2 8 -4 -5 -3 11 -8 9 -2 -1 12 -7 -12 -15
right_child=1 5 3 4 -6 6 7 -9 -10 -11 13 -13 -14 14 -16
leaf_value=6.7966736875161779e-05 -0.030883362110299233 -0.017571021450665768 -0.021131422670359622 0.027537238537302465 -0.016400670974133377 -0.0080683622336299408 0.009576849540865533 -0.021900987974884795 -0.040484245316718175 0.010338241654022605 0.016149769454954312 0.024396656838554527 0.016641763372879426 -0.0098112513770924874 0.013990347746053299
leaf_weight=1990.1938291508704 6.3095310647040623 9.4902005176991207 14.884318036958573 14.056477166712286 7.6861217711120835 10.593811329454185 7.5726349838078049 9.2476088181138021 12.141524848528205 5.0532521959394217 26.906560260802507 13.211846861988304 9.5133294276893121 14.536812230944633 10.449305165559053
leaf_count=11929 151 168 239 179 119 118 88 92 236 89 341 134 99 176 116
internal_value=0 -0.00544224 -0.0124108 -0.00168769 0.0119668 0.0016738 0.00558876 -0.0079872 -0.02837 -0.0131979 0.000290621 0.0124753 0.00385733 0.00866715 0.000298013
internal_weight=0 119.761 60.1312 36.6269 21.7426 59.6294 50.1392 16.8202 23.5043 11.3628 2042.09 33.319 20.1071 51.8927 24.9861
internal_count=14274 1712 1013 537 298 699 531 180 476 240 12562 351 217 633 292
is_linear=0
shrinkage=0.03


Tree=147
num_leaves=16
num_cat=0
split_feature=6 11 10 1 0 10 13 13 5 13 13 0 1 2 0
split_gain=4.12938 5.95516 6.22751 6.38351 5.75714 5.6306 5.84554 7.17971 9.404 9.74994 6.30716 5.74563 5.58845 8.73575 5.02974
threshold=2.5000000000000004 5.3344820000000004 51.160083500000006 0.088647500000000004 0.79622000000000015 7.2629740000000007 0.5365080000000001 0.7249850000000001 2.5000000000000004 0.64694800000000008 0.78860700000000017 0.52153650000000018 0.052321500000000007 0.61446550000000011 0.37575450000000005
decision_type=2 2 2 2 2 2 2 2 2 2 2 2 2 2 2
left_child=5 2 3 12 14 -1 11 8 9 -8 -9 -7 13 -2 -5
right_child=1 -3 -4 4 -6 6 7 10 -10 -11 -12 -13 -14 -15 -16
leaf_value=0.00023582217273875595 0.016733982246795748 -0.024076723639994625 0.013061970568074975 -0.0093550451941758067 -0.022125614029101348 0.0038758198190777453 0.016671679364696941 0.026808939030920194 -0.032840195282301421 -0.021555103857325043 0.0012075093758374023 0.019866656242132463 -0.025150544961617626 -0.019347597881255608 -9.6609465083663906e-05
leaf_weight=1294.3640087246895 10.096771188080313 9.7405261192470771 24.288791060447693 57.235913958400488 10.787364065647123 41.75247722491622 13.466860570013525 10.962347611784933 10.074273150414227 9.2676616460084897 31.749496217817068 39.352813437581062 18.587780026718974 12.28306316770613 566.99168342351913
leaf_count=6552 117 176 252 651 66 366 120 104 82 79 283 354 242 167 4663
internal_value=0 -0.00190249 -0.00156017 -0.00210407 -0.00135292 0.00088794 0.00624139 0.00021469 -0.0101694 0.000837023 0.00824132 0.0117821 -0.0134376 -0.00304973 -0.000959127
internal_weight=0 710.012 700.271 675.983 635.015 1450.99 156.626 75.5206 32.8088 22.7345 42.7118 81.1053 40.9676 22.3798 624.228
internal_count=14274 6334 6158 5906 5380 7940 1388 668 281 199 387 720 526 284 5314
is_linear=0
shrinkage=0.03


Tree=148
num_leaves=16
num_cat=0
split_feature=3 13 0 0 1 1 10 1 2 2 1 13 1 0 4
split_gain=3.99418 7.70449 8.46334 8.86859 4.91561 10.0474 7.72307 7.61991 10.4113 5.35299 5.23207 4.72407 7.45403 21.8587 12.619
threshold=0.37500000000000006 0.033667000000000009 0.34688750000000007 0.71770300000000009 0.27894700000000006 0.39125400000000005 1.5927035 0.4590625000000001 0.070019000000000012 0.14748700000000001 0.15942350000000002 0.40556650000000005 0.14831000000000003 0.31239800000000001 0.89583350000000006
decision_type=2 2 2 2 2 2 2 2 2 2 2 2 2 2 2
left_child=1 -1 -3 4 6 -6 10 -7 -9 -10 -4 12 13 -2 -15
right_child=11 2 3 -5 5 7 -8 8 9 -11 -12 -13 -14 14 -16
leaf_value=0.014062147766626752 0.01240328335229675 -0.024638086588844619 -0.016759948737643221 -0.023020070075511233 -0.015491433014446304 0.013358411703925571 0.021198869824381579 0.0164251122295242 -0.028441916096225761 -0.0049676418443574703 0.0051131515253001096 -0.00065033757085596544 0.0036590861703904892 -0.0075661361533149929 -0.040283339470095055
leaf_weight=19.48788907378912 32.994894059374928 17.481808590702713 13.06703269202262 17.962461657822132 48.558756869286299 30.134204199537635 18.262529058381915 13.58865614980459 12.734831176698206 25.581269603222609 31.821312345564365 1247.9557621646672 583.17795917764306 31.121736396104097 15.599401727318762
leaf_count=172 229 241 162 127 459 228 137 79 92 210 303 7900 3563 233 139
internal_value=0 -0.00359768 -0.00515383 -0.00343668 -0.00151222 -0.00482458 0.00530626 0.00159964 -0.00535057 -0.0132946 -0.0014806 0.000436879 0.00248155 -0.00607151 -0.0191051
internal_weight=0 248.681 229.193 211.711 193.749 130.598 63.1509 82.039 51.9048 38.3161 44.8883 1910.85 662.894 79.716 46.7211
internal_count=14274 2210 2038 1797 1670 1068 602 609 381 302 465 12064 4164 601 372
is_linear=0
shrinkage=0.03


Tree=149
num_leaves=16
num_cat=0
split_feature=14 3 13 1 0 13 1 10 11 2 2 2 0 13 13
split_gain=3.96929 11.9854 11.7487 8.91802 6.95187 8.35551 5.61337 5.52979 5.29886 5.14639 4.0309 7.69375 5.39413 4.02881 12.5989
threshold=0.87500000000000011 0.87500000000000011 0.54668250000000007 0.45387450000000001 0.43050450000000007 0.78860700000000017 0.29947400000000007 1.0000000180025095e-35 0.46523950000000008 0.25774000000000002 0.39948850000000008 0.22578600000000001 0.48448250000000004 0.25652200000000008 0.20811650000000004
decision_type=2 2 2 2 2 2 2 2 2 2 2 2 2 2 2
left_child=1 2 13 4 9 6 -6 -2 10 -4 11 -3 -12 14 -1
right_child=7 8 3 -5 5 -7 -8 -9 -10 -11 12 -13 -14 -15 -16
leaf_value=-0.00090087984165800018 -0.0013894307068545832 0.012897685131245201 -0.0061910342375868727 -0.037756648505233879 0.017529573702137039 -0.02266741828959009 -0.0081103590379958766 0.0019193033786185098 -0.011693387095738708 -0.038879999824939254 0.031421098032684822 -0.010738880465125177 0.0063473618938627583 0.0030803645040932129 -0.034034589143820321
leaf_weight=55.309841521084309 797.64424598496407 28.42135688662529 7.5935713201761272 13.691798791289328 14.356567397713663 14.020636668428777 14.518985958769916 1054.3900891290978 12.686953717842696 10.680159023031591 12.350344784557818 20.462241359055042 19.907001964747906 70.943669764325023 11.716495189815758
leaf_count=496 5231 157 67 100 122 118 109 6572 143 115 87 120 133 601 103
internal_value=0 -0.00318527 -0.00711357 -0.0165985 -0.0113315 -0.00449127 0.00479755 0.000494299 0.00570641 -0.0263222 0.00853623 0.00298669 0.0166035 -0.0018847 -0.00710797
internal_weight=0 306.66 212.832 74.8617 61.1699 42.8962 28.8756 1852.03 93.8279 18.2737 81.1409 48.8836 32.2573 137.97 67.0263
internal_count=14274 2471 1831 631 531 349 231 11803 640 182 497 277 220 1200 599
is_linear=0
shrinkage=0.03


Tree=150
num_leaves=16
num_cat=0
split_feature=6 0 4 14 0 2 3 13 13 0 10 10 13 6 2
split_gain=3.79038 6.35173 11.2597 10.7643 10.9949 4.92306 5.45333 4.37086 5.91277 4.07802 3.89913 3.79251 3.47149 3.89751 3.37004
threshold=3.5000000000000004 0.53242800000000012 0.96875000000000011 0.87500000000000011 0.44613450000000004 0.27364950000000005 0.37500000000000006 0.28753550000000005 0.17233100000000004 0.6497305000000001 0.096919000000000019 51.160083500000006 0.55650800000000011 2.5000000000000004 0.0066115000000000002
decision_type=2 2 2 2 2 2 2 2 2 2 2 2 2 2 2
left_child=11 2 7 -4 -5 -3 -7 8 -2 10 -8 14 -13 -14 -1
right_child=1 5 3 4 -6 6 9 -9 -10 -11 -12 12 13 -15 -16
leaf_value=0.011947018702497933 -0.03068334766485066 -0.016939570421226516 -0.020677891271780498 0.026650971468644695 -0.016112390161839601 -0.017595226883825414 0.0034549488558609006 -0.040308018135460782 0.010237155627965065 -0.0074484599418514815 0.023846471753506258 0.01563528515964244 -0.009574950108627767 0.013564572137541614 -6.3893574109594615e-05
leaf_weight=20.251518167555332 6.1229795981198567 9.5783632509410364 14.592822052538393 14.166929531842472 7.5866210479289284 6.8819297198206177 16.344223119318485 11.779168118722735 5.0435616169124842 9.2567279674112779 17.366503952071071 26.334041114896536 14.605912454426289 10.291201382875443 1967.2763244826347
leaf_count=109 151 115 239 179 119 132 204 236 89 98 150 341 176 116 11820
internal_value=0 -0.00521826 -0.0120804 -0.00151459 0.0116844 0.00171487 0.00556189 -0.0280548 -0.0128786 0.0095867 0.0143443 0.000274171 0.00825389 0.000144205 6.44356e-05
internal_weight=0 118.72 59.2921 36.3464 21.7536 59.4277 49.8494 22.9457 11.1665 42.9675 33.7107 2038.76 51.2312 24.8971 1987.53
internal_count=14274 1712 1013 537 298 699 584 476 240 452 354 12562 633 292 11929
is_linear=0
shrinkage=0.03


Tree=151
num_leaves=16
num_cat=0
split_feature=6 11 10 1 0 1 2 10 13 13 5 13 13 0 0
split_gain=3.73858 5.73522 5.61983 6.03153 5.46658 5.38673 8.25935 5.16346 5.35908 6.81091 8.68744 9.18495 6.06264 5.56581 4.72204
threshold=2.5000000000000004 5.3344820000000004 51.160083500000006 0.088647500000000004 0.79622000000000015 0.052321500000000007 0.61446550000000011 7.2629740000000007 0.5365080000000001 0.7249850000000001 2.5000000000000004 0.64694800000000008 0.78860700000000017 0.52153650000000018 0.37575450000000005
decision_type=2 2 2 2 2 2 2 2 2 2 2 2 2 2 2
left_child=7 2 3 5 14 6 -2 -1 13 10 11 -10 -11 -9 -5
right_child=1 -3 -4 4 -6 -7 -8 8 9 12 -12 -13 -14 -15 -16
leaf_value=0.00021890085585506212 0.01622716957004617 -0.023646623476971447 0.012537719123744979 -0.0090561269846739564 -0.021581818211223375 -0.024727409768121007 -0.018948793036150526 0.0035498660239692906 0.016328527707279421 0.026454163466500136 -0.031405252311588493 -0.0207212449840758 0.0012216613716454054 0.019368528064745909 -4.9903261465984687e-05
leaf_weight=1293.5622664354742 10.137982141226532 9.6730573233216983 23.841395482420921 56.742394662462175 10.703683760017155 18.215855089947581 12.072532488033174 41.455806590616703 13.337403587996961 10.790056355297564 10.248208332806824 9.3847424872219545 31.766389183700085 38.73707752674818 565.8541616667062
leaf_count=6552 117 176 252 651 66 242 167 366 120 104 82 79 283 354 4663
internal_value=0 -0.00181697 -0.00148085 -0.00199477 -0.00126722 -0.0130866 -0.00288536 0.000842139 0.00598494 0.00022994 -0.00984178 0.000797731 0.00807976 0.0113355 -0.000883921
internal_weight=0 707.241 697.568 673.727 633.3 40.4264 22.2105 1449.28 155.72 75.5268 32.9704 22.7221 42.5564 80.1929 622.597
internal_count=14274 6334 6158 5906 5380 526 284 7940 1388 668 281 199 387 720 5314
is_linear=0
shrinkage=0.03


Tree=152
num_leaves=16
num_cat=0
split_feature=3 1 1 6 0 0 4 0 13 5 13 13 2 13 13
split_gain=3.68868 7.46842 8.40813 5.95897 5.83923 5.34591 7.60081 7.46039 6.38132 6.05338 5.72267 11.7761 4.56372 5.84153 4.37392
threshold=0.37500000000000006 0.10457050000000001 0.21293600000000004 3.5000000000000004 0.39208300000000007 0.42468050000000007 0.60416650000000016 0.49928100000000003 0.20421850000000003 2.5000000000000004 0.28753550000000005 0.37821950000000004 0.36148400000000008 0.11026500000000002 0.29099350000000007
decision_type=2 2 2 2 2 2 2 2 2 2 2 2 2 2 2
left_child=1 -1 4 5 -3 9 10 -8 -9 -4 12 -12 13 -7 -2
right_child=14 2 3 -5 -6 6 7 8 -10 -11 11 -13 -14 -15 -16
leaf_value=-0.025884996971778554 0.002974872115121065 -0.0042196761206250172 -0.031486425927703891 -0.023967894037506862 0.018341251847949141 0.013176642989847852 0.009457629565608968 0.003755178851601185 -0.020591586812270603 -0.00079685492665921643 0.037354470877001077 -0.00044722633117600443 -0.01294692854487282 -0.0083769959797114699 -0.00038879839792440522
leaf_weight=11.702667720615862 456.57604503445327 16.247625300660729 11.162094015628101 12.739053059369324 25.886227311566472 25.90653582662344 14.190942984074352 12.51565722003579 38.074993208050728 11.132324488833545 11.31249710544944 18.594717502593994 19.25574991479516 18.64156411588192 1451.1767118386924
leaf_count=194 2837 196 91 239 226 174 104 101 291 108 82 127 144 133 9227
internal_value=0 -0.0034693 -0.00225148 -0.00490002 0.00974519 -0.00343196 -0.00145008 -0.00927603 -0.0146124 -0.0168542 0.00400074 0.0145974 -0.00111489 0.00417143 0.000417354
internal_weight=0 247.363 235.66 193.526 42.1339 180.787 158.493 64.7816 50.5907 22.2944 93.7111 29.9072 63.8038 44.5481 1907.75
internal_count=14274 2210 2016 1594 422 1355 1156 496 392 199 660 209 451 307 12064
is_linear=0
shrinkage=0.03


Tree=153
num_leaves=16
num_cat=0
split_feature=14 3 13 1 0 13 13 10 11 5 1 1 1 4 2
split_gain=3.61628 11.2849 11.158 8.63834 6.65349 7.95168 5.35687 5.06315 5.01676 4.13784 4.50429 8.43172 4.35823 8.9161 8.68977
threshold=0.87500000000000011 0.87500000000000011 0.54668250000000007 0.45387450000000001 0.43050450000000007 0.78860700000000017 0.66069000000000011 1.0000000180025095e-35 0.46523950000000008 3.5000000000000004 0.43028250000000007 0.23634100000000005 0.36531700000000006 0.89583350000000006 0.28861350000000002
decision_type=2 2 2 2 2 2 2 2 2 2 2 2 2 2 2
left_child=1 2 9 4 -4 6 -6 -2 -3 12 11 -11 -1 14 -14
right_child=7 8 3 -5 5 -7 -8 -9 -10 10 -12 -13 13 -15 -16
leaf_value=0.0010162074192878359 -0.0013340446248122314 0.0083252133098696193 -0.025786413447691225 -0.037173819145887861 -0.0078159449375941274 -0.022175629201256149 0.017255607674888825 0.0018343574089055479 -0.01139832337150678 0.019295756835805349 0.025323780908218199 -0.018668217096141047 -0.0061671594448607387 0.010582493300539316 -0.035791190553908912
leaf_weight=60.491482136771083 796.51209380850196 81.09366700053215 17.987232495099306 13.466104503720997 14.58275510556996 13.838462382555006 14.238725291565059 1052.7321466971189 12.624844850972293 9.3677252996712976 8.4764866642653924 9.6982725858688337 22.857735127210617 12.310486968606709 14.181059148162602
leaf_count=581 5231 497 182 100 116 118 115 6572 143 113 67 95 150 87 107
internal_value=0 -0.00304995 -0.00688052 -0.0161791 -0.01099 -0.00430355 0.00473348 0.00046967 0.00557596 -0.0017836 0.00841959 1.67164e-05 -0.00439492 -0.0109162 -0.0181521
internal_weight=0 305.215 211.497 74.1133 60.6472 42.6599 28.8215 1849.24 93.7185 137.383 27.5425 19.066 109.841 49.3493 37.0388
internal_count=14274 2471 1831 631 531 349 231 11803 640 1200 275 208 925 344 257
is_linear=0
shrinkage=0.03


Tree=154
num_leaves=16
num_cat=0
split_feature=3 1 1 0 1 13 0 1 13 2 1 13 4 13 0
split_gain=3.48705 7.21378 8.16286 8.18508 8.1769 6.11225 9.90911 5.75472 5.42271 8.40831 5.21252 4.12639 6.96661 6.18253 13.1882
threshold=0.37500000000000006 0.10457050000000001 0.27395300000000006 0.37421200000000004 0.35816850000000006 0.043221000000000002 0.71770300000000009 0.17288350000000005 0.52878700000000012 0.16672450000000003 0.47227700000000006 0.41464750000000006 0.71875000000000011 0.44298050000000005 0.48616500000000001
decision_type=2 2 2 2 2 2 2 2 2 2 2 2 2 2 2
left_child=1 -1 3 7 -4 -6 8 -3 9 -7 -11 -2 -13 14 -14
right_child=11 2 4 -5 5 6 -8 -9 -10 10 -12 12 13 -15 -16
leaf_value=-0.025568280087685049 0.0022856282925799881 0.0072199368923521389 -0.017901010872999199 0.011308308044030279 0.016246387479906945 -0.016852486373924284 -0.02562183811870121 -0.025574569408927796 0.013103477843911653 0.011051453687375196 -0.010357109488957846 -0.010452075297096342 0.011062252362996185 0.00034150730855769329 -0.021635575345373755
leaf_weight=11.529750614427028 675.89278806000948 7.9512741453945663 38.437722520902753 57.943651616573334 13.396480880677698 28.432797785848379 15.968699956312774 9.9785547479987127 19.230799347162247 29.075587818399072 14.588250920176504 60.736070651561022 16.092113111168146 1122.5446145795286 31.526602987200022
leaf_count=194 4256 109 380 493 94 192 116 120 145 238 129 365 114 7150 179
internal_value=0 -0.00338056 -0.00218826 0.00585909 -0.00603787 -0.00214369 -0.0045686 -0.0114182 -0.000649777 -0.00444735 0.00382703 0.000404079 -0.000630105 -0.000111817 -0.0105855
internal_weight=0 246.534 235.004 75.8735 159.13 120.693 107.296 17.9298 91.3274 72.0966 43.6638 1906.79 1230.9 1170.16 47.6187
internal_count=14274 2210 2016 722 1294 914 820 229 704 559 367 12064 7808 7443 293
is_linear=0
shrinkage=0.03


Tree=155
num_leaves=16
num_cat=0
split_feature=6 11 10 1 1 2 0 10 13 13 5 13 13 0 1
split_gain=3.50377 5.44038 5.28529 5.69957 5.21088 7.91818 5.19196 4.78093 5.01827 6.44918 8.07167 8.69099 5.83581 5.38686 4.66169
threshold=2.5000000000000004 5.3344820000000004 51.160083500000006 0.088647500000000004 0.052321500000000007 0.61446550000000011 0.79622000000000015 7.2629740000000007 0.5365080000000001 0.7249850000000001 2.5000000000000004 0.64694800000000008 0.78860700000000017 0.52153650000000018 0.54917100000000008
decision_type=2 2 2 2 2 2 2 2 2 2 2 2 2 2 2
left_child=7 2 3 4 5 -2 14 -1 13 10 11 -10 -11 -9 -5
right_child=1 -3 -4 6 -6 -7 -8 8 9 12 -12 -13 -14 -15 -16
leaf_value=0.00021499919476486922 0.01587872291941014 -0.02303604141180637 0.012232364639566593 -0.0016677665720367374 -0.024362272898965791 -0.018650012471178305 -0.021089600724679802 0.003328390301415574 0.016008692395870754 0.026100788114348041 -0.030151091563484417 -0.019989936857775347 0.0011961880321471913 0.018955165569114255 0.0074089759359185102
leaf_weight=1292.4546684622765 10.160043029114606 9.6609881464391929 23.585223123431206 566.71241257153451 17.877120490185916 11.899241866543887 10.62926268391311 41.249068707227707 13.220213476568462 10.602902378886936 10.395526856184004 9.4885522685945016 31.730916600674391 38.230296898633242 54.953200343996286
leaf_count=6552 117 176 252 4937 242 167 66 366 120 104 82 79 283 354 377
internal_value=0 -0.00176314 -0.00143514 -0.00193212 -0.0127821 -0.00274786 -0.00122773 0.000813825 0.00577632 0.000214437 -0.00954736 0.000758434 0.00789216 0.0109871 -0.000854802
internal_weight=0 705.477 695.817 672.231 39.9364 22.0593 632.295 1447.37 154.917 75.4381 33.1043 22.7088 42.3338 79.4794 621.666
internal_count=14274 6334 6158 5906 526 284 5380 7940 1388 668 281 199 387 720 5314
is_linear=0
shrinkage=0.03


Tree=156
num_leaves=16
num_cat=0
split_feature=14 3 13 1 0 13 1 11 10 2 5 1 1 1 4
split_gain=3.41269 10.609 10.6398 8.35703 6.39113 7.58922 5.32608 4.72593 4.70008 4.16762 3.95425 4.2104 7.9837 4.18343 8.4981
threshold=0.87500000000000011 0.87500000000000011 0.54668250000000007 0.45387450000000001 0.43050450000000007 0.78860700000000017 0.29947400000000007 0.46523950000000008 1.0000000180025095e-35 0.28861350000000002 3.5000000000000004 0.43028250000000007 0.23634100000000005 0.36531700000000006 0.89583350000000006
decision_type=2 2 2 2 2 2 2 2 2 2 2 2 2 2 2
left_child=1 2 10 4 9 6 -6 -3 -2 -4 13 12 -12 -1 -15
right_child=8 7 3 -5 5 -7 -8 -9 -10 -11 11 -13 -14 14 -16
leaf_value=0.0010175072191211645 -0.0012838998167568267 0.0080531146369990751 -0.0082684740392511315 -0.036602650419116159 0.017002963892244757 -0.02174419388981948 -0.0079895828232451269 -0.011113898703871344 0.0017706137072401587 -0.038032686424191629 0.018746099624097217 0.024531366504713704 -0.018205660191405543 -0.017792219562145571 0.010265194140581213
leaf_weight=60.446367852389812 795.56626269780099 81.154378525912762 8.2870324924588221 13.289512034505604 14.38044339977205 13.693734940141438 14.448989141732453 12.583057489246128 1051.4605179717764 9.467695336788891 9.4239336252212578 8.5229376181960088 9.6272859424352628 36.817616188898683 12.333445280790327
leaf_count=581 5231 497 72 100 122 118 109 143 6572 110 113 67 95 257 87
internal_value=0 -0.00296797 -0.00669354 -0.015816 -0.0107106 -0.00416838 0.00462906 0.00539003 0.000454966 -0.0253218 -0.00172195 0.00824318 9.63204e-05 -0.00428099 -0.0106875
internal_weight=0 304.476 210.739 73.5674 60.2779 42.5232 28.8294 93.7374 1847.03 17.7547 137.172 27.5742 19.0512 109.597 49.1511
internal_count=14274 2471 1831 631 531 349 231 640 11803 182 1200 275 208 925 344
is_linear=0
shrinkage=0.03


Tree=157
num_leaves=16
num_cat=0
split_feature=6 0 4 14 0 2 13 13 2 1 4 1 7 1 1
split_gain=3.31324 6.03633 10.8802 10.0912 10.338 4.72953 4.27875 5.77236 3.54505 7.92929 7.96644 7.70651 3.25764 4.50828 13.4359
threshold=3.5000000000000004 0.53242800000000012 0.96875000000000011 0.87500000000000011 0.44613450000000004 0.27364950000000005 0.28753550000000005 0.17233100000000004 0.33724900000000008 0.39989900000000006 0.85416650000000016 0.2773020000000001 0.58333350000000006 0.55230650000000014 0.54212850000000012
decision_type=2 2 2 2 2 2 2 2 2 2 2 2 2 2 2
left_child=12 2 6 -4 -5 -3 7 -2 -7 10 -10 -12 13 14 -1
right_child=1 5 3 4 -6 8 -8 -9 9 -11 11 -13 -14 -15 -16
leaf_value=-0.00059980021593494099 -0.03046054215027505 -0.016600387311902484 -0.020129156967240814 0.025783839090084637 -0.01581321636415299 0.023279749077290069 -0.039958537017368061 0.01025693022960473 -0.018345144375193436 -0.02329457720664534 -0.0025745807678605385 0.029102994108690036 0.0029512947534580934 0.0030547020589188766 -0.0227971352023323
leaf_weight=1374.8382537644356 5.9333725888282078 9.3985450323671085 14.25677573122084 14.262279801070692 7.4753308147191992 7.5212075505405656 11.394571749493478 5.0145423272624612 7.0177074689418069 7.9291891623288384 11.752023790031673 15.275319872424005 335.10627640970051 299.25485522300005 23.989754524081945
leaf_count=8042 151 115 239 179 119 83 236 89 116 106 135 144 3009 1382 129
internal_value=0 -0.00491316 -0.0116686 -0.0012869 0.0114127 0.00186151 -0.0276223 -0.0125129 0.00562651 0.00199519 0.00838188 0.0157285 0.000252786 -0.000281172 -0.000996496
internal_weight=0 117.231 58.3369 35.9944 21.7376 58.894 22.3425 10.9479 49.4954 41.9742 34.0451 27.0273 2033.19 1698.08 1398.83
internal_count=14274 1712 1013 537 298 699 476 240 584 501 395 279 12562 9553 8171
is_linear=0
shrinkage=0.03


Tree=158
num_leaves=16
num_cat=0
split_feature=3 1 1 1 0 4 1 1 13 13 13 13 13 1 1
split_gain=3.23198 6.9199 7.77288 7.77637 7.72192 6.01322 8.46288 5.56211 4.42618 13.7337 3.98896 5.84193 7.83258 5.4064 10.9321
threshold=0.37500000000000006 0.10457050000000001 0.27395300000000006 0.35816850000000006 0.37421200000000004 0.60416650000000016 0.50176700000000007 0.17288350000000005 0.28753550000000005 0.13133450000000005 0.017249000000000004 0.29099350000000007 0.30929450000000008 0.6391285000000001 0.54212850000000012
decision_type=2 2 2 2 2 2 2 2 2 2 2 2 2 2 2
left_child=1 -1 4 -4 7 8 -7 -3 9 -5 -2 -12 -13 14 -14
right_child=10 2 3 5 -6 6 -8 -9 -10 -11 11 12 13 -15 -16
leaf_value=-0.025206500898080342 -0.01158586955328212 0.0071112222282265656 -0.017515946426612937 0.0099387456458675024 0.011012069720175951 0.0001086246979491758 -0.024494189067136154 -0.025234736987162585 0.014392991443225559 -0.023650017207866785 0.0036006320080878913 -0.015418707161250773 0.00030643160234070977 0.005946257120237961 -0.0088187398251791411
leaf_weight=11.299003909341989 23.722803900018334 7.9585931841284063 38.02040534093976 30.989088535308838 58.054925921373069 31.376682667061687 19.998469782993197 9.8014380093663913 22.251148775219917 15.667469233274458 432.10485836863518 29.474958445876837 1165.1668976917863 122.66709015518427 130.48601728305221
leaf_count=194 149 109 380 221 493 261 161 120 151 120 2688 190 7674 644 719
internal_value=0 -0.00326465 -0.00210299 -0.00587498 0.00574695 -0.00208129 -0.00975317 -0.0111335 0.00369629 -0.00160008 0.000386584 0.000543746 -0.000370459 -4.70889e-05 -0.000618663
internal_weight=0 245.417 234.118 158.303 75.815 120.283 51.3752 17.76 68.9077 46.6566 1903.62 1879.9 1447.79 1418.32 1295.65
internal_count=14274 2210 2016 1294 722 914 422 229 492 341 12064 11915 9227 9037 8393
is_linear=0
shrinkage=0.03


Tree=159
num_leaves=16
num_cat=0
split_feature=6 13 1 1 1 13 13 1 0 1 14 0 5 13 0
split_gain=3.20021 5.38832 8.46218 6.78808 5.72479 5.54935 8.55204 15.4745 6.11715 10.4275 7.37827 5.70707 6.25461 5.81127 6.15681
threshold=2.5000000000000004 0.93694450000000018 0.092558500000000016 0.20424150000000005 0.45196500000000006 0.90639550000000013 0.87075050000000009 0.25595600000000002 0.37575450000000005 0.18665800000000002 0.87500000000000011 0.79622000000000015 6.5000000000000009 0.79784100000000013 0.52731850000000013
decision_type=2 2 2 2 2 2 2 2 2 2 2 2 2 2 2
left_child=-1 2 -2 -3 -5 6 8 -8 9 10 -4 12 13 -10 -15
right_child=1 3 5 4 -6 -7 7 -9 11 -11 -12 -13 -14 14 -16
leaf_value=0.00077523480048316421 -0.015552637352762969 0.026979053323839073 -0.024900954545969228 -0.0080043074705648184 0.01708467360925834 -0.016386177661221739 0.042044886545513534 -0.0032907848965811268 0.0001062669309861868 -0.029116789968626804 0.007483988511861263 -0.021670317715883996 0.020203372446453937 0.003387328465622062 -0.020873930333777616
leaf_weight=1445.1764033436775 40.17292745411396 11.625000638887284 7.5509720584377673 21.58388203009963 11.8433471173048 20.755381235852838 10.451650442555549 16.273093216121197 460.03978677280247 18.208135629072785 23.406602597795427 10.512247709557412 12.03794485516846 14.662385324016212 24.114659801125526
leaf_count=7940 548 110 106 187 83 171 93 132 3944 212 264 66 114 136 168
internal_value=0 -0.00169081 -0.00238173 0.00823558 0.00112283 -0.00150183 -0.000958057 0.0153163 -0.00174584 -0.011752 -0.000947151 -0.000781555 -0.000310214 -0.000844699 -0.0118457
internal_weight=0 703.238 658.186 45.0522 33.4272 618.013 597.257 26.7247 570.533 49.1657 30.9576 521.367 510.855 498.817 38.777
internal_count=14274 6334 5954 380 270 5406 5235 225 5010 582 370 4428 4362 4248 304
is_linear=0
shrinkage=0.03


Tree=160
num_leaves=16
num_cat=0
split_feature=6 0 4 14 0 2 13 13 10 10 13 6 2 1 2
split_gain=3.1017 5.802 10.498 9.55187 9.64618 4.45901 4.23796 5.59484 3.48436 3.10899 3.28837 3.59394 3.09637 3.41161 3.6416
threshold=3.5000000000000004 0.53242800000000012 0.96875000000000011 0.87500000000000011 0.44613450000000004 0.27364950000000005 0.28753550000000005 0.17233100000000004 0.096919000000000019 51.160083500000006 0.55650800000000011 2.5000000000000004 0.0066115000000000002 0.81198350000000008 0.020496500000000004
decision_type=2 2 2 2 2 2 2 2 2 2 2 2 2 2 2
left_child=9 2 6 -4 -5 -3 7 -2 -7 12 -11 -12 -1 14 -14
right_child=1 5 3 4 -6 8 -8 -9 -10 10 11 -13 13 -15 -16
leaf_value=0.011461897799943572 -0.03024809528557916 -0.016186807808412432 -0.019776083102519652 0.024697473936174642 -0.015523428104855821 -0.0026803876145242551 -0.039781128398894541 0.0099932724864951576 0.013008907028437211 0.01487562356523571 -0.0095939132218110998 0.012793157319641721 -0.0091289686754544661 0.01352960443636805 3.6729590509374009e-06
leaf_weight=20.183069858700037 5.7834432236850279 9.2729024551808816 14.076054701581596 14.442352043464782 7.3942027240991584 23.976004116237164 11.079227511771021 5.0393576296046376 25.511387104168534 25.518531978130341 14.590314976871014 10.013396076858044 39.122378177940845 15.463441666215656 1906.3708584485576
leaf_count=109 151 115 239 179 119 344 236 89 240 341 176 116 217 84 11519
internal_value=0 -0.00476947 -0.0114329 -0.00127504 0.0109947 0.00186835 -0.0273058 -0.0122503 0.00550511 0.000242132 0.00754669 -0.000338858 5.36147e-05 -6.95869e-05 -0.000184573
internal_weight=0 116.575 57.8146 35.9126 21.8366 58.7603 21.902 10.8228 49.4874 2031.26 50.1222 24.6037 1981.14 1960.96 1945.49
internal_count=14274 1712 1013 537 298 699 476 240 584 12562 633 292 11929 11820 11736
is_linear=0
shrinkage=0.03


Tree=161
num_leaves=16
num_cat=0
split_feature=3 13 0 0 13 1 1 13 0 13 4 5 2 13 13
split_gain=3.02112 6.74994 7.57129 8.20686 4.4767 4.07519 8.93114 7.5296 6.95909 6.89278 8.39716 6.73013 5.42987 8.50951 7.07873
threshold=0.37500000000000006 0.033667000000000009 0.34688750000000007 0.71770300000000009 0.31701850000000004 0.27894700000000006 0.39125400000000005 0.12237650000000001 0.51984400000000008 0.28753550000000005 0.60416650000000016 1.5000000000000002 0.57783350000000011 0.41950250000000006 0.32887150000000004
decision_type=2 2 2 2 2 2 2 2 2 2 2 2 2 2 2
left_child=1 -1 4 5 -3 7 -7 -4 -8 11 -11 -10 13 -9 -14
right_child=-2 2 3 -5 -6 6 8 12 9 10 -12 -13 14 -15 -16
leaf_value=0.013357364515512402 0.00037231355945863858 -0.034164029689538196 -0.015583683949415604 -0.022133396335836147 -0.001722984233366873 -0.014473596897442646 0.019890775086328132 0.029304358482791185 0.0043159033508779927 0.025479280824622075 -0.0046783723751869857 -0.022586020874725436 -0.020532944868819267 -0.0034922530294137651 0.013208287404210727
leaf_weight=19.475454660132527 1902.3443230958655 10.801751155406238 11.904491870664058 17.464935190975666 5.8302851859480134 47.146815981715918 14.556411892175673 19.490972391329709 13.551045786589382 12.638541918247936 20.632241690531373 19.777212522923946 9.0141527000814694 10.612581870518623 11.696901902556418
leaf_count=172 12064 156 118 127 85 459 97 176 87 88 166 171 101 103 104
internal_value=0 -0.00316318 -0.00464516 -0.00303309 -0.0235347 -0.0011806 -0.00423508 0.00503625 0.0018167 -0.00236952 0.00718678 -0.0118408 0.0100745 0.0180018 -0.00174638
internal_weight=0 244.594 225.118 208.486 16.632 191.021 128.302 62.7191 81.1555 66.599 33.2708 33.3283 50.8146 30.1036 20.7111
internal_count=14274 2210 2038 1797 241 1670 1068 602 609 512 254 258 484 279 205
is_linear=0
shrinkage=0.03


Tree=162
num_leaves=16
num_cat=0
split_feature=14 3 13 1 0 0 11 10 10 5 13 1 1 4 2
split_gain=2.98341 9.85238 10.1949 8.18259 6.09327 4.95094 4.49779 4.29619 3.92085 3.90722 4.18861 6.66531 4.05532 8.02367 8.47698
threshold=0.87500000000000011 0.87500000000000011 0.54668250000000007 0.45387450000000001 0.49143850000000006 0.5815665000000001 0.46523950000000008 1.0000000180025095e-35 1.2308895000000002 3.5000000000000004 0.39454700000000004 0.25595600000000002 0.36531700000000006 0.89583350000000006 0.28861350000000002
decision_type=2 2 2 2 2 2 2 2 2 2 2 2 2 2 2
left_child=1 2 9 4 8 -6 -3 -2 -4 12 11 -11 -1 14 -14
right_child=7 6 3 -5 5 -7 -8 -9 -10 10 -12 -13 13 -15 -16
leaf_value=0.0011506867065908283 -0.0012415655582416439 0.0078616612586559012 -0.011252210890819471 -0.036128805486296586 0.0085265359280808188 -0.016181884024277879 -0.010881277308629275 0.0016812554124199461 -0.034667764805006177 0.017912398123340372 0.021522001468196206 -0.018665550631233419 -0.005515040108393072 0.0099554352662888698 -0.034952497223766137
leaf_weight=60.103829968720675 794.34204692859203 81.056274976581335 20.615276243537668 13.057522704824803 18.960510237142447 10.506799682974814 12.511396229267119 1049.4231678796932 9.6004317849874479 7.4372626068070593 11.375927437096832 8.5765193589031679 22.64465568587184 12.315434038639067 13.905667556449769
leaf_count=581 5231 497 222 100 160 76 143 6572 73 83 110 82 150 87 107
internal_value=0 -0.00278696 -0.0063988 -0.0153864 -0.0103278 -0.000525405 0.00526689 0.000422038 -0.0195643 -0.00152726 0.00840922 -0.00162335 -0.00407858 -0.0104045 -0.0173472
internal_weight=0 302.668 209.1 72.7405 59.683 29.4673 93.5677 1843.77 30.2157 136.359 27.3897 16.0138 108.97 48.8658 36.5503
internal_count=14274 2471 1831 631 531 236 640 11803 295 1200 275 165 925 344 257
is_linear=0
shrinkage=0.03


Tree=163
num_leaves=16
num_cat=0
split_feature=6 11 13 1 1 0 1 14 0 0 5 1 13 1 2
split_gain=2.94652 5.272 4.66367 8.65656 6.71456 5.69123 9.85997 7.83895 6.04035 5.42579 5.34599 5.3255 4.36903 5.00349 8.93095
threshold=2.5000000000000004 5.3344820000000004 0.93694450000000018 0.092558500000000016 0.20424150000000005 0.37575450000000005 0.18665800000000002 0.87500000000000011 0.79622000000000015 0.39532050000000002 2.5000000000000004 0.45196500000000006 0.90639550000000013 0.54917100000000008 0.27193700000000004
decision_type=2 2 2 2 2 2 2 2 2 2 2 2 2 2 2
left_child=-1 2 3 -2 -4 6 7 -5 9 10 -7 -6 13 -11 -15
right_child=1 -3 4 5 11 8 -8 -9 -10 12 -12 -13 -14 14 -16
leaf_value=0.00074241630937839592 -0.015447143950774808 -0.022645327657532955 0.026815060484994217 -0.025390782928788169 -0.0079823504501694564 -0.0015848152470257632 -0.026686944937520836 0.0076662225922652467 -0.021648012744285773 -0.00072441294601790064 0.029928315719856144 0.016413762652764712 -0.014289054627450131 0.00039538538515782734 0.027376772450490319
leaf_weight=1444.3081870153546 39.13208813033998 9.5817691534757596 11.407349828630684 7.496732053346931 21.226985288783908 8.6085212640464324 19.588808913715184 25.883714720606804 10.524204233661292 458.89855693094432 9.8067874796688539 11.631641965359448 18.288249677047133 33.676774926483631 15.448398863896726
leaf_count=7940 534 176 105 105 183 93 228 286 66 3884 104 79 142 240 109
internal_value=0 -0.00162641 -0.00130293 -0.00195117 0.00801072 -0.00105893 -0.0103595 -0.000280454 -0.000154656 0.000299506 0.0158741 0.000883355 -0.00027451 0.000257077 0.00925712
internal_weight=0 701.201 691.619 647.353 44.266 608.221 52.9693 33.3804 555.251 544.727 18.4153 32.8586 526.312 508.024 49.1252
internal_count=14274 6334 6158 5791 367 5257 619 391 4638 4572 197 262 4375 4233 349
is_linear=0
shrinkage=0.03


Tree=164
num_leaves=16
num_cat=0
split_feature=3 1 2 1 0 1 0 0 4 0 13 13 0 0 1
split_gain=2.8577 6.44869 7.37258 5.21959 13.5422 4.4675 5.4457 6.92239 7.51512 6.05101 8.11542 5.67849 5.63592 7.75646 4.8375
threshold=0.37500000000000006 0.10457050000000001 0.66216550000000007 0.69749300000000014 0.71770300000000009 0.19014300000000003 0.42468050000000007 0.44819900000000007 0.57291650000000016 0.51154050000000006 0.28753550000000005 0.36383600000000005 0.49769500000000005 0.5976895000000001 0.49763200000000007
decision_type=2 2 2 2 2 2 2 2 2 2 2 2 2 2 2
left_child=1 -1 3 4 5 -3 11 -8 9 -9 -11 -7 -10 -14 -15
right_child=-2 2 -4 -5 -6 6 7 8 12 10 -12 -13 13 14 -16
leaf_value=-0.024579052064425257 0.00036087667861996729 0.0094087685163681805 0.019419015184831589 0.017477826441205435 -0.035016224909044318 -0.026018138431111906 0.021256433287989183 -0.012235995575975607 0.0059257004389291316 0.00040151805594282905 0.02542166272767863 0.0014972668814232349 -0.025702295585406949 0.0093983720665805695 -0.015491632863779531
leaf_weight=10.9544536229223 1901.2002612212673 24.284012975171208 12.677105210721491 9.4249946419149619 11.173984592780469 17.436855490319434 9.9373655803501588 16.092157408595085 14.223585104569791 37.239381838589907 16.012618940323591 10.48526224773377 27.70834593847394 13.267663450911643 12.903589759021996
leaf_count=194 12064 256 110 60 86 173 83 126 123 283 114 101 276 115 110
internal_value=0 -0.00308258 -0.00197058 -0.00328428 -0.00429087 -0.00240474 -0.00408526 -0.00173713 -0.00354108 0.00339336 0.00825486 -0.0159911 -0.0105488 -0.0149266 -0.002992
internal_weight=0 243.821 232.867 220.19 210.765 199.591 175.307 147.385 137.447 69.3442 53.252 27.9221 68.1032 53.8796 26.1713
internal_count=14274 2210 2016 1906 1846 1760 1504 1230 1147 523 397 274 624 501 225
is_linear=0
shrinkage=0.03


Tree=165
num_leaves=16
num_cat=0
split_feature=6 0 4 14 0 3 0 3 13 13 0 13 13 0 14
split_gain=2.8334 5.55904 10.1053 8.92144 9.00789 4.2397 4.52969 4.73381 4.21281 5.42564 3.52743 3.5008 3.05161 7.09383 14.0702
threshold=3.5000000000000004 0.53242800000000012 0.96875000000000011 0.87500000000000011 0.44613450000000004 0.37500000000000006 0.62918950000000018 0.62500000000000011 0.28753550000000005 0.17233100000000004 0.58991250000000017 0.61662650000000008 0.40556650000000005 0.56497300000000006 0.87500000000000011
decision_type=2 2 2 2 2 2 2 2 2 2 2 2 2 2 2
left_child=12 2 8 -4 -5 -3 10 -8 9 -2 11 -7 13 -1 -15
right_child=1 5 3 4 -6 6 7 -9 -10 -11 -12 -13 -14 14 -16
leaf_value=-0.00066120838183786486 -0.029958564216519972 -0.016232084040050547 -0.01926172479447448 0.023653309553304594 -0.015260609770231363 -0.0082381891040447502 0.0097379699964020988 -0.0209564746414054 -0.039509303609388848 0.0098920500751303857 0.02306143505664528 0.015715474144316281 -0.00070170790492734625 -0.01164119098121591 0.0074433944172637694
leaf_weight=471.54719219356775 5.6043401118367928 8.7502971459180099 13.886680554598568 14.60509583540261 7.3145752474665633 10.549854535609485 7.4707643724977997 8.9453685805201513 10.802594451233743 5.0454895067960024 13.23978954926133 9.5356892794370633 1236.0865269685164 38.722362868487835 282.41937352716923
leaf_count=3181 151 168 239 179 119 118 88 92 236 89 134 99 7500 244 1637
internal_value=0 -0.00457616 -0.0111379 -0.00120948 0.0105685 0.00192655 0.00537788 -0.00723076 -0.0269177 -0.0118503 0.0116186 0.00333989 0.000229908 0.00168168 0.00511324
internal_weight=0 115.751 57.2588 35.8064 21.9197 58.4918 49.7415 16.4161 21.4524 10.6498 33.3253 20.0855 2028.78 792.689 321.142
internal_count=14274 1712 1013 537 298 699 531 180 476 240 351 217 12562 5062 1881
is_linear=0
shrinkage=0.03


Tree=166
num_leaves=16
num_cat=0
split_feature=7 11 0 0 0 1 0 0 12 2 13 12 6 3 1
split_gain=2.73138 5.03486 4.13137 9.69403 5.16605 3.79159 4.36537 5.39943 6.50477 5.65098 4.45097 6.81503 5.17962 4.98093 4.95313
threshold=0.58333350000000006 1.2767425000000003 0.33214400000000005 0.35688050000000004 0.28578400000000004 0.1141515 0.66796850000000008 0.70498900000000009 1.8563010000000002 0.32602750000000008 0.25318200000000007 1.2274660000000004 2.5000000000000004 0.62500000000000011 0.54212850000000012
decision_type=2 2 2 2 2 2 2 2 2 2 2 2 2 2 2
left_child=1 -1 4 -4 -2 -5 10 9 -9 -8 11 12 13 -7 -12
right_child=2 -3 3 5 -6 6 7 8 -10 -11 14 -13 -14 -15 -16
leaf_value=-0.00022653675853911157 0.0027711607793265117 -0.0095397455789554136 -0.027494496124200279 -0.0126426487316033 0.027494421133756147 0.024268305937528111 -0.029911523095699107 0.0083023742808729078 -0.016141067954620652 0.0012202840902125853 0.0040526008639451749 0.027666299548413001 -0.0091038448662886344 -0.0045294192045666889 -0.015303123708176368
leaf_weight=1739.4377294713631 19.524911379441622 52.863299561664462 9.1628080643713457 13.640791539102791 11.735928710550068 13.558035142719747 10.905841432511808 36.152743082493544 12.318796638399361 9.2482348643243295 164.48492721281946 16.962725222110748 13.874277755618094 8.1617700606584531 11.842678513377903
leaf_count=10556 185 512 88 124 117 160 102 354 80 86 1467 114 143 87 99
internal_value=0 -0.000506393 0.00238204 0.00134698 0.0126173 0.00228166 0.003006 -0.00359264 0.0018895 -0.0162435 0.00499147 0.0125726 0.00482013 0.0137238 0.00267365
internal_weight=0 1792.3 351.574 320.314 31.2608 311.151 297.51 68.6256 48.4715 20.1541 228.884 52.5568 35.5941 21.7198 176.328
internal_count=14274 11068 3206 2904 302 2816 2692 622 434 188 2070 504 390 247 1566
is_linear=0
shrinkage=0.03


Tree=167
num_leaves=16
num_cat=0
split_feature=3 13 0 0 13 1 1 13 1 2 2 10 1 13 2
split_gain=2.69557 6.32712 7.18515 7.64763 4.33374 3.78814 8.37917 7.11967 6.71166 9.29407 5.21541 5.21067 6.28993 4.06258 3.98198
threshold=0.37500000000000006 0.033667000000000009 0.34688750000000007 0.71770300000000009 0.31701850000000004 0.27894700000000006 0.39125400000000005 0.12237650000000001 0.4590625000000001 0.070019000000000012 0.14748700000000001 1.5927035 0.14581350000000001 0.42331800000000003 0.51123000000000018
decision_type=2 2 2 2 2 2 2 2 2 2 2 2 2 2 2
left_child=1 -1 4 5 -3 7 -7 -4 -8 -10 -11 12 -9 14 -14
right_child=-2 2 3 -5 -6 6 8 11 9 10 -12 -13 13 -15 -16
leaf_value=0.012980267422755782 0.00034979669335938313 -0.033751796809543995 -0.015298121487142739 -0.021475626259015872 -0.0016136838634475275 -0.014053428083842591 0.012827155516814176 -0.018811964786502437 0.015713629421092445 -0.02770916670287504 -0.0042454662243629586 0.024222486617018684 0.031047077662072105 -0.0051424910229736099 0.0033587817970995313
leaf_weight=19.495390135794878 1900.1507083801553 10.461251730099322 11.746334413066505 17.174525383859873 5.7876436011865726 46.547647122293711 29.984568454325199 7.8869542786851516 13.548503793776034 12.289025995880364 25.066880019381642 14.699844065122305 9.1479683648794943 9.8863388728350383 9.1716413758695108
leaf_count=172 12064 156 118 127 85 459 228 112 79 92 210 114 89 94 75
internal_value=0 -0.00300028 -0.00444649 -0.00288252 -0.0230618 -0.00109798 -0.00405685 0.00490028 0.00179706 -0.00482202 -0.0124855 0.00977655 0.00339863 0.0100406 0.0180764
internal_weight=0 242.895 223.399 207.15 16.2489 189.976 127.437 62.5391 80.889 50.9044 37.3559 50.7927 36.0929 28.2059 18.3196
internal_count=14274 2210 2038 1797 241 1670 1068 602 609 381 302 484 370 258 164
is_linear=0
shrinkage=0.03


Tree=168
num_leaves=16
num_cat=0
split_feature=6 11 10 10 1 1 2 7 11 10 13 13 5 13 0
split_gain=2.68196 4.98833 4.59379 5.19543 4.54461 6.35106 6.91855 4.74685 6.64939 4.09583 4.55115 6.19817 7.64809 5.62047 5.21276
threshold=2.5000000000000004 5.3344820000000004 51.160083500000006 48.307167500000013 0.088647500000000004 0.052321500000000007 0.61446550000000011 0.58333350000000006 0.83161750000000012 7.2629740000000007 0.5365080000000001 0.7249850000000001 1.5000000000000002 0.78860700000000017 0.52153650000000018
decision_type=2 2 2 2 2 2 2 2 2 2 2 2 2 2 2
left_child=9 2 3 4 5 6 -2 8 -6 -1 14 12 -12 -13 -11
right_child=1 -3 -4 -5 7 -7 -8 -9 -10 10 11 13 -14 -15 -16
leaf_value=0.00015556687870992188 0.017920186164493819 -0.022023188429557198 0.011645239946991725 -0.014082970385936122 -0.00091665501492556106 -0.024099015955213139 -0.015420848454562184 0.0064690122643952658 -0.02074545808150037 0.0027988271721977641 0.0057823944140516443 0.025683163992458652 -0.022466890091210612 0.0010689026796909574 0.01829665121636662
leaf_weight=1289.7410346083343 9.5889841169118899 9.5572630753740651 23.055288016796112 28.175667740404606 510.70880219060928 17.046029376797378 10.892664083279668 75.923412648960948 14.693348200991748 40.679371636360884 15.423365548253058 10.391193922609089 17.662027612328529 31.61635397747159 37.354246888309717
leaf_count=6552 114 176 252 201 4317 241 164 587 282 366 133 104 148 283 354
internal_value=0 -0.00155399 -0.00123905 -0.00170115 -0.00113391 -0.0111227 0.000296141 -0.000493101 -0.00150954 0.000708042 0.00533018 4.09271e-05 -0.00951467 0.00761321 0.0103552
internal_weight=0 699.641 690.084 667.029 638.853 37.5277 20.4816 601.326 525.402 1442.87 153.127 75.0929 33.0854 42.0075 78.0336
internal_count=14274 6334 6158 5906 5705 519 278 5186 4599 7940 1388 668 281 387 720
is_linear=0
shrinkage=0.03


Tree=169
num_leaves=16
num_cat=0
split_feature=2 1 13 1 0 4 2 2 13 13 1 2 1 0 4
split_gain=2.61985 3.19592 3.09083 10.0425 16.4299 10.0209 10.7629 9.61264 9.9459 12.1593 10.1766 8.36483 8.73416 11.3699 16.2748
threshold=0.0066115000000000002 0.81198350000000008 0.37821950000000004 0.71137950000000016 0.77441700000000013 0.85416650000000016 0.045850000000000009 0.11337600000000002 0.47413050000000007 0.71418250000000005 0.22704300000000002 0.15632400000000002 0.14831000000000003 0.31239800000000001 0.89583350000000006
decision_type=2 2 2 2 2 2 2 2 2 2 2 2 2 2 2
left_child=-1 2 3 4 11 6 -4 -8 -9 -10 -11 -2 13 -13 -15
right_child=1 -3 5 -5 -6 -7 7 8 9 10 -12 12 -14 14 -16
leaf_value=0.010328280066055346 -0.0045716480958091906 0.012692691627379168 -0.030616644271836406 0.018607590557331116 -0.032674517542525497 0.00011730477915098161 0.011706432208205931 -0.018405235428907041 0.0024168355014842348 0.004299904088260185 -0.025431521971494547 0.0087216029151516196 0.0045599708509556688 -0.0036321637310204736 -0.039910374970724284
leaf_weight=20.750832814723253 172.15643740445375 16.33308644965291 14.746483676135538 27.944068782031536 12.125362642109392 1090.7554594054818 26.687913337722421 51.578116270713508 105.25228078383952 14.914082722738383 31.121292965486646 30.032079423777759 473.08992861397564 39.314363721758127 14.65495760925114
leaf_count=115 1045 95 85 150 64 7066 173 380 714 118 191 254 3317 371 136
internal_value=0 -0.000136646 -0.000242202 0.00127138 0.000593754 -0.00111469 -0.00659339 -0.00492404 -0.00715855 -0.00322856 -0.0159128 0.0011909 0.00297669 -0.00588901 -0.0140301
internal_weight=0 2120.71 2104.37 769.317 741.373 1335.06 244.3 229.554 202.866 151.288 46.0354 729.248 557.091 84.0014 53.9693
internal_count=14274 14159 14064 5337 5187 8727 1661 1576 1403 1023 309 5123 4078 761 507
is_linear=0
shrinkage=0.03


Tree=170
num_leaves=16
num_cat=0
split_feature=6 0 4 14 0 13 13 2 2 1 4 1 2 5 0
split_gain=2.62921 5.27703 9.79211 8.46167 8.47646 4.14621 5.23207 4.09195 3.39173 7.419 7.41067 7.17454 2.81679 12.332 8.93979
threshold=3.5000000000000004 0.53242800000000012 0.96875000000000011 0.87500000000000011 0.44613450000000004 0.28753550000000005 0.17233100000000004 0.27364950000000005 0.33724900000000008 0.39989900000000006 0.85416650000000016 0.2773020000000001 0.66216550000000007 1.5000000000000002 0.56858000000000009
decision_type=2 2 2 2 2 2 2 2 2 2 2 2 2 2 2
left_child=12 2 5 -4 -5 6 -2 -3 -9 10 -10 -12 -1 -14 -15
right_child=1 7 3 4 -6 -7 -8 8 9 -11 11 -13 13 14 -16
leaf_value=-5.3259240843788489e-05 -0.02976962077603932 -0.01560631829615707 -0.018875567570476509 0.022861023234971314 -0.014971609046296557 -0.03929376827442943 0.0095724755033593997 0.022575068563443088 -0.018121310517107116 -0.022944938156510677 -0.0027281043846424016 0.027775414084005363 -0.0089801681237984855 0.017600081852112079 -0.005985198721720447
leaf_weight=1912.3388692699373 5.4332584822550434 9.0587798841297609 13.679521434009073 14.719891743734481 7.2276633139699689 10.499081611633299 5.0667888699099422 7.5606360286474219 6.8803766258060923 7.7606209963560095 11.748618680983784 15.392654009163378 38.07705070078373 56.834310838952661 18.726068910211325
leaf_count=11797 151 115 239 179 119 236 89 83 116 106 135 144 236 407 122
internal_value=0 -0.00442292 -0.0108662 -0.00111646 0.0102927 -0.0266049 -0.0116036 0.00190222 0.00536273 0.00179323 0.00793025 0.0149436 0.000220527 0.00478819 0.0117531
internal_weight=0 115.028 56.6262 35.6271 21.9476 20.9991 10.5 58.4017 49.3429 41.7823 34.0216 27.1413 2025.98 113.637 75.5604
internal_count=14274 1712 1013 537 298 476 240 699 584 501 395 279 12562 765 529
is_linear=0
shrinkage=0.03


Tree=171
num_leaves=16
num_cat=0
split_feature=6 13 1 1 2 13 1 13 0 2 13 13 13 3 2
split_gain=2.54205 4.80663 7.28531 5.81151 5.17926 7.76913 7.35752 6.98991 8.35238 7.10951 11.2248 7.99525 6.38333 7.61981 10.4908
threshold=2.5000000000000004 0.93694450000000018 0.092558500000000016 0.20424150000000005 0.53675050000000013 0.90639550000000013 0.34683550000000002 0.87075050000000009 0.50659650000000012 0.48609650000000004 0.69063800000000009 0.81279400000000013 0.025184000000000002 0.87500000000000011 0.18583900000000003
decision_type=2 2 2 2 2 2 2 2 2 2 2 2 2 2 2
left_child=-1 2 -2 -3 5 7 -6 9 -9 11 -11 12 -4 -14 -15
right_child=1 3 4 -5 6 -7 -8 8 -10 10 -12 -13 13 14 -16
leaf_value=0.0006881946555901754 -0.014587242706869034 0.025045368927715604 0.021055049296330491 0.0012110608809857472 0.0011315262480833417 -0.024708191322653693 0.022488022500141813 0.03252706077797584 -0.0039084618418867897 -0.023163068813379335 0.012339532222832112 -0.017039716612413099 -0.0034171917101818452 0.03070293063947958 0.0014390111390569262
leaf_weight=1442.0160513930023 38.956035442650318 11.790891738608478 10.871031470596789 33.258509617298841 141.09759891126305 13.345621241256593 15.200503919273613 10.132685383781793 11.136105101555584 32.023127529770136 9.8778216280043107 27.707544181495905 281.48265328537673 13.319926723837851 48.392928013578057
leaf_count=7940 548 110 95 270 1205 116 97 92 86 330 88 230 2590 98 379
internal_value=0 -0.00151538 -0.00217249 0.00785769 -0.00136315 -0.00297034 0.00333828 -0.00226439 0.014131 -0.00311878 -0.0147011 -0.00181251 -0.000576263 -0.00132064 0.00814411
internal_weight=0 698.593 653.544 45.0494 614.588 458.289 156.298 444.944 21.2688 423.675 41.9009 381.774 354.067 343.196 61.7129
internal_count=14274 6334 5954 380 5406 4104 1302 3988 178 3810 418 3392 3162 3067 477
is_linear=0
shrinkage=0.03


Tree=172
num_leaves=16
num_cat=0
split_feature=12 2 12 12 10 13 3 8 0 0 1 13 13 1 4
split_gain=2.50897 6.00845 5.82956 7.0646 4.56018 4.71106 4.84018 2.96139 4.47422 14.8097 4.93273 3.96999 4.81346 6.55067 4.3392
threshold=6.9180020000000004 0.08423700000000002 5.5940500000000002 4.9685970000000008 0.11749550000000002 0.74656750000000016 0.87500000000000011 1.0000000180025095e-35 0.33214400000000005 0.34688750000000007 0.21552600000000002 0.96839150000000018 0.41950250000000006 0.12792550000000003 0.92708350000000006
decision_type=2 2 2 2 2 2 2 2 2 2 2 2 2 2 2
left_child=2 -2 3 7 5 6 -3 -1 10 -10 -9 12 13 -11 -14
right_child=1 4 -4 -5 -6 -7 -8 8 9 11 -12 -13 14 -15 -16
leaf_value=-0.0011512061550682854 0.023233451268722893 -0.0039483137061475807 -0.014495793834273027 0.021840841663297784 0.012838474014785816 -0.016362530617890753 0.016531452023133494 0.011974780329216849 -0.029035129481028848 -0.015202339538653284 -0.0076204894106291915 0.013898587034441891 -0.006113528102540948 0.0048483213436673915 0.00064829789703205935
leaf_weight=1212.5017550485209 12.500963177531956 33.746202107518911 24.551995904184878 12.150479942560194 22.931641716510057 15.451685827225445 13.83791193179786 58.996787875890732 13.978776678442953 14.563947439193724 13.591202940791844 20.19419377669692 120.57169304043055 263.64038107544184 286.63220155239105
leaf_count=8587 62 217 154 70 157 82 70 378 77 81 82 126 708 1669 1754
internal_value=0 0.00462289 -0.00025635 -7.59065e-05 0.0016806 -0.00251559 0.00222508 -0.000219569 0.00120606 0.000484819 0.00825211 0.00110991 0.000713413 0.00374798 -0.00136393
internal_weight=0 98.4684 2041.37 2016.82 85.9674 63.0358 47.5841 2004.67 792.169 719.581 72.588 705.602 685.408 278.204 407.204
internal_count=14274 588 13686 13532 526 369 287 13462 4875 4415 460 4338 4212 1750 2462
is_linear=0
shrinkage=0.03


Tree=173
num_leaves=16
num_cat=0
split_feature=3 1 1 1 0 6 0 5 4 13 2 0 0 0 2
split_gain=2.51614 6.00844 6.84867 5.50064 11.6699 5.13666 5.35921 5.94312 5.30512 9.53328 7.76316 7.50467 6.00261 4.83289 4.08735
threshold=0.37500000000000006 0.10457050000000001 0.21293600000000004 0.69749300000000014 0.71770300000000009 3.5000000000000004 0.42468050000000007 2.5000000000000004 0.60416650000000016 0.28753550000000005 0.16441850000000002 0.54156050000000011 0.5976895000000001 0.39208300000000007 0.24431150000000004
decision_type=2 2 2 2 2 2 2 2 2 2 2 2 2 2 2
left_child=1 -1 13 4 5 6 7 -4 9 -8 -10 -12 -13 14 -3
right_child=-2 2 3 -5 -6 -7 8 -9 10 -11 11 12 -14 -15 -16
leaf_value=-0.024002480739635786 0.00033904967639982418 0.013226950087231976 -0.030542472908525346 0.016983758046596506 -0.034233333458189116 -0.022141413715567111 -0.00190992757617453 0.00043619889064067552 -0.027767062203706509 0.020112544431849656 0.01433895737408677 -0.026784703285749598 0.00071025139204546853 0.016748247592283647 -0.015889929081969068
leaf_weight=10.576980194076894 1897.0616160472855 6.5006708037108174 10.548611838370563 9.4178320746868831 10.879003524780272 11.265206127427517 53.986239794641733 10.718887381255625 11.333054773509501 25.205545473843813 17.071390615776181 10.809218034148218 17.971683654934168 25.977123143151402 9.3898737365379912
leaf_count=194 12064 68 91 60 86 225 391 108 80 181 141 89 142 226 128
internal_value=0 -0.00290525 -0.0018403 -0.00427442 -0.00547577 -0.00343299 -0.00196496 -0.0156107 0.000261186 0.00526289 -0.00663671 -0.000932864 -0.0101687 0.00900297 -0.00390061
internal_weight=0 241.651 231.074 189.207 179.789 168.91 157.645 21.2675 136.377 79.1918 57.1853 45.8523 28.7809 41.8677 15.8905
internal_count=14274 2210 2016 1594 1534 1448 1223 199 1024 572 452 372 231 422 196
is_linear=0
shrinkage=0.03


Tree=174
num_leaves=16
num_cat=0
split_feature=2 1 13 1 0 4 2 13 13 1 2 1 2 2 2
split_gain=2.46024 2.9868 2.90512 9.34802 15.4979 9.11323 10.3263 9.20491 12.8041 9.49535 9.40773 8.91612 8.80408 7.96659 8.32845
threshold=0.0066115000000000002 0.81198350000000008 0.37821950000000004 0.71137950000000016 0.77441700000000013 0.85416650000000016 0.045850000000000009 0.50145750000000011 0.71418250000000005 0.46648950000000006 0.41942700000000005 0.22704300000000002 0.21670550000000002 0.15632400000000002 0.31760550000000004
decision_type=2 2 2 2 2 2 2 2 2 2 2 2 2 2 2
left_child=-1 2 3 4 13 6 -4 10 9 12 -8 -10 -9 -2 -15
right_child=1 -3 5 -5 -6 -7 7 8 11 -11 -12 -13 -14 14 -16
leaf_value=0.010009405888775882 -0.0044696526662845364 0.012288046823008584 -0.029927610796518858 0.017982094081203274 -0.031747760022181284 9.3175370205581429e-05 -0.0048826841474476608 -0.020074780839633415 0.0064824352934796164 0.020508610432918222 -0.026938969778928439 -0.02002802332347884 0.0052409890603567323 0.0075806660678376754 2.7454409830372958e-05
leaf_weight=20.74759178981185 171.76232876442373 16.282787676900625 14.640541732311247 27.86976719647646 12.11141501739621 1089.8515390809625 46.40862450376153 14.518555443733929 15.625350091606377 27.327854435890913 27.410300937481225 37.691165121272206 59.813620146363974 211.23018443956971 344.9190636491403
leaf_count=115 1045 95 85 150 64 7066 322 95 125 159 210 235 430 1434 2644
internal_value=0 -0.000132567 -0.000234619 0.00123429 0.000580141 -0.00108091 -0.00631612 -0.00468157 -0.000506345 0.00572917 -0.0133232 -0.0122824 9.54694e-05 0.00116085 0.00290469
internal_weight=0 2117.46 2101.18 767.893 740.023 1333.29 243.436 228.795 154.977 101.66 73.8189 53.3165 74.3322 727.912 556.149
internal_count=14274 14159 14064 5337 5187 8727 1661 1576 1044 684 532 360 525 5123 4078
is_linear=0
shrinkage=0.03


Tree=175
num_leaves=16
num_cat=0
split_feature=6 4 2 2 13 2 7 13 13 2 5 0 0 13 2
split_gain=2.39331 5.02991 5.54462 12.9432 8.57107 5.79542 3.70909 2.82552 7.0662 2.72416 11.567 8.40411 15.0432 7.27739 6.15233
threshold=3.5000000000000004 0.67708350000000006 0.69367650000000014 0.5975315000000001 0.24331000000000005 0.63198450000000006 0.41666650000000005 0.70391700000000013 0.80552350000000017 0.66216550000000007 1.5000000000000002 0.56858000000000009 0.52621850000000014 0.58936650000000013 0.45855650000000003
decision_type=2 2 2 2 2 2 2 2 2 2 2 2 2 2 2
left_child=9 -2 3 4 -3 -5 7 -6 -9 14 -11 12 13 -12 -1
right_child=1 2 -4 5 6 -7 -8 8 -10 10 11 -13 -14 -15 -16
leaf_value=0.00075445251033488239 -0.02475907030539647 0.015909256098212705 -0.023179691776567389 0.038950857177412146 -0.012525489394402282 0.0060989341950224134 -0.023423734381297006 0.021895345987640293 -0.010922389771608833 -0.0086576389617760621 -0.0085810386488800235 -0.0057938950995134551 0.036982457797351563 0.017602548089671467 -0.0036161197715571408
leaf_weight=1554.7858969438821 8.8416547356173378 12.846829469315706 9.3306863941252214 8.19745782017708 26.903647842817008 11.135206148028372 13.782028964720665 8.5223837923258561 14.559291137382386 37.985197080299258 17.428281113505363 18.683226831257343 20.538904944434762 19.002583257853985 355.24735835194588
leaf_count=9477 225 182 174 92 430 136 187 100 186 236 142 122 126 139 2320
internal_value=0 -0.00423722 -0.00229695 -4.79899e-05 -0.0056293 0.0212594 -0.0101472 -0.00609892 0.00160085 0.000209661 0.00470142 0.0114344 0.0170869 0.00518189 -5.98977e-05
internal_weight=0 114.119 105.278 95.9468 76.6142 19.3327 63.7674 49.9853 23.0817 2023.67 113.638 75.653 56.9698 36.4309 1910.03
internal_count=14274 1712 1487 1313 1085 228 903 716 286 12562 765 529 407 281 11797
is_linear=0
shrinkage=0.03


Tree=176
num_leaves=16
num_cat=0
split_feature=3 1 2 1 1 0 0 0 1 1 4 1 2 13 0
split_gain=2.36042 5.76893 6.50575 4.67663 5.31094 10.8291 4.96461 6.46825 6.74132 7.67544 7.11677 6.96378 10.3254 5.63139 5.18264
threshold=0.37500000000000006 0.10457050000000001 0.66216550000000007 0.19014300000000003 0.69749300000000014 0.71770300000000009 0.42468050000000007 0.44819900000000007 0.37791800000000003 0.40693850000000004 0.57291650000000016 0.27894700000000006 0.50841300000000011 0.36383600000000005 0.61347000000000007
decision_type=2 2 2 2 2 2 2 2 2 2 2 2 2 2 2
left_child=1 -1 3 -3 5 6 13 -8 11 -10 14 12 -9 -5 -11
right_child=-2 2 -4 4 -6 -7 7 8 9 10 -12 -13 -14 -15 -16
leaf_value=-0.023651464716534155 0.00032706575336681145 0.009176563142080079 0.018279006211890821 -0.025514373325496081 0.016277654253834303 -0.033705857940995197 0.020520950726000475 0.021978198635566465 0.021531739700666745 0.016324969658807451 -0.011936632697866068 -0.021591416037360475 -0.018544009815927628 0.0021064818010359441 -0.0052089808553847866
leaf_weight=10.407337829470633 1896.5350694023073 24.126232812181115 12.709892453625796 16.938691182993356 9.457317501306532 10.69666041433811 10.026624489575623 9.9658485334366578 13.590213049203156 20.887100348249078 34.833229096606374 28.223434181883931 10.697925871238111 10.323344743810592 17.919479422271252
leaf_count=194 12064 256 110 173 60 86 83 88 108 135 297 301 88 101 130
internal_value=0 -0.00282018 -0.00178105 -0.00303051 -0.00459141 -0.00574559 -0.00383747 -0.00160004 -0.00336728 0.00164547 -0.00226385 -0.0121653 0.00111168 -0.0153507 0.00650031
internal_weight=0 240.803 230.396 217.686 193.56 184.103 173.406 146.144 136.117 87.23 73.6398 48.8872 20.6638 27.262 38.8066
internal_count=14274 2210 2016 1906 1650 1590 1504 1230 1147 670 562 477 176 274 265
is_linear=0
shrinkage=0.03


Tree=177
num_leaves=16
num_cat=0
split_feature=13 4 2 2 2 13 2 2 1 1 2 0 13 0 14
split_gain=2.38976 7.21082 7.79405 10.288 10.1471 11.4956 11.243 10.1894 11.9655 8.60632 11.8343 10.0146 7.39945 7.10936 13.2754
threshold=0.40556650000000005 0.96875000000000011 0.62039750000000005 0.68085700000000016 0.25561100000000009 0.46591450000000006 0.28071000000000007 0.051625500000000012 0.59949150000000018 0.32291100000000006 0.093707500000000013 0.47011800000000004 0.62707250000000003 0.56497300000000006 0.87500000000000011
decision_type=2 2 2 2 2 2 2 2 2 2 2 2 2 2 2
left_child=13 2 4 -4 7 -6 -7 8 -2 -9 -11 -12 -5 -1 -15
right_child=1 -3 3 12 5 6 -8 9 -10 10 11 -13 -14 14 -16
leaf_value=-0.0010619413113480167 0.00082416281904455237 0.00056855673123986739 0.024797618242870943 -0.022037106776281335 -0.029029619055662807 -0.031570657567769139 -0.0044113086123241307 0.017760151343414389 -0.035445789988191895 0.018695843592755477 -0.028568664867169656 -0.0013422970636497017 0.011278455077160405 -0.010424834713484623 0.0069479326202010975
leaf_weight=492.17908443510532 17.850495390594009 940.91359349712729 17.248531764373183 10.934136000461878 26.384888052940369 14.581774462014435 119.31802040711045 26.780777575448155 14.051216986030338 21.22739976271987 13.519437085837124 75.491385731846094 11.170262604951857 44.907087234780192 290.26509695872664
leaf_count=3657 110 6058 128 79 209 90 863 190 72 124 79 445 82 331 1757
internal_value=0 -0.000825528 -0.00437647 0.00809825 -0.0058877 -0.0112699 -0.00758108 -0.00074441 -0.0157428 0.00283639 -0.000916188 -0.00574903 -0.00544191 0.00123304 0.00459621
internal_weight=0 1309.47 368.558 39.3529 329.205 160.285 133.9 168.921 31.9017 137.019 110.238 89.0108 22.1044 827.351 335.172
internal_count=14274 8529 2471 289 2182 1162 953 1020 182 838 648 524 161 5745 2088
is_linear=0
shrinkage=0.03


Tree=178
num_leaves=16
num_cat=0
split_feature=12 2 12 12 10 13 3 6 0 1 3 13 0 1 8
split_gain=2.35 5.54869 5.48636 6.69389 4.33635 4.48021 4.51559 2.71843 4.63061 7.7459 8.04926 8.90778 5.03697 5.37027 4.90797
threshold=6.9180020000000004 0.08423700000000002 5.5940500000000002 4.9685970000000008 0.11749550000000002 0.74656750000000016 0.87500000000000011 2.5000000000000004 0.38536150000000008 0.19921700000000001 0.62500000000000011 0.28753550000000005 0.39532050000000002 0.088647500000000004 1.0000000180025095e-35
decision_type=2 2 2 2 2 2 2 2 2 2 2 2 2 2 2
left_child=2 -2 3 7 5 6 -3 -1 9 10 11 -9 -10 -14 -12
right_child=1 4 -4 -5 -6 -7 -8 8 12 -11 14 -13 13 -15 -16
leaf_value=0.00055584873059471532 0.022329308520398612 -0.003830139972459309 -0.014089465822713219 0.021231837697711271 0.012516031217256163 -0.016004094674720075 0.015925388634725281 0.0038189216658403541 0.01708467913107535 -0.023869309762250577 -0.0018779045160316526 -0.029802389329546007 -0.018412868774598443 -0.00075637005731094475 0.020715266088884316
leaf_weight=1348.2653118520975 12.539857964962719 33.639030104503036 24.452498483471572 12.185647407546638 22.941062273457646 15.366981606930493 13.912896811962126 12.366485374979677 12.800649246200917 20.569262591190636 23.933632677420974 15.011281271465121 14.965573928318916 540.8401982281357 12.42538148164749
leaf_count=7513 62 217 154 70 157 82 70 198 132 243 311 216 209 4567 73
internal_value=0 0.00447551 -0.000248369 -7.33562e-05 0.00164091 -0.00245807 0.00215895 -0.000213628 -0.00180102 -0.00831928 -0.00300975 -0.0150163 -0.000821662 -0.001264 0.00619094
internal_weight=0 98.3998 2037.82 2013.36 85.86 62.9189 47.5519 2001.18 652.912 84.306 63.7368 27.3778 568.606 555.806 36.359
internal_count=14274 588 13686 13532 526 369 287 13462 5949 1041 798 414 4908 4776 384
is_linear=0
shrinkage=0.03


Tree=179
num_leaves=16
num_cat=0
split_feature=2 1 0 2 5 1 0 0 2 1 13 11 10 10 2
split_gain=2.28726 2.7406 2.88878 3.12357 13.8864 9.1659 11.5086 7.73159 7.22522 7.04962 5.03811 5.01803 5.40255 5.672 4.32488
threshold=0.0066115000000000002 0.81198350000000008 0.82997550000000009 0.15026900000000001 1.0000000180025095e-35 0.16595800000000002 0.28578400000000004 0.45485350000000008 0.16441850000000002 0.55230650000000014 0.54025600000000018 1.4130390000000002 1.0775295000000003 0.65094450000000015 0.17128050000000003
decision_type=2 2 2 2 2 2 2 2 2 2 2 2 2 2 2
left_child=-1 2 3 4 7 -6 -7 -2 9 10 -5 12 13 -8 -10
right_child=1 -3 -4 8 5 6 11 -9 14 -11 -12 -13 -14 -15 -16
leaf_value=0.009651868389645905 -0.0022105369080797264 0.01178904934783718 -0.011242201649647881 -0.004716909819510633 0.019539008612138416 -0.021984835475036036 0.00024156482746148929 -0.021567683574828488 -0.011806037303649923 0.028751744934269484 0.016130889425153342 -0.014494107971559792 0.006847491142895513 -0.01441127759255237 0.00035590348349755495
leaf_weight=20.745916038751602 31.277572713792324 16.228437792509794 20.204377360641956 22.891162572428584 19.522978076711297 21.243318129330873 220.33188279718161 45.63036585226655 25.780861966311932 14.007734496146439 17.665352107957006 18.696094995364547 101.78339163027704 25.647626573219895 1513.8194719878957
leaf_count=115 188 95 105 149 128 148 1205 242 161 81 107 246 580 125 10599
internal_value=0 -0.00012749 -0.000225216 -0.000112758 -0.00222064 -6.03474e-07 -0.00103227 -0.0138248 0.000528377 0.0111564 0.0045335 0.000238858 0.00107021 -0.00133841 0.000144719
internal_weight=0 2114.73 2098.5 2078.3 484.133 407.225 387.702 76.9079 1594.16 54.5642 40.5565 366.459 347.763 245.98 1539.6
internal_count=14274 14159 14064 13959 2862 2432 2304 430 11097 337 256 2156 1910 1330 10760
is_linear=0
shrinkage=0.03


Tree=180
num_leaves=16
num_cat=0
split_feature=13 4 2 2 2 13 2 2 1 1 2 0 13 13 3
split_gain=2.26994 6.75409 7.36736 9.66705 9.58775 11.0898 10.7787 9.56803 11.2629 8.10707 11.1255 9.55449 7.05925 9.38652 7.28879
threshold=0.40556650000000005 0.96875000000000011 0.62039750000000005 0.68085700000000016 0.25561100000000009 0.46591450000000006 0.28071000000000007 0.051625500000000012 0.59949150000000018 0.32291100000000006 0.093707500000000013 0.47011800000000004 0.5338440000000001 0.60163750000000016 0.62500000000000011
decision_type=2 2 2 2 2 2 2 2 2 2 2 2 2 2 2
left_child=-1 2 4 -4 7 -6 -7 8 -2 -9 -11 -12 -13 -14 -15
right_child=1 -3 3 -5 5 6 -8 9 -10 10 11 12 13 14 -16
leaf_value=0.001202230622312945 0.00080648343899295525 0.00054377418027564859 0.024026003068614632 -0.0052857014050725314 -0.028529409112015312 -0.030950120803402148 -0.0042563024409832907 0.017206372065925093 -0.034412298997389922 0.018099669190807622 -0.02797918108444445 -0.013866312255082934 0.025645151373928126 -0.013167078218195899 0.013635468747219119
leaf_weight=826.8578520398587 17.832654979079965 940.57089485414326 17.300777042284608 22.027827894315124 26.051694172434509 14.450365966185926 119.1043778564781 26.857135646045208 14.01634409278631 21.246800821274519 13.415108377113937 25.443073840811849 13.521517585963009 22.498030986636877 13.964477267116306
leaf_count=5745 110 6058 128 161 209 90 863 190 72 124 79 157 78 132 78
internal_value=0 -0.000804779 -0.00424619 0.00788463 -0.00571848 -0.0109657 -0.00735308 -0.000721551 -0.0152686 0.00274776 -0.000902676 -0.005598 -0.00130339 0.00523799 -0.00281222
internal_weight=0 1308.3 367.73 39.3286 328.402 159.606 133.555 168.795 31.849 136.946 110.089 88.8422 75.4271 49.984 36.4625
internal_count=14274 8529 2471 289 2182 1162 953 1020 182 838 648 524 445 288 210
is_linear=0
shrinkage=0.03


Tree=181
num_leaves=16
num_cat=0
split_feature=12 2 12 12 10 13 3 8 0 0 1 13 13 1 0
split_gain=2.22723 5.23398 5.18936 6.30119 4.08413 4.23779 4.24361 2.60059 4.18815 13.869 4.59067 3.66214 4.214 6.33923 4.58751
threshold=6.9180020000000004 0.08423700000000002 5.5940500000000002 4.9685970000000008 0.11749550000000002 0.74656750000000016 0.87500000000000011 1.0000000180025095e-35 0.33214400000000005 0.35462050000000006 0.21552600000000002 0.96839150000000018 0.41950250000000006 0.14247150000000003 0.37421200000000004
decision_type=2 2 2 2 2 2 2 2 2 2 2 2 2 2 2
left_child=2 -2 3 7 5 6 -3 -1 10 -10 -9 12 13 -11 -14
right_child=1 4 -4 -5 -6 -7 -8 8 9 11 -12 -13 14 -15 -16
leaf_value=-0.0010818867184056885 0.021677557013942524 -0.0037277451344407122 -0.013724791162811287 0.020553846955148 0.012139532795612055 -0.015603010281032895 0.015399214058372803 0.011578391313675072 -0.023172823763487595 -0.014430424943139194 -0.0073363771825298392 0.01348683501003149 0.014236987513289058 0.0047704247869472197 -0.001833137253127243
leaf_weight=1209.6228155968711 12.567096855491398 33.571628821082413 24.369837020523846 12.243562651798127 22.989641046151519 15.280298102647064 13.980080131441353 58.608959686011076 20.726849593222141 15.4941149353981 13.593285553157328 20.061448153108358 15.680864062160252 259.24887511506677 386.73549999296665
leaf_count=8587 62 217 154 70 157 82 70 378 119 87 82 126 101 1646 2336
internal_value=0 0.00435774 -0.000241417 -7.13672e-05 0.00160108 -0.00238461 0.00209688 -0.000207854 0.00112986 0.000432261 0.00796579 0.00116617 0.000781813 0.00363919 -0.0011732
internal_weight=0 98.3887 2036.39 2012.02 85.8216 62.832 47.5517 1999.77 790.15 717.948 72.2022 697.221 677.159 274.743 402.416
internal_count=14274 588 13686 13532 526 369 287 13462 4875 4415 460 4296 4170 1733 2437
is_linear=0
shrinkage=0.03


Tree=182
num_leaves=16
num_cat=0
split_feature=6 0 4 14 0 13 13 2 2 1 13 0 10 5 11
split_gain=2.20497 4.9994 9.17094 7.93353 7.89645 4.01867 5.183 3.75402 3.25783 6.93797 6.77039 3.13046 2.63541 3.16758 4.29646
threshold=3.5000000000000004 0.53242800000000012 0.96875000000000011 0.87500000000000011 0.44613450000000004 0.28753550000000005 0.17233100000000004 0.27364950000000005 0.33724900000000008 0.39989900000000006 0.60540700000000014 0.58734350000000013 51.160083500000006 3.5000000000000004 5.2450720000000013
decision_type=2 2 2 2 2 2 2 2 2 2 2 2 2 2 2
left_child=12 2 5 -4 -5 6 -2 -3 -9 10 11 -10 -1 14 -14
right_child=1 7 3 4 -6 -7 -8 8 9 -11 -12 -13 13 -15 -16
leaf_value=3.0248209546767005e-05 -0.029537702406247483 -0.014852873968842738 -0.018388411608092854 0.022023953045901008 -0.014670071711789344 -0.038743359920737769 0.0099449044399196537 0.02224899969882076 -0.016938772197355498 -0.022391504441171918 0.021243548026073988 0.0070759478506108552 0.0076011422450874104 0.02101512413081472 -0.016861352242073146
leaf_weight=1971.0309184268117 5.2588534634560364 8.875936418771742 13.446358934044836 14.787609903141858 7.0910351276397696 10.05065071955323 5.0065349452197552 7.5690551102161399 8.6901860181242245 7.553001904860138 16.134821139276028 9.0202010571956617 31.909154806286097 10.271593341603873 7.0611718147993079
leaf_count=11929 151 115 239 179 119 236 89 83 122 106 163 110 366 127 140
internal_value=0 -0.00407649 -0.0104149 -0.00100856 0.0100097 -0.0259559 -0.0111082 0.00209403 0.00540164 0.00186924 0.00777057 -0.00498319 0.000203213 0.00698817 0.00285774
internal_weight=0 113.484 55.641 35.325 21.8786 20.316 10.2654 57.8432 48.9673 41.3982 33.8452 17.7104 2020.27 49.2419 38.9703
internal_count=14274 1712 1013 537 298 476 240 699 584 501 395 232 12562 633 506
is_linear=0
shrinkage=0.03


Tree=183
num_leaves=16
num_cat=0
split_feature=1 5 0 13 0 0 2 0 0 0 13 10 2 1 10
split_gain=2.18094 7.52827 5.65323 15.5909 8.5805 4.38027 4.02885 3.88915 13.5033 10.9132 10.0267 8.65186 5.78456 5.21957 5.04988
threshold=0.012388500000000002 2.5000000000000004 0.22206000000000004 0.68458450000000004 0.24105600000000002 0.18019000000000004 0.0066115000000000002 0.35462050000000006 0.33214400000000005 0.35970200000000002 0.92865850000000016 2.3700145000000004 0.21265400000000004 0.070318000000000006 1.5927035
decision_type=2 2 2 2 2 2 2 2 2 2 2 2 2 2 2
left_child=1 -1 3 5 -4 -2 -6 8 10 -9 13 12 -10 -8 -15
right_child=2 -3 4 -5 6 -7 7 9 11 -11 -12 -13 -14 14 -16
leaf_value=-0.024594555377822874 0.0072830247099020824 0.0095550028424448014 -0.022934945329629974 -0.013941098520062502 0.013395721883838516 0.028992070340318383 0.015547776009953959 0.02576729556227364 -0.023742832775545373 6.0648992587967053e-05 0.028146365483994275 -0.037532504687982811 -0.00072464614675673959 -0.0075308055355109878 0.0075643519104424744
leaf_weight=11.786563322879376 14.749544419348238 9.8881635889410955 13.803629187867044 16.452250981703401 18.971908301115036 21.344056187197566 13.170872305519877 13.984694834798573 15.020028455182908 1829.8458139849827 10.169601973146198 12.763051226735113 25.582350331358612 79.992975885048509 25.575200162827969
leaf_count=100 100 110 104 106 103 150 124 107 103 11947 68 87 236 625 204
internal_value=0 -0.00928097 7.28918e-05 0.00969639 -0.000177303 0.0205562 -1.25617e-05 -0.00014466 -0.00431264 0.000269485 0.000968304 -0.0168524 -0.00960579 -0.00157503 -0.00383715
internal_weight=0 21.6747 2111.43 52.5459 2058.88 36.0936 2045.08 2026.1 182.274 1843.83 128.909 53.3654 40.6024 118.739 105.568
internal_count=14274 210 14064 356 13708 250 13604 13501 1447 12054 1021 426 339 953 829
is_linear=0
shrinkage=0.03


Tree=184
num_leaves=16
num_cat=0
split_feature=1 13 13 0 2 4 2 4 1 0 0 1 1 5 2
split_gain=2.16536 9.26984 10.0379 8.48792 14.665 8.74858 8.87619 9.96419 5.00684 8.13601 5.55261 6.56834 13.6572 10.0596 11.505
threshold=0.11690300000000002 0.93694450000000018 0.88253450000000011 0.31796350000000001 0.51801750000000013 0.71875000000000011 0.40645000000000003 0.89583350000000006 0.13017600000000004 0.44613450000000004 0.35462050000000006 0.30321200000000004 0.31471900000000003 1.0000000180025095e-35 0.19494950000000003
decision_type=2 2 2 2 2 2 2 2 2 2 2 2 2 2 2
left_child=1 2 3 5 -5 -1 7 -7 9 -2 -10 13 -13 -12 -15
right_child=8 -3 -4 4 -6 6 -8 -9 10 -11 11 12 -14 14 -16
leaf_value=-0.019557306950664481 0.017190646451939698 0.018661400836687068 -0.034005729415425588 -0.042049214788815036 -0.0046848414618217323 0.022351242880557152 0.026086589303115131 -0.011563236065372481 -0.0053711838139960449 -0.01215861347024156 0.014854042215074525 -0.018984716147838931 -0.00010381700184265427 0.031391627089898559 0.0010077100847256141
leaf_weight=9.8793386183679086 33.713287878781557 14.709007032215593 9.4145894646644575 9.9742554537951928 70.906777234748006 11.041099447757004 18.454835437238216 21.120350271463394 156.82606537640095 10.462721185758708 60.076673902571201 34.461637776345015 1245.2565864808857 10.530014147982 415.95296896714717
leaf_count=107 264 105 80 97 671 82 156 154 1153 78 351 253 7573 69 3081
internal_value=0 -0.00331077 -0.00556288 -0.00344326 -0.00974989 0.00500996 0.010091 0.000402597 0.000252199 0.0101242 2.02819e-05 0.000501753 -0.000626689 0.00346491 0.00182958
internal_weight=0 165.5 150.791 141.377 80.881 60.4956 50.6163 32.1614 1967.28 44.176 1923.1 1766.28 1279.72 486.56 426.483
internal_count=14274 1452 1347 1267 768 499 392 236 12822 342 12480 11327 7826 3501 3150
is_linear=0
shrinkage=0.03


Tree=185
num_leaves=16
num_cat=0
split_feature=3 13 0 0 13 13 13 13 1 1 1 13 13 0 5
split_gain=2.12864 5.47144 6.78712 6.97388 4.131 3.93071 4.48997 7.43541 4.97487 10.3754 9.51975 8.92924 7.49649 7.30045 6.75875
threshold=0.37500000000000006 0.033667000000000009 0.34688750000000007 0.71770300000000009 0.31701850000000004 0.017249000000000004 0.29099350000000007 0.30929450000000008 0.6391285000000001 0.54212850000000012 0.65826350000000011 0.73882100000000006 0.64371650000000014 0.8053800000000001 3.5000000000000004
decision_type=2 2 2 2 2 2 2 2 2 2 2 2 2 2 2
left_child=1 -1 4 -4 -3 -2 -7 -8 9 -9 -10 12 13 -12 -11
right_child=5 2 3 -5 -6 6 7 8 10 14 11 -13 -14 -15 -16
leaf_value=0.012165732606934043 -0.011591204364699719 -0.03316035220570724 -0.00082973770685917123 -0.020508947583701788 -0.0013368831960326667 0.0031569615900658883 -0.015069108058611081 0.00033545800728332603 0.023530662578614959 -0.012063149853861711 -0.0088952640647218442 0.012437174549773212 -0.022116556259826465 0.015595112191443525 0.0045937095709278532
leaf_weight=19.495935258455575 23.643794743344188 10.020524875260888 187.58858166169375 16.750465111806989 5.6351962788030496 429.52703951299191 29.177826059982181 1158.3471224661916 21.203056868165731 102.85622711479664 25.871425982564688 40.992243241518736 16.512963466346264 17.500125378370285 27.214253481477499
leaf_count=172 149 156 1670 127 85 2688 190 7674 118 559 133 218 81 94 160
internal_value=0 -0.00268405 -0.00404913 -0.00253494 -0.0224737 0.000312229 0.000468915 -0.000334698 -1.94394e-05 -0.000569492 0.00574322 0.00181024 -0.00554892 0.0011152 -0.00856963
internal_weight=0 239.491 219.995 204.339 15.6557 1892.85 1869.2 1439.68 1410.5 1288.42 122.08 100.877 59.8845 43.3716 130.07
internal_count=14274 2210 2038 1797 241 12064 11915 9227 9037 8393 644 526 308 227 719
is_linear=0
shrinkage=0.03


Tree=186
num_leaves=16
num_cat=0
split_feature=1 5 0 13 0 0 2 0 0 0 13 10 2 0 1
split_gain=2.11447 7.15279 5.36495 14.7064 8.07208 4.05105 3.83088 3.47895 12.6105 10.1587 9.38641 7.93351 5.58788 5.03259 4.69416
threshold=0.012388500000000002 2.5000000000000004 0.22206000000000004 0.68458450000000004 0.24105600000000002 0.18019000000000004 0.0066115000000000002 0.35462050000000006 0.33214400000000005 0.35970200000000002 0.92865850000000016 2.3700145000000004 0.21265400000000004 0.36439500000000008 0.070318000000000006
decision_type=2 2 2 2 2 2 2 2 2 2 2 2 2 2 2
left_child=1 -1 3 5 -4 -2 -6 8 10 -9 14 12 -10 -11 -8
right_child=2 -3 4 -5 6 -7 7 9 11 13 -12 -13 -14 -15 -16
leaf_value=-0.024230944701888257 0.0071656891199986805 0.0091294426697537141 -0.022320918347466752 -0.013596628315214215 0.013063786726990587 0.02804239511965928 0.01472428402419807 0.024784530518676268 -0.023223150995434923 -0.016644939917109868 0.027277248419836093 -0.035882103181661559 -0.00049178304204406797 0.00019585093489185419 -0.0036164583949742988
leaf_weight=11.639876358211042 14.754170641303061 9.9131100177764875 13.702810399234293 16.364938639104366 18.967253144830465 21.433669919148088 13.256465424783526 14.064472584985195 14.805323917418717 15.111894657835363 10.196979168802498 12.910098429769276 25.448163227178156 1814.3772740298882 104.94376837648451
leaf_count=100 100 110 104 106 103 150 124 107 103 110 68 87 236 11837 829
internal_value=0 -0.00916267 7.21307e-05 0.00944636 -0.000171745 0.0199523 -1.24231e-05 -0.000141282 -0.00409169 0.000249777 0.00102164 -0.0162319 -0.0092127 4.77259e-05 -0.00145323
internal_weight=0 21.553 2110.34 52.5528 2057.78 36.1878 2044.08 2025.11 181.561 1843.55 128.397 53.1636 40.2535 1829.49 118.2
internal_count=14274 210 14064 356 13708 250 13604 13501 1447 12054 1021 426 339 11947 953
is_linear=0
shrinkage=0.03


Tree=187
num_leaves=16
num_cat=0
split_feature=6 2 2 2 2 2 1 0 0 2 5 2 5 0 0
split_gain=2.09864 4.8028 10.8217 6.63495 4.52443 6.88775 6.65313 4.06001 7.09686 3.06721 2.74769 2.61581 10.6745 8.09919 13.9129
threshold=3.5000000000000004 0.69367650000000014 0.5975315000000001 0.63198450000000006 0.54357500000000003 0.45855650000000003 0.29178450000000006 0.57516300000000009 0.62918950000000018 0.18774500000000002 3.5000000000000004 0.66216550000000007 1.5000000000000002 0.56858000000000009 0.52621850000000014
decision_type=2 2 2 2 2 2 2 2 2 2 2 2 2 2 2
left_child=11 2 4 -4 5 7 10 9 -9 -2 -7 -1 -13 14 -14
right_child=1 -3 3 -5 -6 6 -8 8 -10 -11 -12 12 13 -15 -16
leaf_value=-6.5996447937170357e-05 0.0059351930592008734 -0.023210074546977807 0.035744926652306379 0.0021902868512632197 -0.023311561922836725 0.0058649688561823983 -0.011216242671541626 0.019976670633289475 -0.014064634485266637 -0.020193169468019412 0.034545370735933431 -0.0082671547734681546 0.0051253914245263993 -0.0058578764182826122 0.035698890749541329
leaf_weight=1905.3733604904264 4.2903457060456303 9.6157987192273122 8.4664713330566901 12.381030060350893 11.827901901677249 5.5675186850130576 7.2289736513048402 8.7207015268504637 11.732218926772473 26.129319212399423 7.06141974683851 37.808885311707854 36.334489591419697 18.648355472832918 20.606898969039321
leaf_count=11797 62 187 100 158 172 106 98 98 153 491 87 236 281 122 126
internal_value=0 -0.00398481 -0.00199186 0.0168297 -0.00688917 -0.00385623 0.0107731 -0.00966434 0.000704484 -0.0164364 0.0232596 0.00019851 0.0046046 0.0110667 0.016615
internal_weight=0 113.022 103.406 20.8475 82.5584 70.7305 19.8579 50.8726 20.4529 30.4197 12.6289 2018.77 113.399 75.5897 56.9414
internal_count=14274 1712 1525 258 1267 1095 291 804 251 553 193 12562 765 529 407
is_linear=0
shrinkage=0.03


Tree=188
num_leaves=16
num_cat=0
split_feature=12 2 12 12 10 13 0 0 6 11 0 1 3 13 10
split_gain=2.09568 4.90093 4.88997 5.99438 3.8536 4.40077 4.10375 4.96904 2.51861 4.52188 4.80159 7.5099 7.43947 8.4328 4.55143
threshold=6.9180020000000004 0.08423700000000002 5.5940500000000002 4.9685970000000008 0.11749550000000002 0.77986650000000013 0.57208700000000012 0.42468050000000007 2.5000000000000004 5.3344820000000004 0.38536150000000008 0.19921700000000001 0.62500000000000011 0.28753550000000005 1.4668790000000003
decision_type=2 2 2 2 2 2 2 2 2 2 2 2 2 2 2
left_child=2 -2 3 8 5 6 7 -3 -1 10 11 12 13 -10 -14
right_child=1 4 -4 -5 -6 -7 -8 -9 9 -11 -12 -13 14 -15 -16
leaf_value=0.00054061123634638472 0.020965757376019245 0.010490712412868605 -0.013343611297092713 0.02002487668804407 0.011783315985404214 -0.016657586369816946 0.013867618865615888 -0.01293587046403291 0.0039287469255363033 -0.021271730865825855 -0.00040819396815771378 -0.023723233134776374 -0.001088951233939721 -0.029247937467462841 0.021621245125499088
leaf_weight=1345.9459738172591 12.600773002952335 12.196828583255408 24.280636850744486 12.276517391204832 23.022207885980606 13.807620052248238 16.204226471483707 20.512838086113334 12.03200383204967 9.4920403659343702 558.92246389389038 19.864562020637095 25.156358540058136 14.513510646298526 10.547536082565783
leaf_count=7513 62 74 154 70 157 74 93 128 192 176 4759 237 300 210 75
internal_value=0 0.00423064 -0.00023174 -6.66901e-05 0.00155793 -0.00232136 0.00197818 -0.00414846 -0.000200198 -0.00173141 -0.00140939 -0.00813731 -0.00286721 -0.0146136 0.00602631
internal_weight=0 98.3445 2033.03 2008.75 85.7437 62.7215 48.9139 32.7097 1996.47 650.528 641.036 82.114 62.2494 26.5455 35.7039
internal_count=14274 588 13686 13532 526 369 295 202 13462 5949 5773 1014 777 402 375
is_linear=0
shrinkage=0.03


Tree=189
num_leaves=16
num_cat=0
split_feature=1 13 13 13 0 2 0 0 4 2 0 4 6 3 1
split_gain=2.05513 8.60831 9.60503 8.21807 7.37225 15.2176 7.85808 15.2716 6.84857 7.59192 6.75144 6.17099 6.07263 10.4083 4.68196
threshold=0.11690300000000002 0.93694450000000018 0.88253450000000011 0.8313155000000001 0.31796350000000001 0.53675050000000013 0.39532050000000002 0.45134250000000004 0.71875000000000011 0.40645000000000003 0.37421200000000004 0.92708350000000006 2.5000000000000004 0.62500000000000011 0.13017600000000004
decision_type=2 2 2 2 2 2 2 2 2 2 2 2 2 2 2
left_child=1 2 3 4 8 -6 10 -8 -1 11 -7 -10 -9 -14 -2
right_child=14 -3 -4 -5 5 6 7 12 9 -11 -12 -13 13 -15 -16
leaf_value=-0.018990682917950853 0.0097857625990289236 0.017919329907013341 -0.033433499902461764 0.021545443502131098 -0.041011287659468126 -0.0075203747656622279 -0.03585620960490201 0.018488767997893469 0.014759700447210304 0.023013458091586999 0.024808630089465964 -0.012084552039955032 0.014214831321288542 -0.032903933328677651 2.2293113475978673e-05
leaf_weight=9.7757974937558156 44.244909787550569 14.737857662141321 9.2730443980544788 10.053919266909359 12.087471975013612 10.749426251277329 15.063632171601055 10.13689272478223 11.690400528721513 16.840498942881823 10.806986157782374 18.649583855643868 7.3892456851899606 7.673974035307765 1921.6728234225884
leaf_count=107 342 105 80 80 127 119 152 57 91 144 88 131 94 77 12480
internal_value=0 -0.0032298 -0.00540991 -0.00334324 -0.00540426 -0.0115931 -0.00527975 -0.0129952 0.00268792 0.00748066 0.0090686 -0.00160019 0.00151722 -0.0103439 0.000246893
internal_weight=0 164.929 150.191 140.918 130.864 73.9076 61.8202 40.2637 56.9563 47.1805 21.5564 30.34 25.2001 15.0632 1965.92
internal_count=14274 1452 1347 1267 1187 714 587 380 473 366 207 222 228 171 12822
is_linear=0
shrinkage=0.03


Tree=190
num_leaves=16
num_cat=0
split_feature=13 0 14 0 4 1 1 10 13 1 1 2 2 2 0
split_gain=2.05031 6.4314 12.3671 11.7571 8.08072 7.29838 10.7198 7.23646 6.76076 10.9294 7.73285 10.1797 9.14476 12.4356 7.35215
threshold=0.40556650000000005 0.56497300000000006 0.87500000000000011 0.58543450000000019 0.64583350000000006 0.44425150000000008 0.53578550000000014 4.4503480000000009 0.12237650000000001 0.41488450000000004 0.41488450000000004 0.18774500000000002 0.34791050000000007 0.66216550000000007 0.45010700000000003
decision_type=2 2 2 2 2 2 2 2 2 2 2 2 2 2 2
left_child=1 8 5 4 -4 -3 -7 -5 10 -10 11 -1 14 -14 -13
right_child=-2 2 3 7 -6 6 -8 -9 9 -11 -12 12 13 -15 -16
leaf_value=-0.025028091181660484 -0.00076356931691676331 -0.02585303239760945 0.040992786770064196 0.002126254294797238 0.011028602353724456 0.016442707245373729 -0.018965447501795147 0.016002234675547476 0.0031301310122743061 -0.012917986903267656 0.0098488091111447566 0.017477171381882328 -0.018555726023704502 0.017008915545896824 -0.011451961522409054
leaf_weight=28.19627527333796 1305.0918044792488 15.882089756429194 12.651133093982933 215.35289982892573 22.639822367578745 14.674644330516459 14.119330191984771 39.229271173477173 310.25605725403875 42.542605094611645 20.848094247281551 22.177220248617232 45.485609652474523 10.097467135637997 11.161212924867867
leaf_count=185 8529 135 81 1166 147 101 95 363 2333 261 126 190 404 77 81
internal_value=0 0.00114587 0.00434698 0.00661488 0.0226038 -0.0101906 -0.00097373 0.00431869 -0.00104069 0.00116391 -0.00664599 -0.00964074 -0.00453747 -0.0119085 0.00774067
internal_weight=0 825.314 334.549 289.873 35.291 44.6761 28.794 254.582 490.765 352.799 137.966 117.118 88.9215 55.5831 33.3384
internal_count=14274 5745 2088 1757 228 331 196 1529 3657 2594 1063 937 752 481 271
is_linear=0
shrinkage=0.03


Tree=191
num_leaves=16
num_cat=0
split_feature=3 1 1 2 4 0 0 1 1 0 0 13 13 13 13
split_gain=2.04006 5.30513 6.35848 6.38175 6.30172 5.70494 4.48672 4.46069 6.40073 6.93435 4.10593 6.01086 4.8175 4.6579 3.58355
threshold=0.37500000000000006 0.10457050000000001 0.26846550000000008 0.35937250000000004 0.60416650000000016 0.50344450000000018 0.49627400000000005 0.39474600000000004 0.50176700000000007 0.5976895000000001 0.60935800000000007 0.11026500000000002 0.31272250000000007 0.21528250000000002 0.017249000000000004
decision_type=2 2 2 2 2 2 2 2 2 2 2 2 2 2 2
left_child=1 -1 3 -3 5 -4 -6 -8 9 -9 13 -12 -13 -7 -2
right_child=14 2 4 -5 6 10 7 8 -10 -11 11 12 -14 -15 -16
leaf_value=-0.022894511396671875 -0.01108197598495227 -0.0087095359218209104 -0.012880842298986927 0.011297721984509833 0.0015862649885390893 0.0031957635430530673 -0.031864744702285078 -0.016249063736312297 -0.022712498473301677 0.018358330682946403 0.011526841795541705 -0.024710467791076638 0.0021234055541748897 0.026643236117100236 0.00045714224407490136
leaf_weight=10.094469144009052 23.540953747928143 18.963303041644394 22.037980621680617 51.0925697311759 16.38244959153235 20.781090913340449 11.86902214027941 9.1454510148614663 18.854465486481786 9.7222214452922326 15.739570684731005 11.575267015025021 11.273678526282309 11.348389718681572 1867.2133285617456
leaf_count=194 149 217 185 464 145 158 145 85 161 78 115 95 79 89 11915
internal_value=0 -0.00262907 -0.00163918 0.00583564 -0.0049541 0.000108103 -0.0119667 -0.0163867 -0.0108196 0.00161005 0.00427904 -0.00231694 -0.0119367 0.0120318 0.000307692
internal_weight=0 238.88 228.785 70.0559 158.73 92.756 65.9736 49.5912 37.7221 18.8677 70.718 38.5885 22.8489 32.1295 1890.75
internal_count=14274 2210 2016 681 1335 721 614 469 324 163 536 289 174 247 12064
is_linear=0
shrinkage=0.03


Tree=192
num_leaves=16
num_cat=0
split_feature=1 5 0 13 0 0 2 0 0 0 13 10 2 0 7
split_gain=2.00537 6.76007 5.10882 13.9362 7.60609 3.69967 3.58914 3.19937 11.6939 9.53185 8.77986 7.28847 5.43648 4.6995 4.64449
threshold=0.012388500000000002 2.5000000000000004 0.22206000000000004 0.68458450000000004 0.24105600000000002 0.18019000000000004 0.0066115000000000002 0.35462050000000006 0.33214400000000005 0.35970200000000002 0.92865850000000016 2.3700145000000004 0.21265400000000004 0.36439500000000008 0.87500000000000011
decision_type=2 2 2 2 2 2 2 2 2 2 2 2 2 2 2
left_child=1 -1 3 5 -4 -2 -6 8 10 -9 14 12 -10 -11 -8
right_child=2 -3 4 -5 6 -7 7 9 11 13 -12 -13 -14 -15 -16
leaf_value=-0.023760933882977436 0.0071513257464136315 0.0087886687742219829 -0.021752237072714644 -0.013284846629985919 0.012647365504730144 0.027126825607124747 -0.0036558994064530854 0.023976920761625626 -0.0227603111309146 -0.016139488369562034 0.026352095891044616 -0.034342310955949723 -0.00023656070049132553 0.00018416026800983435 0.014034881719364465
leaf_weight=11.464760136790575 14.742688411846755 9.9001631420105678 13.587909169495104 16.287540627643466 18.957405295222998 21.514454400166869 103.58704089839011 14.097480544820426 14.615229722112415 15.013184903189538 10.223649278283117 13.051652258262036 25.278833756223321 1812.6004839548841 14.31995829194784
leaf_count=100 100 110 104 106 103 150 810 107 103 110 68 87 236 11837 143
internal_value=0 -0.00895941 7.13762e-05 0.00921967 -0.00016687 0.0194144 -1.26405e-05 -0.00013748 -0.00393115 0.000237443 0.000994503 -0.0156489 -0.00884295 4.13147e-05 -0.00140737
internal_weight=0 21.3649 2107.88 52.5447 2055.33 36.2571 2041.74 2022.79 181.076 1841.71 128.131 52.9457 39.8941 1827.61 117.907
internal_count=14274 210 14064 356 13708 250 13604 13501 1447 12054 1021 426 339 11947 953
is_linear=0
shrinkage=0.03


Tree=193
num_leaves=16
num_cat=0
split_feature=12 12 12 2 10 13 3 4 0 13 13 0 0 1 1
split_gain=1.98806 4.62028 5.65987 4.60541 3.61305 3.85099 3.89529 2.51086 2.28765 2.2375 11.5643 10.0017 10.734 9.62039 8.77879
threshold=6.9180020000000004 5.5940500000000002 4.9685970000000008 0.08423700000000002 0.11749550000000002 0.74656750000000016 0.87500000000000011 0.35416650000000005 0.55680350000000012 0.83538150000000011 0.78860700000000017 0.54156050000000011 0.6783340000000001 0.33157150000000007 0.21786650000000005
decision_type=2 2 2 2 2 2 2 2 2 2 2 2 2 2 2
left_child=1 2 7 -2 5 6 8 -1 -5 10 -9 13 -13 14 -12
right_child=3 -3 -4 4 -6 -7 -8 9 -10 -11 11 12 -14 -15 -16
leaf_value=-0.013110412554565477 0.020329093679952979 -0.012996959826821091 0.019426190069274058 -0.009695037606059104 0.011423488176478877 -0.014917130763327596 0.014717281323354627 7.7106674053487902e-05 0.0059233513128188284 0.0021257987536562992 0.0026312263321423886 -0.029485073672767485 0.0012376907200429717 0.018962557342523965 -0.026396092506259045
leaf_weight=12.456597999203948 12.622737795114515 24.177814777009189 12.319046210497616 20.350916117429733 23.030343032442033 15.111925557255743 14.058516191318629 1548.0139437196776 13.098789094015954 334.46089106611907 22.702521985396743 32.905726704746485 14.548363886773584 14.234591614454983 14.785019252449272
leaf_count=92 62 154 70 135 157 82 70 10539 82 2192 178 190 79 88 104
internal_value=0 -0.000225553 -6.52575e-05 0.00412235 0.00152684 -0.00223528 0.00202305 -0.000195347 -0.00358453 -0.000107592 -0.000562095 -0.0104404 -0.020235 -0.00124064 -0.00920548
internal_weight=0 2030.6 2006.43 98.2732 85.6505 62.6201 47.5082 1994.11 33.4497 1981.65 1647.19 99.1762 47.4541 51.7221 37.4875
internal_count=14274 13686 13532 588 526 369 287 13462 217 13370 11178 639 269 370 282
is_linear=0
shrinkage=0.03


Tree=194
num_leaves=16
num_cat=0
split_feature=4 0 1 5 1 0 13 13 13 13 1 4 2 1 0
split_gain=1.95822 6.43109 11.3189 7.13695 7.96538 6.50987 18.7871 10.7248 12.1829 15.902 10.449 9.92832 11.3971 9.09716 9.04657
threshold=0.82291650000000016 0.42741600000000007 0.30579500000000009 1.0000000180025095e-35 0.16595800000000002 0.48982650000000005 0.75339400000000012 0.67359050000000009 0.23341650000000003 0.13893150000000001 0.35629100000000008 0.57291650000000016 0.43736600000000009 0.26139750000000006 0.5976895000000001
decision_type=2 2 2 2 2 2 2 2 2 2 2 2 2 2 2
left_child=1 2 3 4 -1 7 11 8 9 10 -3 -7 14 -14 -13
right_child=-2 5 -4 -5 -6 6 -8 -9 -10 -11 -12 12 13 -15 -16
leaf_value=-0.0075652854976163177 0.00057421358018926443 -0.015159491740697837 -0.024523502686439873 -0.0074783410516167156 0.019494635016176563 0.0075514714289318229 -0.028071830396264482 0.033241329453892167 -0.008008351543602181 0.034382431104764299 0.021028825827723779 -0.0072842982388325152 -0.0015445475083501977 -0.02439890244798696 0.0060840812553428379
leaf_weight=16.623734535649419 1488.4165834505111 16.957470711320642 25.589725634083152 93.16447453899309 21.439052067697048 111.93343704938889 21.520855678245425 11.365162393078206 43.18844978697598 18.855444202199578 10.96687391027808 76.502012422308326 28.669972485862672 33.969724825583398 109.54557904601097
leaf_count=104 9677 142 179 896 135 766 130 77 322 135 69 514 204 261 663
internal_value=0 -0.00140858 -0.00666693 -0.00302571 0.00778522 0.000307224 -0.00148879 0.00702859 0.00338827 0.0138574 -0.000711401 0.000170855 -0.00316808 -0.0141272 0.000577503
internal_weight=0 640.292 156.817 131.227 38.0628 483.475 382.142 101.333 89.9682 46.7798 27.9243 360.621 248.687 62.6397 186.048
internal_count=14274 4597 1314 1135 239 3283 2538 745 668 346 211 2408 1642 465 1177
is_linear=0
shrinkage=0.03


Tree=195
num_leaves=16
num_cat=0
split_feature=13 0 14 0 4 1 1 10 13 1 1 2 2 2 0
split_gain=1.93776 5.91198 11.6961 11.1874 7.49045 6.93425 10.1487 6.88233 6.19238 10.3349 7.03916 9.66676 8.64112 11.6777 6.96476
threshold=0.40556650000000005 0.56497300000000006 0.87500000000000011 0.58543450000000019 0.64583350000000006 0.44425150000000008 0.53578550000000014 4.4503480000000009 0.12237650000000001 0.41488450000000004 0.41488450000000004 0.18774500000000002 0.34791050000000007 0.66216550000000007 0.45010700000000003
decision_type=2 2 2 2 2 2 2 2 2 2 2 2 2 2 2
left_child=1 8 5 4 -4 -3 -7 -5 10 -10 11 -1 14 -14 -13
right_child=-2 2 3 7 -6 6 -8 -9 9 -11 -12 12 13 -15 -16
leaf_value=-0.024304434931817803 -0.00074146117685588617 -0.025335175928333283 0.039659455990616536 0.002018678930675115 0.010810907022591923 0.015878363581125446 -0.018594932247877963 0.01560172740237915 0.0030352944906455099 -0.012588021480084817 0.0093487001464416675 0.01710918427794789 -0.017974077886452642 0.016476571696751752 -0.011102237696055431
leaf_weight=27.941849634051323 1304.2254780633375 15.735132690519093 12.686171777546404 215.29735660180449 22.621386148035526 14.720678640529515 14.040624648332594 38.871138401329517 310.18399680266157 42.431329403072596 20.895055294036865 22.208165125921369 45.042158735916018 10.131461838260291 11.086670491844414
leaf_count=185 8529 135 81 1166 147 101 95 363 2333 261 126 190 404 77 81
internal_value=0 0.00111605 0.00418781 0.00639243 0.0219832 -0.00997986 -0.00101006 0.004149 -0.000982191 0.00112501 -0.00636272 -0.00923844 -0.00426154 -0.0114673 0.0076654
internal_weight=0 823.893 333.972 289.476 35.3076 44.4964 28.7613 254.168 489.921 352.615 137.305 116.41 88.4685 55.1736 33.2948
internal_count=14274 5745 2088 1757 228 331 196 1529 3657 2594 1063 937 752 481 271
is_linear=0
shrinkage=0.03


Tree=196
num_leaves=16
num_cat=0
split_feature=3 13 0 0 13 13 4 13 13 14 6 2 4 0 0
split_gain=1.94419 5.17016 6.16994 6.64026 4.01954 3.95654 13.8296 10.0668 8.93672 7.69314 7.60724 7.2864 7.10579 4.6947 11.1336
threshold=0.37500000000000006 0.033667000000000009 0.34688750000000007 0.71770300000000009 0.31701850000000004 0.28753550000000005 0.60416650000000016 0.24331000000000005 0.35177250000000004 0.70833350000000006 2.5000000000000004 0.22578600000000001 0.71875000000000011 0.43822950000000005 0.51427950000000011
decision_type=2 2 2 2 2 2 2 2 2 2 2 2 2 2 2
left_child=1 -1 4 5 -3 7 8 9 -7 -4 11 -8 13 -11 -15
right_child=-2 2 3 -5 -6 6 10 -9 -10 12 -12 -13 -14 14 -16
leaf_value=0.01188620526507223 0.00030100054467296417 -0.032535982820355032 -0.026004197277869227 -0.020109882255918039 -0.00084386841959686583 0.039527555930302098 -0.013143544054749509 -0.028471016543456875 0.0071303435689341558 -0.019920651776568959 -0.018079373631159031 0.014697162098826025 0.021445614099287299 0.021461541135251803 -0.0078775099430111132
leaf_weight=19.427716645412147 1889.353447386995 9.6386768589727563 8.8176157660782319 16.564224991947412 5.5275464002043 11.07886496838182 12.989348988980053 13.090708646923302 22.556738369166851 10.022664242424069 23.444281934760511 20.525729738175869 13.093058275058864 16.205458369106054 35.0227214647457
leaf_count=172 12064 156 92 127 85 88 85 111 174 103 324 124 134 139 296
internal_value=0 -0.00257071 -0.00390395 -0.00247331 -0.021752 -0.000811075 0.00366806 -0.00502132 0.0186345 -0.0010356 -0.00533891 0.00383883 0.00223166 -0.00215406 0.00163679
internal_weight=0 238.005 218.578 203.411 15.1662 186.847 90.595 96.2522 33.6356 83.1615 56.9594 33.5151 74.3439 61.2508 51.2282
internal_count=14274 2210 2038 1797 241 1670 795 875 262 764 533 209 672 538 435
is_linear=0
shrinkage=0.03


Tree=197
num_leaves=16
num_cat=0
split_feature=1 5 0 13 0 5 2 1 0 0 13 10 2 7 4
split_gain=1.90178 6.43261 4.89297 13.2301 7.16116 3.65067 3.36354 3.11022 3.88645 9.72695 7.83795 6.90886 5.35533 4.66502 4.60365
threshold=0.012388500000000002 2.5000000000000004 0.22206000000000004 0.68458450000000004 0.24105600000000002 2.5000000000000004 0.0066115000000000002 0.040732500000000012 0.35462050000000006 0.33214400000000005 0.91027200000000008 2.3700145000000004 0.21265400000000004 0.58333350000000006 0.89583350000000006
decision_type=2 2 2 2 2 2 2 2 2 2 2 2 2 2 2
left_child=1 -1 3 5 -4 -2 -6 -8 9 10 13 12 -11 -9 -14
right_child=2 -3 4 -5 6 -7 7 8 -10 11 -12 -13 14 -15 -16
leaf_value=-0.023314072933860498 0.011476174057546824 0.008483313947043462 -0.021184306055532561 -0.012963458356951247 0.012244915578636302 0.032061043366703852 0.01343180466675143 -0.004907702352685752 0.00017122052521094218 -0.022287418156712917 0.022676839913678248 -0.033343105515601969 0.015414463210064129 0.012281260534081104 -0.010125209788196192
leaf_weight=11.333807865157725 24.39507956430316 9.9424402611330134 13.482116270810364 16.230016499757767 18.947694309055805 11.950656680390237 14.095733147114514 94.969045135192573 1832.4897204469889 14.419148817658423 11.492088265717028 13.107789009809492 9.7281590662896633 15.706039203330873 14.573067935183644
leaf_count=100 164 110 104 106 103 86 134 734 11980 103 79 86 95 160 130
internal_value=0 -0.00874129 7.0517e-05 0.00902067 -0.000162969 0.0189218 -1.36953e-05 -0.000134649 -0.000236598 -0.00450811 0.000141797 -0.0152639 -0.00845825 -0.00238026 0.000303868
internal_weight=0 21.2762 2105.59 52.5758 2053.01 36.3457 2039.53 2020.58 2006.49 173.995 122.167 51.8282 38.7204 110.675 24.3012
internal_count=14274 210 14064 356 13708 250 13604 13501 13367 1387 973 414 328 894 225
is_linear=0
shrinkage=0.03


Tree=198
num_leaves=16
num_cat=0
split_feature=1 13 13 13 0 2 0 0 2 4 2 4 6 3 1
split_gain=1.91396 7.94371 9.20894 7.72507 7.02505 14.3241 7.59964 14.511 6.34188 6.13546 7.29307 5.88643 5.75836 9.87437 4.34062
threshold=0.11690300000000002 0.93694450000000018 0.88253450000000011 0.8313155000000001 0.31796350000000001 0.53675050000000013 0.39532050000000002 0.45134250000000004 0.60929850000000008 0.71875000000000011 0.40645000000000003 0.92708350000000006 2.5000000000000004 0.62500000000000011 0.13017600000000004
decision_type=2 2 2 2 2 2 2 2 2 2 2 2 2 2 2
left_child=1 2 3 4 9 -6 8 -8 -7 -1 11 -11 -9 -14 -2
right_child=14 -3 -4 -5 5 6 7 12 -10 10 -12 -13 13 -15 -16
leaf_value=-0.018069948858479713 0.0094183304155919609 0.017161061866688972 -0.032859529440513853 0.02087063847959723 -0.04011416695291134 0.022893513781708123 -0.035346647542312731 0.017819668041209328 -0.0086272063016783022 0.014267065273221994 0.02239290174219603 -0.011990492696659054 0.013474020255957864 -0.032479761354091558 2.2855967035355503e-05
leaf_weight=9.5678703933954221 44.299585226923227 14.772717319428919 9.1397809330373985 10.08957628533244 11.86398673430085 11.805847563780846 14.793317865580319 10.134394828230144 9.6747933533042652 11.660125762224199 16.863737279549241 18.576554095372558 7.4497152939438802 7.5726123638451099 1918.2676545232534
leaf_count=107 342 105 80 80 127 97 152 57 110 91 144 131 94 77 12480
internal_value=0 -0.00312479 -0.00523433 -0.00321135 -0.00522602 -0.0112978 -0.00517914 -0.0128062 0.00894446 0.00268692 0.00719144 -0.00173225 0.00129322 -0.0102722 0.000239622
internal_weight=0 163.965 149.192 140.053 129.963 73.2947 61.4307 39.95 21.4806 56.6683 47.1004 30.2367 25.1567 15.0223 1962.57
internal_count=14274 1452 1347 1267 1187 714 587 380 207 473 366 222 228 171 12822
is_linear=0
shrinkage=0.03


Tree=199
num_leaves=16
num_cat=0
split_feature=12 12 12 2 0 10 0 13 4 6 0 4 14 0 13
split_gain=1.88959 4.33345 5.3089 4.29568 3.5205 2.92975 4.44811 4.30968 2.49587 2.15444 4.68371 7.0788 5.70831 5.63314 4.21809
threshold=6.9180020000000004 5.5940500000000002 4.9685970000000008 0.08423700000000002 0.5976895000000001 0.11749550000000002 0.41048050000000008 0.38991850000000006 0.35416650000000005 3.5000000000000004 0.53242800000000012 0.96875000000000011 0.87500000000000011 0.44613450000000004 0.28753550000000005
decision_type=2 2 2 2 2 2 2 2 2 2 2 2 2 2 2
left_child=1 2 8 -2 5 6 -5 -8 -1 -10 11 14 -13 -14 -11
right_child=3 -3 -4 4 -6 -7 7 -9 9 10 -12 12 13 -15 -16
leaf_value=-0.013088604657937566 0.019661203984819249 -0.012613631819081539 0.018783343600967492 0.0091750083988660202 0.01147060562605642 0.0086701942311136239 0.0025894902059823794 -0.018921112411542394 0.00013293339321197344 -0.0093883790882528309 0.001981907850685321 -0.017268700327028246 0.017917396474995077 -0.013772118343285187 -0.038617607370571821
leaf_weight=12.410959884990005 12.641235925257204 24.072860402986407 12.361490212380884 12.25339792575687 22.350055731832981 15.860101345926521 12.757236400619147 22.28680120408535 1873.7955503575504 9.4795792573131639 53.358598140068352 12.661137083545325 14.024929989129307 6.7248986382037392 9.0694970609620196
leaf_count=92 62 154 70 77 127 114 83 125 11783 220 642 226 168 113 218
internal_value=0 -0.000218929 -6.38128e-05 0.00402259 0.00151006 -0.0021386 -0.00586756 -0.0112359 -0.000190166 -0.000102711 -0.00425704 -0.0105804 -0.00212405 0.00748601 -0.0249243
internal_weight=0 2027.96 2003.89 98.1488 85.5076 63.1575 47.2974 35.044 1991.53 1979.11 105.319 51.96 33.411 20.7498 18.5491
internal_count=14274 13686 13532 588 526 399 285 208 13462 13370 1587 945 507 281 438
is_linear=0
shrinkage=0.03


Tree=200
num_leaves=16
num_cat=0
split_feature=4 0 1 5 1 0 13 13 13 13 1 4 2 2 1
split_gain=1.84023 5.73619 10.707 6.65977 7.53034 6.20612 17.7609 10.0338 11.4014 14.5333 9.91167 9.35969 10.7597 8.64547 8.62767
threshold=0.82291650000000016 0.42741600000000007 0.30579500000000009 1.0000000180025095e-35 0.16595800000000002 0.48982650000000005 0.75339400000000012 0.67359050000000009 0.23341650000000003 0.13893150000000001 0.35629100000000008 0.57291650000000016 0.43736600000000009 0.52471750000000006 0.26139750000000006
decision_type=2 2 2 2 2 2 2 2 2 2 2 2 2 2 2
left_child=1 2 3 4 -1 7 11 8 9 10 -3 13 -13 -7 -14
right_child=-2 5 -4 -5 -6 6 -8 -9 -10 -11 -12 12 14 -15 -16
leaf_value=-0.0073547138220480977 0.00055698373196959024 -0.014782391320676391 -0.023821245254554594 -0.0071358179240712848 0.018983519893465715 0.0034118897554585512 -0.027442855064646384 0.03210286629847342 -0.007782765730638107 0.032901834350821925 0.020508997366823531 0.00049720737753194077 -0.0015817655550053398 0.025321351400128627 -0.023885899045841635
leaf_weight=16.539697539061308 1487.3470575027168 16.815179004333917 25.301862319931388 92.50718030706048 21.475368365645409 93.205047123134136 21.367387710139155 11.423711670562623 42.970908103510737 18.994991241022944 10.97854797542095 185.78630828857422 28.659357379190624 18.737621011212468 33.67828674800694
leaf_count=104 9677 142 179 896 135 625 130 77 322 135 69 1177 204 141 261
internal_value=0 -0.0013673 -0.0063519 -0.00281008 0.00762942 0.000251896 -0.0015035 0.00681922 0.00328311 0.0133962 -0.000614125 0.000107559 -0.00314046 0.00727095 -0.0138186
internal_weight=0 638.441 155.824 130.522 38.0151 482.617 381.434 101.183 89.7596 46.7887 27.7937 360.067 248.124 111.943 62.3376
internal_count=14274 4597 1314 1135 239 3283 2538 745 668 346 211 2408 1642 766 465
is_linear=0
shrinkage=0.03


Tree=201
num_leaves=16
num_cat=0
split_feature=11 0 10 2 0 4 2 2 4 0 4 1 13 5 5
split_gain=1.85359 6.0063 3.13614 2.30503 1.96998 1.94512 2.35878 15.9652 9.22161 9.06384 8.16119 14.5989 7.79613 7.43251 6.77367
threshold=5.3344820000000004 0.55100950000000004 55.832424500000009 0.28861350000000002 0.39761850000000004 0.35416650000000005 0.53675050000000013 0.48609650000000004 0.53125000000000011 0.6736025000000001 0.82291650000000016 0.24947200000000003 0.22566750000000005 3.5000000000000004 1.0000000180025095e-35
decision_type=2 2 2 2 2 2 2 2 2 2 2 2 2 2 2
left_child=2 4 5 -4 -2 -1 7 -7 -8 10 11 -10 -12 -9 -14
right_child=1 -3 3 -5 -6 6 8 13 9 -11 12 -13 14 -15 -16
leaf_value=-0.01104295328685056 -0.0042818833599803287 0.0078731651719956448 0.023976524582021909 0.0013205229988441224 -0.028212756211762963 0.00033610315796084208 0.020034656516823415 -0.016494057418206622 -0.0015863214456813082 0.023095867065907046 0.01812675171201884 -0.034834785934269641 -0.019639663005347658 0.0016527963957394265 0.0019311353470429853
leaf_weight=13.31909912638366 5.0797716230154064 11.470939960330723 7.5120763108134252 7.9306662902235985 8.9881874062120897 1634.2885426208377 23.615575045347214 76.419140122830868 49.516749828122556 14.789690654724835 24.295436384156346 14.683251539245246 13.051270708441733 27.306966062635183 193.02022279705852
leaf_count=95 98 204 81 83 162 10287 178 560 423 91 174 104 71 232 1431
internal_value=0 -0.0078994 7.89421e-05 0.0131294 -0.0204293 -2.39992e-05 5.21622e-05 -0.000391339 0.00236135 0.000951999 -0.000234185 -0.00960826 0.00240847 -0.0117465 0.000476729
internal_weight=0 25.5389 2099.75 15.4427 14.068 2084.31 2070.99 1738.01 332.972 309.357 294.567 64.2 230.367 103.726 206.071
internal_count=14274 464 13810 164 260 13646 13551 11079 2472 2294 2203 527 1676 792 1502
is_linear=0
shrinkage=0.03


Tree=202
num_leaves=16
num_cat=0
split_feature=3 1 2 1 0 4 4 6 2 1 13 0 1 1 0
split_gain=1.85498 4.99158 7.01123 4.41503 11.4741 3.90382 6.08078 4.37198 4.42981 5.28982 5.19518 4.71166 5.77295 4.61557 4.56638
threshold=0.37500000000000006 0.11690300000000002 0.66216550000000007 0.69749300000000014 0.71770300000000009 0.96875000000000011 0.82291650000000016 3.5000000000000004 0.30294450000000006 0.39125400000000005 0.082927000000000015 0.52153650000000018 0.55689150000000009 0.24947200000000003 0.5827420000000002
decision_type=2 2 2 2 2 2 2 2 2 2 2 2 2 2 2
left_child=1 -1 3 4 5 6 7 8 9 13 -10 -11 -13 -3 -12
right_child=-2 2 -4 -5 -6 -7 -8 -9 10 11 14 12 -14 -15 -16
leaf_value=-0.020196838733833537 0.00029426066696868999 0.0037375689582484421 0.020044711496979974 0.016367121311156158 -0.032994273287348247 0.012382530236414733 -0.020144020467953761 -0.019615426045572523 -0.010148096070319985 0.015280286406081733 0.0036978399043826223 -0.012806764264968049 0.010305467698354505 -0.021908512274017567 0.02228102606798063
leaf_weight=12.557823207695035 1887.764560919255 8.4850502870976943 11.901873502880333 9.3985836468636972 10.361532654613255 14.749519377946852 16.242800999432802 10.045483362860976 14.147618167102335 14.059121504426001 37.496175013482571 25.360793597996235 14.500954970717428 21.04977672919631 16.797887299209833
leaf_count=228 12064 94 98 60 86 138 170 232 114 92 299 177 103 186 133
internal_value=0 -0.00251536 -0.0014416 -0.00273209 -0.00369086 -0.00195511 -0.00320441 -0.00139217 -6.65974e-05 -0.0046814 0.00554693 0.000951475 -0.00435253 -0.0146595 0.00974622
internal_weight=0 237.155 224.597 212.695 203.297 192.935 178.186 161.943 151.897 83.4557 68.4417 53.9209 39.8617 29.5348 54.2941
internal_count=14274 2210 1982 1884 1824 1738 1600 1430 1198 652 546 372 280 280 432
is_linear=0
shrinkage=0.03


Tree=203
num_leaves=16
num_cat=0
split_feature=13 0 14 0 4 1 1 10 13 1 0 0 0 1 0
split_gain=1.83134 5.50362 10.9806 10.5301 6.92528 6.60484 9.59739 6.45621 5.73286 9.81036 6.5806 9.2484 6.42776 10.9662 8.42948
threshold=0.40556650000000005 0.56497300000000006 0.87500000000000011 0.58543450000000019 0.64583350000000006 0.44425150000000008 0.53578550000000014 4.4503480000000009 0.12237650000000001 0.41488450000000004 0.38232500000000008 0.31796350000000001 0.26073950000000007 0.17046200000000003 0.42468050000000007
decision_type=2 2 2 2 2 2 2 2 2 2 2 2 2 2 2
left_child=1 8 5 4 -4 -3 -7 -5 10 12 11 -1 -10 -14 -15
right_child=-2 2 3 7 -6 6 -8 -9 9 -11 -12 -13 13 14 -16
leaf_value=-0.0021622727575795579 -0.00071977855275805679 -0.024797044223207328 0.038309413186495708 0.0019538023193876029 0.010552792028961408 0.015409225345666475 -0.018153770593025424 0.015165268973585536 0.016449653332890935 -0.012289864565745767 -0.002209704455274966 -0.032744409118266204 -0.0088718551615497975 -0.0033091549591125684 0.0091759445425557262
leaf_weight=18.351680806837976 1302.7511071730405 15.563608836382626 12.694039206951855 215.13265298679471 22.588158695027232 14.744576558470728 13.950619783252476 38.479832256212831 27.808295047376305 42.329118520021439 101.63245296664536 16.561499447096139 67.764026377815753 73.525552221573889 140.56091053597629
leaf_count=170 8529 135 81 1166 147 101 95 363 206 261 740 153 590 540 997
internal_value=0 0.00108788 0.00405504 0.0061903 0.0213199 -0.00971141 -0.0009698 0.00401003 -0.000939712 0.00108687 -0.00613376 -0.0171771 0.00294909 0.00156363 0.00489263
internal_weight=0 821.687 333.153 288.895 35.2822 44.2588 28.6952 253.612 488.534 351.988 136.546 34.9132 309.659 281.85 214.086
internal_count=14274 5745 2088 1757 228 331 196 1529 3657 2594 1063 323 2333 2127 1537
is_linear=0
shrinkage=0.03


Tree=204
num_leaves=16
num_cat=0
split_feature=1 5 0 13 0 5 2 2 5 2 0 0 1 1 0
split_gain=1.78513 6.01413 4.51312 12.3747 6.82953 3.45044 3.1514 2.97321 9.70175 9.36564 8.33893 7.5934 6.98108 5.95602 4.80152
threshold=0.012388500000000002 2.5000000000000004 0.22206000000000004 0.68458450000000004 0.24105600000000002 2.5000000000000004 0.0066115000000000002 0.15026900000000001 1.0000000180025095e-35 0.16441850000000002 0.30093550000000008 0.81399200000000016 0.55230650000000014 0.39317400000000008 0.45485350000000008
decision_type=2 2 2 2 2 2 2 2 2 2 2 2 2 2 2
left_child=1 -1 3 5 -4 -2 -6 8 14 12 -10 -11 13 -9 -8
right_child=2 -3 4 -5 6 -7 7 9 10 11 -12 -13 -14 -15 -16
leaf_value=-0.022746976313756915 0.0109717023698578 0.0080991377392420471 -0.020723533257705259 -0.012660058014736799 0.01185880208585503 0.030923256085496759 -0.00081344104480666807 0.016402611419666393 -0.020301616632107122 0.0003415307489215708 0.00057014633684637241 -0.016033930929433855 0.029420401302553363 -0.0067672027135055766 -0.017657697321665108
leaf_weight=11.159983930177988 24.425464402884245 9.9489389620721322 13.427070190664379 16.164025275036693 18.938250675797462 12.023133998736737 22.233397677540779 20.308392615057528 17.05395725928247 1476.2550943335518 375.73504967242479 24.93281108699739 15.008411485701798 17.994653180241585 48.057061925530434
leaf_count=100 164 110 104 106 103 86 132 140 127 10313 2211 131 87 101 259
internal_value=0 -0.0085 6.92399e-05 0.00866178 -0.000155407 0.018203 -9.69354e-06 -0.000126918 -0.00223424 0.000501877 -0.000385309 5.90626e-05 0.0127403 0.00562228 -0.0124159
internal_weight=0 21.1089 2102.56 52.6126 2049.94 36.4486 2036.52 2017.58 463.079 1554.5 392.789 1501.19 53.3115 38.303 70.2905
internal_count=14274 210 14064 356 13708 250 13604 13501 2729 10772 2338 10444 328 241 391
is_linear=0
shrinkage=0.03


Tree=205
num_leaves=16
num_cat=0
split_feature=3 13 0 0 13 13 4 13 13 6 14 2 4 1 0
split_gain=1.79192 4.86183 5.75858 6.18474 3.8554 3.84159 12.6084 9.51409 8.23082 7.25416 7.18427 6.83718 6.76504 4.66425 4.19757
threshold=0.37500000000000006 0.033667000000000009 0.34688750000000007 0.71770300000000009 0.31701850000000004 0.28753550000000005 0.60416650000000016 0.24331000000000005 0.35177250000000004 2.5000000000000004 0.70833350000000006 0.22578600000000001 0.71875000000000011 0.20424150000000005 0.43822950000000005
decision_type=2 2 2 2 2 2 2 2 2 2 2 2 2 2 2
left_child=1 -1 4 5 -3 7 8 10 -7 11 -4 -8 14 -11 -12
right_child=-2 2 3 -5 -6 6 9 -9 -10 13 12 -13 -14 -15 -16
leaf_value=0.011558126881604217 0.00028944140233503013 -0.032047223630570165 -0.025455200094841604 -0.019535141246729081 -0.00074181055115016357 0.037768241517372333 -0.012672957365102586 -0.027992301693897857 0.0067831931886874362 0.0049776902679908456 -0.019303321744121391 0.014349302515795805 0.020696623198308173 -0.025137975194953421 0.00128121306067549
leaf_weight=19.37866366840899 1887.0621386170387 9.3061850997619313 8.6563202086836082 16.345984367653728 5.4669887218624345 11.200000387616454 12.884018130600451 12.834924459457396 22.565575359389186 5.8133341064676669 9.7637815205380303 20.570778146386147 13.196106900461016 17.206590680405498 51.336667248979211
leaf_count=172 12064 156 92 127 85 88 85 111 174 86 103 124 134 238 435
internal_value=0 -0.00247531 -0.00377493 -0.00240152 -0.0212438 -0.00079962 0.00362158 -0.00495916 0.0178516 -0.00504897 -0.00110436 0.00387679 0.00203315 -0.0176421 -0.00226604
internal_weight=0 236.526 217.147 202.374 14.7732 186.028 90.2403 95.7878 33.7656 56.4747 82.9529 33.4548 74.2966 23.0199 61.1004
internal_count=14274 2210 2038 1797 241 1670 795 875 262 533 764 209 672 324 538
is_linear=0
shrinkage=0.03


Tree=206
num_leaves=16
num_cat=0
split_feature=11 0 10 13 0 13 13 0 2 0 13 0 0 0 13
split_gain=1.78897 5.59928 2.96777 2.48511 1.85789 1.83561 5.52328 15.8679 8.62094 8.68497 7.55611 5.34726 18.1988 11.8269 5.43631
threshold=5.3344820000000004 0.55100950000000004 55.832424500000009 0.54668250000000007 0.39761850000000004 0.40556650000000005 0.52523100000000011 0.42468050000000007 0.26864000000000005 0.38536150000000008 0.5365080000000001 0.68054500000000007 0.66796850000000008 0.75720300000000007 0.84730250000000018
decision_type=2 2 2 2 2 2 2 2 2 2 2 2 2 2 2
left_child=2 4 5 -4 -2 -1 7 8 -7 -10 -8 12 -12 14 -13
right_child=1 -3 3 -5 -6 6 10 -9 9 -11 11 13 -14 -15 -16
leaf_value=0.0010989562147570311 -0.0041224773423500253 0.0075448164604318213 0.02377717709589135 0.00024217544022360287 -0.027332613929483197 0.019481666010768332 0.01608283797746729 -0.0092266160877371543 -0.015583683662619308 0.016903207300036895 -0.00040544327912136959 0.01762114131678285 -0.028127058138682864 -0.004377449718564152 0.0014901799344885958
leaf_weight=805.2398066460155 5.0804818114265826 11.403624510392545 7.7003418207168561 7.5738578289747238 9.0395984454080445 30.264252029359341 25.347673964686692 180.8924230998382 18.12748719658703 11.109146166592835 838.03724440606311 56.803577987477183 20.870334815233946 67.459253136068583 28.161074809730053
leaf_count=5487 98 204 87 77 162 193 163 1140 150 86 5484 320 118 350 155
internal_value=0 -0.00776257 7.77483e-05 0.0128391 -0.0198065 -2.19767e-05 -0.000729072 -0.00481606 0.00852362 -0.00308875 0.000222379 -0.000190636 -0.00111097 0.00496887 0.0123542
internal_weight=0 25.5237 2097.59 15.2742 14.1201 2082.31 1277.07 240.393 59.5009 29.2366 1036.68 1011.33 858.908 152.424 84.9647
internal_count=14274 464 13810 164 260 13646 8159 1569 429 236 6590 6427 5602 825 475
is_linear=0
shrinkage=0.03


Tree=207
num_leaves=16
num_cat=0
split_feature=13 13 0 1 0 1 1 0 5 5 1 1 1 1 5
split_gain=1.84242 10.7336 7.73023 10.6593 9.62744 8.64378 5.87376 5.94353 11.6888 7.5882 11.6883 15.3412 6.84947 7.03931 11.9311
threshold=0.83538150000000011 0.78860700000000017 0.54156050000000011 0.33157150000000007 0.6783340000000001 0.21786650000000005 0.69749300000000014 0.57880200000000015 1.5000000000000002 1.5000000000000002 0.21786650000000005 0.33157150000000007 0.42590450000000007 0.13017600000000004 3.5000000000000004
decision_type=2 2 2 2 2 2 2 2 2 2 2 2 2 2 2
left_child=1 -1 3 5 -4 -3 7 9 -9 10 -2 -12 13 14 -11
right_child=6 2 4 -5 -6 -7 -8 8 -10 12 11 -13 -14 -15 -16
leaf_value=0.00017000370964712807 -0.02142089467689302 0.0016727291844314159 -0.026805072432665441 0.018825252456900338 0.0016471846369456064 -0.026366710039199624 0.018368775409015478 0.010058368376002613 -0.010242308531414416 0.036440058110474016 0.021837117807239445 -0.014731445296235532 0.023613013406871223 0.0018763074289682078 -0.0059407397694132957
leaf_weight=1660.0403663455509 22.890030212700367 23.487405847758055 34.22178778424859 15.098834723234175 15.216532468795775 15.959774345159529 17.572507660835981 35.282819844782352 85.610000165179372 13.900045981630685 21.374690108001232 18.236177146434784 19.632530521601439 114.7602834943682 9.5724396593868715
leaf_count=11275 145 185 199 92 83 111 95 195 519 110 128 102 122 827 86
internal_value=0 -0.000418224 -0.00972106 -0.00185698 -0.0181888 -0.010043 0.00193712 0.00103981 -0.0042836 0.00396639 -0.00482708 0.00505338 0.00745631 0.00500854 0.01962
internal_weight=0 1764.02 103.984 54.546 49.4383 39.4472 358.832 341.259 120.893 220.366 62.5009 39.6109 157.865 138.233 23.4725
internal_count=14274 11945 670 388 282 296 2329 2234 714 1520 375 230 1145 1023 196
is_linear=0
shrinkage=0.03


Tree=208
num_leaves=16
num_cat=0
split_feature=12 3 12 12 10 11 4 13 13 0 0 1 3 13 13
split_gain=1.78728 4.17414 4.07426 4.95875 3.02098 3.41209 2.38127 2.10525 10.1588 8.93755 9.46957 8.55919 8.75999 5.66279 6.8091
threshold=6.9180020000000004 0.87500000000000011 5.5940500000000002 4.9685970000000008 0.087999000000000008 0.035730500000000005 0.35416650000000005 0.83538150000000011 0.78860700000000017 0.54156050000000011 0.6783340000000001 0.33157150000000007 0.87500000000000011 0.84730250000000018 0.8561740000000001
decision_type=2 2 2 2 2 2 2 2 2 2 2 2 2 2 2
left_child=2 4 3 6 5 -2 -1 8 -8 11 -11 12 -10 -9 -15
right_child=1 -3 -4 -5 -6 -7 7 13 9 10 -12 -13 -14 14 -16
leaf_value=-0.012828538678702438 0.0035178692162303269 0.012120951659179823 -0.012255639124568576 0.018127505910679936 0.0070053991770115606 -0.014278901145624395 5.9370926585150149e-05 0.015287903298249221 0.0062573592626097947 -0.027913091331561231 0.00099933427465601944 0.017834773336495902 -0.022259418384626365 -0.01758208308283532 0.0019808082624873835
leaf_weight=12.312834353186188 17.465026712976396 34.699052715674043 23.964082114398479 12.400589605793355 26.003368510864675 19.928676821291447 1543.1287609939463 25.836312502622604 17.93201289139688 32.499488608911633 14.558952489867805 14.329509394243358 19.255662549287081 15.939940920099614 292.28633853420615
leaf_count=92 110 175 154 70 186 117 10539 159 143 190 79 88 139 101 1932
internal_value=0 0.00391534 -0.000210969 -6.06328e-05 -0.000694311 -0.00609165 -0.000183137 -9.78822e-05 -0.000539882 -0.00982713 -0.0191335 -0.00112376 -0.00870477 0.00206939 0.000915526
internal_weight=0 98.0961 2024.44 2000.48 63.3971 37.3937 1988.08 1975.77 1641.7 98.5756 47.0584 51.5172 37.1877 334.063 308.226
internal_count=14274 588 13686 13532 413 227 13462 13370 11178 639 269 370 282 2192 2033
is_linear=0
shrinkage=0.03


Tree=209
num_leaves=16
num_cat=0
split_feature=1 13 13 0 2 2 1 0 0 6 3 2 1 0 0
split_gain=1.74108 7.37968 8.81662 7.15111 12.8967 6.74799 5.24705 4.61006 14.2093 6.24612 10.5443 4.45478 4.02441 7.66779 4.38418
threshold=0.11690300000000002 0.93694450000000018 0.88253450000000011 0.31796350000000001 0.51801750000000013 0.40645000000000003 0.057089000000000008 0.39532050000000002 0.44613450000000004 2.5000000000000004 0.62500000000000011 0.60929850000000008 0.13017600000000004 0.44613450000000004 0.35462050000000006
decision_type=2 2 2 2 2 2 2 2 2 2 2 2 2 2 2
left_child=1 2 3 5 -5 6 -1 11 -9 -10 -11 -6 13 -2 -14
right_child=12 -3 -4 4 7 -7 -8 8 9 10 -12 -13 14 -15 -16
leaf_value=-0.017765491822892786 0.015921955631269417 0.01652666858003593 -0.032261496141290119 -0.040066356599493119 0.015529571323390511 0.018105810739547479 0.0049692532871171615 -0.031167544959330391 0.019481230439614115 0.013613382438048575 -0.031989892428761872 -0.0092005107967332838 -0.004799242860071223 -0.012510235782948395 0.0004479089767386322
leaf_weight=12.716686894651501 33.825270667672157 14.819245550781487 9.0001417156308872 9.4308584593236429 15.449237922206523 20.784106381703168 26.482024590019137 16.498155558481812 11.341876823455097 8.7064020056277531 7.7277347240597001 10.047181276604531 155.00793228112161 10.484171465039251 1760.0729423053563
leaf_count=93 264 105 80 97 129 191 215 167 65 112 81 117 1153 78 11327
internal_value=0 -0.00298773 -0.00503697 -0.00305896 -0.008929 0.00471117 -0.00266473 -0.0042135 -0.00998366 0.00324481 -0.00843531 0.00580493 0.000230004 0.00906691 2.09179e-05
internal_weight=0 163.004 148.184 139.184 79.2014 59.9828 39.1987 69.7706 44.2742 27.776 16.4341 25.4964 1959.39 44.3094 1915.08
internal_count=14274 1452 1347 1267 768 499 308 671 425 258 193 246 12822 342 12480
is_linear=0
shrinkage=0.03


Tree=210
num_leaves=16
num_cat=0
split_feature=11 0 10 13 2 2 0 5 4 13 4 1 13 5 5
split_gain=1.70846 5.28634 2.83095 2.40229 1.79433 13.9653 6.63188 6.52007 5.517 8.94879 7.76799 13.9863 7.12478 6.31896 6.11276
threshold=5.3344820000000004 0.55100950000000004 55.832424500000009 0.54668250000000007 0.53675050000000013 0.48609650000000004 0.6736025000000001 3.5000000000000004 0.53125000000000011 0.23985550000000003 0.82291650000000016 0.24947200000000003 0.22566750000000005 1.0000000180025095e-35 2.5000000000000004
decision_type=2 2 2 2 2 2 2 2 2 2 2 2 2 2 2
left_child=2 -2 4 -4 5 -1 8 -7 9 -6 11 -10 14 -14 -12
right_child=1 -3 3 -5 6 7 -8 -9 10 -11 12 -13 13 -15 -16
leaf_value=0.00027297614845025412 -0.019250577201802867 0.0073314060521024529 0.023491413118559897 0.00025578843859358491 -0.0012247217658688178 -0.015399822557574992 0.020675793586342368 0.0015788064752087936 -0.0014983111797113294 0.033578593144980406 0.030364087078604659 -0.034212793675456717 -0.018937627686142999 0.0019704931237561271 0.00058092357458696309
leaf_weight=1641.8947436185554 14.162638877518477 11.367772392928599 7.554520618170498 7.571111224591732 15.040374002419414 77.145928964950144 15.265302764251826 27.29041391890496 49.384964130353183 10.82282804045826 13.313222048804166 14.47969766333699 12.946885664016007 192.71061236597598 11.014518162235616
leaf_count=10357 260 204 87 77 121 568 95 232 423 70 89 104 71 1431 85
internal_value=0 -0.00758437 7.65582e-05 0.012598 -2.04458e-05 -0.000406504 0.0019874 -0.0109902 0.0010334 0.0140471 -0.000155754 -0.00932859 0.00242081 0.000568983 0.0174349
internal_weight=0 25.5304 2096.44 15.1256 2081.31 1746.33 334.978 104.436 319.713 25.8632 293.85 63.8647 229.985 205.657 24.3277
internal_count=14274 464 13810 164 13646 11157 2489 800 2394 191 2203 527 1676 1502 174
is_linear=0
shrinkage=0.03


Tree=211
num_leaves=16
num_cat=0
split_feature=3 1 1 1 0 6 0 5 1 1 1 13 13 5 0
split_gain=1.721 4.75869 6.64122 4.86084 9.96612 4.06275 3.70649 5.87633 4.22906 4.22332 5.86039 5.30181 5.19217 5.12512 4.9062
threshold=0.37500000000000006 0.11690300000000002 0.21293600000000004 0.69749300000000014 0.71770300000000009 3.5000000000000004 0.42468050000000007 2.5000000000000004 0.27395300000000006 0.37791800000000003 0.40693850000000004 0.45581100000000002 0.34131050000000002 1.5000000000000002 0.5976895000000001
decision_type=2 2 2 2 2 2 2 2 2 2 2 2 2 2 2
left_child=1 -1 -3 4 5 6 7 -4 -8 12 -11 13 -10 -12 -15
right_child=-2 2 3 -5 -6 -7 8 -9 9 10 11 -13 -14 14 -16
leaf_value=-0.019835753102551108 0.00028438686411193454 0.0097713066699065126 -0.029102560128807551 0.016241559639058788 -0.032383339930332301 -0.020274089583864428 0.012293177995469241 0.0025234009953096674 -0.0027330470499344313 0.018226116256044124 0.0045044443395397694 0.010980325788336956 -0.028819626232465492 -0.027684677604360882 -0.0040589378541049615
leaf_weight=12.34378534182906 1885.7020339285955 38.650665799155831 9.6635774727910775 9.3870270941406471 10.144795618951319 10.471984026022254 20.465296018868685 10.197761667892335 20.45017498545349 14.090100673958657 19.997453492134809 18.681643042713404 9.5264885872602445 13.45181864872575 18.389768984168768
leaf_count=228 12064 388 91 60 86 225 141 108 177 104 129 133 95 100 145
internal_value=0 -0.00242833 -0.00138317 -0.00375464 -0.00490995 -0.00304023 -0.00175268 -0.0135217 6.47818e-05 -0.00220667 0.00124903 -0.00235041 -0.011686 -0.0072714 -0.0145789
internal_weight=0 235.912 223.569 184.918 175.531 165.386 154.914 19.8613 135.053 114.587 84.6108 70.5207 29.9767 51.839 31.8416
internal_count=14274 2210 1982 1594 1534 1448 1223 199 1024 883 611 507 272 374 245
is_linear=0
shrinkage=0.03


Tree=212
num_leaves=16
num_cat=0
split_feature=12 2 12 12 0 10 0 13 4 1 2 1 0 2 2
split_gain=1.67635 3.99685 3.82741 4.68945 3.2865 2.68587 4.19691 4.00658 2.27119 2.01233 13.8013 5.85311 8.43012 4.95555 3.71945
threshold=6.9180020000000004 0.08423700000000002 5.5940500000000002 4.9685970000000008 0.5976895000000001 0.11749550000000002 0.41048050000000008 0.38991850000000006 0.35416650000000005 0.69749300000000014 0.111363 0.73166750000000003 0.82190000000000007 0.17813500000000002 0.15026900000000001
decision_type=2 2 2 2 2 2 2 2 2 2 2 2 2 2 2
left_child=2 -2 3 8 5 6 -3 -8 -1 14 11 -11 -13 -12 -10
right_child=1 4 -4 -5 -6 -7 7 -9 9 10 13 12 -14 -15 -16
leaf_value=-0.012565691001206346 0.018866582182172197 0.0088273274693665173 -0.011900597412214331 0.017602794735411313 0.010977083442993403 0.0081745341704487773 0.0023250476660728477 -0.018447043078908366 -0.0028311357049255973 0.025686149977234823 -0.020758170308921072 -0.0056931306055289588 0.020231557463104538 0.0012004478648867697 0.00039185790734003103
leaf_weight=12.235023415181784 12.653035838156937 12.30186708178371 23.876367636024952 12.437330011278389 22.392429800704122 15.883103341795502 12.774164799600838 22.102602874860168 412.23595123365521 19.491891194134951 18.949731562286615 24.306833151727915 19.554600480943918 17.052195817232132 1462.9276909367181
leaf_count=92 62 77 154 70 127 114 83 125 2508 106 99 121 115 93 10328
internal_value=0 0.00379033 -0.000205728 -6.01757e-05 0.00136561 -0.00216537 -0.00574382 -0.0109862 -0.000179548 -9.64761e-05 0.00404249 0.0124024 0.00605813 -0.0106062 -0.000317816
internal_weight=0 98.1072 2023.07 1999.19 85.4542 63.0617 47.1786 34.8768 1986.75 1974.52 99.3553 63.3533 43.8614 36.0019 1875.16
internal_count=14274 588 13686 13532 526 399 285 208 13462 13370 534 342 236 192 12836
is_linear=0
shrinkage=0.03


Tree=213
num_leaves=16
num_cat=0
split_feature=1 5 0 13 0 0 2 1 0 0 13 10 2 0 0
split_gain=1.67934 5.69361 4.26831 11.4714 6.48228 3.31026 2.88286 2.85223 3.42787 8.84487 7.15788 6.25978 5.22864 4.59211 5.98936
threshold=0.012388500000000002 2.5000000000000004 0.22206000000000004 0.68458450000000004 0.24105600000000002 0.18019000000000004 0.0066115000000000002 0.040732500000000012 0.35462050000000006 0.33214400000000005 0.91027200000000008 2.3700145000000004 0.21265400000000004 0.35970200000000002 0.36439500000000008
decision_type=2 2 2 2 2 2 2 2 2 2 2 2 2 2 2
left_child=1 -1 3 5 -4 -2 -6 -8 9 10 -9 12 -11 -10 -15
right_child=2 -3 4 -5 6 -7 7 8 13 11 -12 -13 -14 14 -16
leaf_value=-0.022244392360811008 0.0060633030307528629 0.0078474065770363349 -0.020251575074931881 -0.012193836755078973 0.011347242571938197 0.024808547111097437 0.012876633684505562 -0.0022282917559449679 0.017284433456081941 -0.021742333658129633 0.021691885067143514 -0.031603316647450773 0.00071690461567653404 -0.018669298485500883 0.00019049283708414135
leaf_weight=11.029787129722537 14.838502284139393 9.9458739757537824 13.337820527143775 16.068698843941092 18.922228995710611 21.727766064926982 14.081387195736168 109.9217427233234 12.992133253253995 14.188310341909526 11.530969550833104 13.251620752736924 24.024686980061233 14.283302209340034 1800.8128720130771
leaf_count=100 100 110 104 106 103 150 134 894 99 103 79 86 225 106 11775
internal_value=0 -0.00826817 6.82333e-05 0.00842256 -0.000150554 0.0175657 -8.8566e-06 -0.000121069 -0.000218922 -0.00424359 0.000201338 -0.0145372 -0.00796392 0.000163879 3.18837e-05
internal_weight=0 20.9757 2099.98 52.635 2047.35 36.5663 2034.01 2015.09 2001.01 172.917 121.453 51.4646 38.213 1828.09 1815.1
internal_count=14274 210 14064 356 13708 250 13604 13501 13367 1387 973 414 328 11980 11881
is_linear=0
shrinkage=0.03


Tree=214
num_leaves=16
num_cat=0
split_feature=6 11 0 1 3 13 4 2 13 10 1 0 1 0 12
split_gain=1.67676 4.26888 4.26322 5.21494 6.78061 10.136 5.58532 4.86753 7.37563 5.58388 4.35147 3.97892 3.87954 4.25834 3.79157
threshold=2.5000000000000004 5.3344820000000004 0.79622000000000015 0.54917100000000008 0.87500000000000011 0.45581100000000002 0.46875000000000006 0.15279450000000003 0.42958300000000005 0.079263500000000015 0.53578550000000014 0.71161250000000009 0.088647500000000004 0.46030700000000008 3.2153800000000006
decision_type=2 2 2 2 2 2 2 2 2 2 2 2 2 2 2
left_child=-1 2 3 6 5 11 -2 8 -8 -10 12 -5 13 -9 -14
right_child=1 -3 -4 4 -6 -7 7 10 9 -11 -12 -13 14 -15 -16
leaf_value=0.00056736764824311396 -0.021085327567027124 -0.020273167165333957 -0.019037865159560612 0.00091823385890567582 0.025445199397450428 -0.014748533079082637 -0.029225016671533321 -0.0037375344316581262 -0.015849448625772922 0.015415368083176399 -0.019462970382350852 0.025008110846699759 -0.00018137368515485923 -0.027893131408925236 0.0083781929414292033
leaf_weight=1431.4535783529282 11.745614079292862 9.4393155109137279 10.515990858897565 11.217142943292858 13.908759057521818 17.970776043832302 12.531931025907399 30.008264896459877 9.2016000840812939 9.3646478168666345 9.5480774007737619 12.934474963694809 472.7953914925456 7.5621748827397814 50.660622011870146
leaf_count=7940 170 176 68 87 87 134 126 421 104 77 67 90 4198 103 426
internal_value=0 -0.00123244 -0.000938728 -0.000626448 0.00805276 0.00185291 -0.00143104 -0.00101301 -0.0123803 -9.78662e-05 -0.00037288 0.014301 -1.39347e-05 -0.00919669 0.000661426
internal_weight=0 689.405 679.965 669.449 56.0312 42.1224 613.418 601.673 31.0982 18.5662 570.575 24.1516 561.026 37.5704 523.456
internal_count=14274 6334 6158 6090 398 311 5692 5522 307 181 5215 177 5148 524 4624
is_linear=0
shrinkage=0.03


Tree=215
num_leaves=16
num_cat=0
split_feature=13 13 0 1 0 1 4 0 1 1 0 0 0 0 5
split_gain=1.61188 9.49943 6.95374 9.47919 8.69655 8.25263 5.55511 18.8302 7.31195 5.48407 16.7665 10.2592 9.05041 7.3449 12.2668
threshold=0.83538150000000011 0.78860700000000017 0.54156050000000011 0.33157150000000007 0.6783340000000001 0.21786650000000005 0.85416650000000016 0.50659650000000012 0.70523050000000009 0.23846350000000002 0.42741600000000007 0.25410050000000006 0.34342450000000008 0.54763500000000009 1.5000000000000002
decision_type=2 2 2 2 2 2 2 2 2 2 2 2 2 2 2
left_child=1 -1 3 5 -4 -3 7 -2 9 10 11 -8 -13 -11 -15
right_child=6 2 4 -5 -6 -7 8 -9 -10 13 -12 12 -14 14 -16
leaf_value=0.0001602131696163552 0.014548515149516793 0.0019486789577452092 -0.02549651223919186 0.01769724904753291 0.0015783634299497567 -0.025552084931707523 -0.018911018094320334 -0.034082386118287851 0.023455434376134884 0.010594822849860831 -0.021932807724627166 0.027650406137549918 0.00030364156691794786 0.014169624212633325 -0.0057672510410749622
leaf_weight=1658.4020903562196 12.913406236097218 23.380256865173578 33.861391428858042 15.204433571547268 15.230200558900831 15.77361095137894 11.357496554031966 13.990032922476528 13.865601159632204 96.35240737721324 30.68606604449451 18.081579389050603 25.429423931986094 37.544806443154812 98.411555726081133
leaf_count=11275 93 185 199 92 83 111 76 88 76 630 225 133 201 205 602
internal_value=0 -0.000392368 -0.0091675 -0.00170377 -0.017233 -0.00949078 0.00181143 -0.0110551 0.00288501 0.00191696 -0.0045407 0.00540458 0.0120338 0.00430445 -0.000198355
internal_weight=0 1761.85 103.45 54.3583 49.0916 39.1539 358.632 26.9034 331.729 317.863 85.5546 54.8685 43.511 232.309 135.956
internal_count=14274 11945 670 388 282 296 2329 181 2148 2072 635 410 334 1437 807
is_linear=0
shrinkage=0.03


Tree=216
num_leaves=16
num_cat=0
split_feature=2 2 12 0 4 13 4 1 13 0 5 14 0 13 5
split_gain=1.6393 13.4845 6.81792 6.45219 6.34285 10.639 7.41104 13.1498 5.9001 6.33333 8.26393 7.5907 11.6079 6.83184 5.21805
threshold=0.53675050000000013 0.48609650000000004 0.060726000000000009 0.6736025000000001 0.53125000000000011 0.27468450000000005 0.82291650000000016 0.24773900000000001 0.22566750000000005 0.40186100000000008 2.5000000000000004 0.70833350000000006 0.55997500000000011 0.56838150000000021 2.5000000000000004
decision_type=2 2 2 2 2 2 2 2 2 2 2 2 2 2 2
left_child=1 -1 -3 4 5 -2 7 -6 14 -10 11 -11 13 -13 -8
right_child=3 2 -4 -5 6 -7 8 -9 9 10 -12 12 -14 -15 -16
leaf_value=0.0002763448495869502 -0.0011045251431180281 -0.0056458570014775887 -0.022256700528612915 0.020030624500913509 -0.0017422985748695758 0.036667821524712381 0.027411511992191058 -0.033448636406775388 0.01334846964658128 0.0098478769474150737 0.0043593061452013122 -0.036493997082576522 0.0028694660184952702 -0.011608557664407191 0.00032640428625320243
leaf_weight=1671.9019610434771 15.891305408440532 74.958099784329534 31.273164540529251 15.767765967175363 50.023379913996905 10.546349070034919 13.712954862043263 14.445359190925954 28.629206135869026 15.869063967838882 96.902202478609979 17.073371004313231 26.452625434845686 25.287320196628571 11.375441889278589
leaf_count=10839 131 584 250 103 437 68 94 106 269 106 761 111 152 173 90
internal_value=0 -0.000384932 -0.0106978 0.00188022 0.000944363 0.0147506 -0.000318245 -0.00924906 0.00215743 0.000485109 -0.00160497 -0.00840113 -0.0126903 -0.0222489 0.015614
internal_weight=0 1778.13 106.231 341.976 326.209 26.4377 299.771 64.4687 235.302 210.214 181.585 84.6824 68.8133 42.3607 25.0884
internal_count=14274 11673 834 2601 2498 199 2299 543 1756 1572 1303 542 436 284 184
is_linear=0
shrinkage=0.03


Tree=217
num_leaves=16
num_cat=0
split_feature=1 5 0 13 0 5 2 2 5 2 0 0 1 1 0
split_gain=1.62609 5.38388 4.07691 10.6465 6.12314 3.25929 2.68239 2.83936 9.29791 8.79539 7.87644 7.16585 6.56476 5.69717 4.47909
threshold=0.012388500000000002 2.5000000000000004 0.22206000000000004 0.68458450000000004 0.24105600000000002 2.5000000000000004 0.0066115000000000002 0.15026900000000001 1.0000000180025095e-35 0.16441850000000002 0.30093550000000008 0.81399200000000016 0.55230650000000014 0.39317400000000008 0.45485350000000008
decision_type=2 2 2 2 2 2 2 2 2 2 2 2 2 2 2
left_child=1 -1 3 5 -4 -2 -6 8 14 12 -10 -11 13 -9 -8
right_child=2 -3 4 -5 6 -7 7 9 10 11 -12 -13 -14 -15 -16
leaf_value=-0.021856377492783633 0.010024192474003794 0.0074497586403299305 -0.019747449656774062 -0.011711273934716538 0.010943026131096798 0.029278083405450316 -0.00094104024869117787 0.015985998561534282 -0.019808366455205985 0.00034096114488917854 0.0005589471828162198 -0.015578912931577774 0.028539189212788394 -0.0066757717767651848 -0.017232489937130082
leaf_weight=10.912480016238989 24.554571127519011 9.9880918338894826 13.245512572117148 15.982407083734868 18.925270691514015 12.126451175659893 22.202157512307167 20.334304627031088 16.902974367141724 1474.0384481232613 374.80178670398891 24.893380032852292 14.997699923813341 17.967627976089716 47.919325608760118
leaf_count=100 164 110 104 106 103 86 132 140 127 10313 2211 131 87 101 259
internal_value=0 -0.0081507 6.64047e-05 0.00822899 -0.000147591 0.0169974 -1.02461e-05 -0.000118549 -0.00218097 0.000496081 -0.000368153 6.63631e-05 0.0123571 0.00545588 -0.01216
internal_weight=0 20.9006 2098.89 52.6634 2046.23 36.681 2032.98 2014.06 461.826 1552.23 391.705 1498.93 53.2996 38.3019 70.1215
internal_count=14274 210 14064 356 13708 250 13604 13501 2729 10772 2338 10444 328 241 391
is_linear=0
shrinkage=0.03


Tree=218
num_leaves=16
num_cat=0
split_feature=3 13 0 0 13 13 4 13 2 2 4 4 14 13 13
split_gain=1.61655 4.61542 5.53999 5.84023 3.65428 3.51848 11.4319 9.16921 7.50984 10.4992 7.00579 6.02087 5.72081 3.20954 3.4438
threshold=0.37500000000000006 0.033667000000000009 0.34688750000000007 0.71770300000000009 0.31701850000000004 0.28753550000000005 0.60416650000000016 0.24331000000000005 0.4315520000000001 0.17128050000000003 0.96875000000000011 0.71875000000000011 0.87500000000000011 0.017249000000000004 0.29099350000000007
decision_type=2 2 2 2 2 2 2 2 2 2 2 2 2 2 2
left_child=1 -1 4 5 -3 7 8 11 9 -7 -8 12 -4 -2 -15
right_child=13 2 3 -5 -6 6 10 -9 -10 -11 -12 -13 -14 14 -16
leaf_value=0.011310771182209311 -0.010542248103252301 -0.031627233235069926 -0.025296213540977611 -0.019033319214103776 -0.00094353287630912831 0.027250393185698694 -0.010845312632580565 -0.027550478477450291 0.037042839298525108 -0.011485147164433256 0.013095083695073161 0.01599778370935151 -0.0010878187981508136 0.0027769700487392224 -0.00028852797053677813
leaf_weight=19.377771988511086 23.368799295276403 9.0669643031433207 9.3501057466492039 16.157780013978481 5.4460895587690166 10.919400120154025 42.191420945338905 12.603604586794971 10.415532873012124 12.492654668167232 13.832241151481865 14.434763260185717 58.804127779789269 427.2855775328353 1433.9614211590961
leaf_count=172 149 156 135 127 85 73 400 111 87 102 133 147 482 2688 9227
internal_value=0 -0.00235831 -0.00363274 -0.00228878 -0.0209161 -0.000732227 0.00350586 -0.00472737 0.0170183 0.00695735 -0.00480844 -0.000956496 -0.00472675 0.000274928 0.00041633
internal_weight=0 235.092 215.715 201.202 14.5131 185.044 89.8512 95.1926 33.8276 23.4121 56.0237 82.589 68.1542 1884.62 1861.25
internal_count=14274 2210 2038 1797 241 1670 795 875 262 175 533 764 617 12064 11915
is_linear=0
shrinkage=0.03


Tree=219
num_leaves=16
num_cat=0
split_feature=1 13 13 5 13 2 13 0 13 5 1 0 0 1 1
split_gain=1.60884 6.88702 8.28243 7.10618 12.2537 7.13858 13.2814 9.05673 6.02947 5.96961 3.69165 7.16826 3.99267 6.33334 12.6341
threshold=0.11690300000000002 0.93694450000000018 0.88253450000000011 3.5000000000000004 0.56484250000000014 0.57783350000000011 0.21197150000000001 0.45134250000000004 0.35596800000000006 1.5000000000000002 0.13017600000000004 0.44613450000000004 0.35462050000000006 0.30321200000000004 0.31471900000000003
decision_type=2 2 2 2 2 2 2 2 2 2 2 2 2 2 2
left_child=1 2 3 4 5 6 -1 -7 -5 -6 11 -2 -12 -14 -15
right_child=10 -3 -4 8 9 7 -8 -9 -10 -11 12 -13 13 14 -16
leaf_value=-0.023931950452366367 0.015286274377950845 0.015947057337215818 -0.031455506020345192 0.0069812797275152173 -0.0006452164531395014 -0.033718225118463042 0.012261387430119021 0.00031524647109577858 -0.024125833268024654 0.021824995876434005 -0.0045878640415924626 -0.012205907786161395 0.0033411319753812825 -0.018466269859900818 -0.0001825149782375015
leaf_weight=12.410258585121481 33.91924942843616 14.848884858191012 8.8590166382491571 7.0514191435650018 17.700385298579931 15.153417262248697 27.558748424053192 12.437046137638388 20.688274838496 25.469396900385618 154.52028353884816 10.468501221388577 484.85343906935304 33.974540875293314 1239.3242393760011
leaf_count=127 264 105 80 95 126 159 210 108 232 210 1153 78 3501 253 7573
internal_value=0 -0.00288018 -0.00487246 -0.00295838 0.000487217 -0.00745619 0.000713618 -0.0189024 -0.0162506 0.0128058 0.000220304 0.00867639 1.96311e-05 0.000426952 -0.000684476
internal_weight=0 162.177 147.328 138.469 110.729 67.5595 39.969 27.5905 27.7397 43.1698 1957.06 44.3878 1912.67 1758.15 1273.3
internal_count=14274 1452 1347 1267 940 604 337 267 327 336 12822 342 12480 11327 7826
is_linear=0
shrinkage=0.03


Tree=220
num_leaves=16
num_cat=0
split_feature=1 1 0 2 13 2 13 13 0 0 6 13 2 0 2
split_gain=1.6147 8.49685 12.3993 7.32251 6.47305 11.027 7.40816 8.86322 11.2057 14.3894 11.8027 10.4851 6.76305 9.91281 9.77415
threshold=0.41952850000000003 0.43687500000000007 0.55444850000000012 0.34791050000000007 0.12237650000000001 0.18774500000000002 0.22897150000000002 0.22276550000000003 0.50857850000000016 0.44338900000000009 2.5000000000000004 0.15252450000000004 0.33219800000000005 0.44466250000000002 0.51123000000000018
decision_type=2 2 2 2 2 2 2 2 2 2 2 2 2 2 2
left_child=4 2 -2 -4 5 -1 7 8 9 10 -6 -10 13 -7 -14
right_child=1 -3 3 -5 6 12 -8 -9 11 -11 -12 -13 14 -15 -16
leaf_value=-0.023392366226272013 -0.001985646454624305 6.4358857054486635e-05 0.036937069422405475 0.0098699984245219485 0.008253628216394188 0.022062639678434894 -0.00081206927728367194 0.030869055344491025 0.012725290548379712 0.026074985535073262 -0.02395230754289954 -0.020127887074864698 -0.01605673795710115 -0.012467575221452623 0.0050185573061315237
leaf_weight=27.638056034222245 35.311305712908506 737.98610688373446 16.607532680034637 20.485707174986601 43.36901730298996 19.159709564410154 1035.7384476396255 11.363786593079565 12.272749334573744 31.075248333625495 12.315512758214025 25.307163700461388 45.141547149978578 11.081869907677172 34.038624472450465
leaf_count=186 215 4300 103 127 273 160 7401 78 90 220 169 200 382 75 295
internal_value=0 0.00103266 0.0107668 0.0226401 -0.000670507 -0.00681449 5.35435e-05 0.00661783 0.00417283 0.0100687 0.00083388 -0.00934704 -0.00245327 0.00941517 -0.00704712
internal_weight=0 810.391 72.4045 37.0932 1308.5 137.06 1171.44 135.703 124.34 86.7598 55.6845 37.5799 109.422 30.2416 79.1802
internal_count=14274 4745 445 230 9529 1098 8431 1030 952 662 442 290 912 235 677
is_linear=0
shrinkage=0.03


Tree=221
num_leaves=16
num_cat=0
split_feature=14 3 13 1 0 13 1 2 0 1 13 2 2 1 2
split_gain=1.5817 7.82089 10.0123 7.53654 5.40601 6.98127 5.04262 4.08943 7.3532 6.53298 4.55506 3.82487 3.77949 9.30451 9.2108
threshold=0.87500000000000011 0.87500000000000011 0.54668250000000007 0.45387450000000001 0.43050450000000007 0.78860700000000017 0.29947400000000007 0.39948850000000008 0.50091800000000009 0.52876800000000013 0.57847650000000017 0.28861350000000002 0.51123000000000018 0.14831000000000003 0.33219800000000005
decision_type=2 2 2 2 2 2 2 2 2 2 2 2 2 2 2
left_child=1 2 12 4 11 6 -6 8 -3 -10 -9 -4 14 -14 -1
right_child=-2 7 3 -5 5 -7 -8 10 9 -11 -12 -13 13 -15 -16
leaf_value=0.0037455832519430695 0.00031272703382767471 -0.013896060266102912 -0.0068780308938352448 -0.034675638796437952 0.017093418395601551 -0.020685054216927186 -0.0074184704325497312 0.027370720529609305 0.02342033814723982 -0.0024217639031417857 0.0051316632151445427 -0.035956156081662499 -0.013691828598313981 0.020037404942059842 -0.014760165015546205
leaf_weight=63.508957104757428 1822.6502022468485 20.608645405620337 7.9397792443633106 12.514639679342507 14.140689035877587 13.191641008481382 14.232052627950905 11.747732014395295 13.9421662800014 21.03044655919075 25.486845720559359 8.8292377991601807 10.363671798259022 20.412981885485351 37.822420350275934
leaf_count=505 11803 150 72 100 122 118 109 83 84 112 211 110 139 190 366
internal_value=0 -0.0020489 -0.00534045 -0.0143537 -0.00948297 -0.00347115 0.00496404 0.00512876 -6.4986e-05 0.00824511 0.0126806 -0.0233502 -0.000435214 0.00860604 -0.00323851
internal_weight=0 295.772 202.956 70.848 58.3334 41.5644 28.3727 92.8158 55.5813 34.9726 37.2346 16.769 132.108 30.7767 101.331
internal_count=14274 2471 1831 631 531 349 231 640 346 196 294 182 1200 329 871
is_linear=0
shrinkage=0.03


Tree=222
num_leaves=16
num_cat=0
split_feature=13 13 0 1 0 3 1 0 5 5 1 1 13 1 1
split_gain=1.61689 8.82324 6.62532 8.925 8.2781 8.17645 5.2492 5.59452 10.4002 6.99824 10.5481 14.5902 6.52845 6.46479 6.64004
threshold=0.83538150000000011 0.78860700000000017 0.54156050000000011 0.33157150000000007 0.6783340000000001 0.87500000000000011 0.69749300000000014 0.57880200000000015 1.5000000000000002 1.5000000000000002 0.21786650000000005 0.33157150000000007 0.90261950000000013 0.42590450000000007 0.098222000000000018
decision_type=2 2 2 2 2 2 2 2 2 2 2 2 2 2 2
left_child=1 -1 3 5 -4 -3 7 9 12 10 -2 -12 -9 14 -11
right_child=6 2 4 -5 -6 -7 -8 8 -10 13 11 -13 -14 -15 -16
leaf_value=0.00013995005910081096 -0.020535209647091074 0.0047151151480237744 -0.024853561189732715 0.017203824113428627 0.0015885408263556428 -0.022236366940642023 0.01740970422659718 0.021100500553498304 -0.0098454925849782576 0.022055988758483799 0.021020558053275084 -0.014630942846937573 -0.0042203101108914034 0.022849304433815908 0.0022728096263675015
leaf_weight=1656.8320774552412 22.637105938047171 19.212878342717886 33.668429594486952 15.249626683071254 15.218340951949356 19.76917271129787 17.435936024412513 18.563386589288712 85.228207854554057 16.515898372977972 21.44443878903985 18.200489327311516 16.712758205831051 19.639067150652409 121.66763450019062
leaf_count=11275 145 152 199 92 83 144 95 105 519 140 128 102 90 122 883
internal_value=0 -0.000392303 -0.00886336 -0.00157462 -0.0167554 -0.00916724 0.00181662 0.000969776 -0.00420491 0.00380905 -0.00465408 0.00469612 0.00931863 0.00715716 0.0047788
internal_weight=0 1759.95 103.118 54.2317 48.8868 38.9821 358.045 340.609 120.504 220.105 62.282 39.6449 35.2761 157.823 138.184
internal_count=14274 11945 670 388 282 296 2329 2234 714 1520 375 230 195 1145 1023
is_linear=0
shrinkage=0.03


Tree=223
num_leaves=16
num_cat=0
split_feature=11 0 10 13 0 0 0 13 0 10 2 2 2 2 13
split_gain=1.55996 4.9728 2.69114 2.51762 1.74841 1.68162 4.24158 5.14709 4.35488 3.2464 2.39019 3.31588 5.03139 3.0347 3.06727
threshold=5.3344820000000004 0.55100950000000004 55.832424500000009 0.56484250000000014 0.39761850000000004 0.16396650000000004 0.22206000000000004 0.61662650000000008 0.24105600000000002 0.05176250000000001 0.0066115000000000002 0.020496500000000004 0.026810500000000004 0.036242000000000003 0.86725850000000004
decision_type=2 2 2 2 2 2 2 2 2 2 2 2 2 2 2
left_child=2 4 5 -4 -2 -1 7 9 -8 -7 -10 -12 -13 -14 -15
right_child=1 -3 3 -5 -6 6 8 -9 10 -11 11 12 13 14 -16
leaf_value=-0.0093070912139364588 -0.0034738377684738323 0.0072610463968354388 0.023414680658696535 -0.00042592353103639171 -0.025810257276310949 0.0052758903394166563 -0.016117186681977692 -0.0048899304891825241 0.010381519314784092 0.026375576176597262 -0.00902185329359575 0.015078801094825407 -0.0098136638074367497 -0.00044009988179188702 0.003054876758933935
leaf_weight=16.400370276533067 5.0978860883042243 11.312173791229723 7.5674447380006296 7.3902546130120754 9.0866520917043072 12.617491335608067 14.234207859728484 14.229777941480277 18.700950253754854 14.232675379142163 35.956554871052504 18.842137038707733 27.549786973744631 1643.4782202090137 261.00652750022709
leaf_count=108 98 204 89 75 162 85 113 98 98 97 199 103 154 10917 1674
internal_value=0 -0.00725082 7.42799e-05 0.012347 -0.0185401 -1.99914e-05 5.8394e-05 0.00948534 -0.000137939 0.0170058 -1.6551e-05 -0.000119596 4.90198e-05 -0.000105283 4.02328e-05
internal_weight=0 25.4967 2092.21 14.9577 14.1845 2077.25 2060.85 41.0799 2019.77 26.8502 2005.53 1986.83 1950.88 1932.03 1904.48
internal_count=14274 464 13810 164 260 13646 13538 280 13258 182 13145 13047 12848 12745 12591
is_linear=0
shrinkage=0.03


Tree=224
num_leaves=16
num_cat=0
split_feature=12 3 12 12 7 13 4 1 2 2 2 0 2 2 5
split_gain=1.54778 3.80228 3.62537 4.35154 2.92029 3.22445 2.08528 1.83044 12.8064 5.71915 4.8201 3.26917 6.04471 3.78279 9.23277
threshold=6.9180020000000004 0.87500000000000011 5.5940500000000002 4.9685970000000008 0.41666650000000005 0.21528250000000002 0.35416650000000005 0.69749300000000014 0.111363 0.070019000000000012 0.17813500000000002 0.75720300000000007 0.29126250000000004 0.15026900000000001 1.0000000180025095e-35
decision_type=2 2 2 2 2 2 2 2 2 2 2 2 2 2 2
left_child=2 4 3 6 -2 -6 -1 11 9 -9 -10 13 -13 14 -8
right_child=1 -3 -4 -5 5 -7 7 8 10 -11 -12 12 -14 -15 -16
leaf_value=-0.012091857473738166 0.0093397033593967654 0.011459382101394435 -0.011594325041417121 0.016936971468309969 0.0067389107291824339 -0.010024330663943769 -0.013499561147419532 0.0045406501501646327 -0.02027812900916913 0.023008304191192507 0.0013851828174349992 0.0036182424918567821 -0.018102484534009509 0.00063256180198330476 -0.00077408942160227007
leaf_weight=12.116600472014396 17.491394783370197 34.793625613674521 23.805911369621754 12.473867321386932 14.321231989655642 31.432992033660412 59.113328009843826 38.715654697269201 18.914002880454063 24.429945424199104 17.027596663683653 20.759770661592484 24.171258082613349 1416.3380279690027 351.50898236222565
leaf_count=92 166 175 154 70 78 169 340 207 99 135 93 114 138 10079 2165
internal_value=0 0.00364508 -0.000196088 -5.43749e-05 -0.000765289 -0.00474547 -0.000169735 -9.03487e-05 0.00386251 0.0119328 -0.0102553 -0.000301541 -0.00820644 -0.00010275 -0.0026344
internal_weight=0 98.0392 2019.37 1995.57 63.2456 45.7542 1983.1 1970.98 99.0872 63.1456 35.9416 1871.89 44.931 1826.96 410.622
internal_count=14274 588 13686 13532 413 247 13462 13370 534 342 192 12836 252 12584 2505
is_linear=0
shrinkage=0.03


Tree=225
num_leaves=16
num_cat=0
split_feature=1 1 2 6 1 13 2 13 13 0 0 6 13 2 13
split_gain=1.5427 7.92344 11.9006 8.15523 6.40323 6.10533 10.435 6.95217 8.3372 10.6017 13.4378 11.2891 9.91461 6.33835 9.69319
threshold=0.41952850000000003 0.43687500000000007 0.11699500000000002 2.5000000000000004 0.44178150000000005 0.12237650000000001 0.18774500000000002 0.22897150000000002 0.22276550000000003 0.50857850000000016 0.44338900000000009 2.5000000000000004 0.15252450000000004 0.33219800000000005 0.086937500000000015
decision_type=2 2 2 2 2 2 2 2 2 2 2 2 2 2 2
left_child=5 2 -2 -4 -3 6 -1 8 9 10 11 -7 -11 -8 -15
right_child=1 4 3 -5 -6 7 13 -9 -10 12 -12 -13 -14 14 -16
leaf_value=-0.022818620179013472 -0.013301179862437056 -0.016838381908562607 0.023763963401834575 -0.00048588814167378893 0.00053632413710308314 0.0080246559974173192 0.0090751939668691026 -0.00078943126432112136 0.029880573671368153 0.012252545237655905 0.025175564562151784 -0.023616402478342829 -0.019696405996453663 -0.00055353290704436488 -0.024198322637500526
leaf_weight=27.445254892110825 14.440250189974902 18.610214427113533 40.208220556378365 17.847581017762423 718.68393569998443 43.407965861260891 30.320201332680881 1035.1722878539003 11.410852079279719 12.315643280744551 31.21583700645715 12.155683886725454 25.139351164922118 58.675272625871003 20.281390597112477
leaf_count=186 82 114 217 146 4186 273 235 7401 78 90 220 169 200 490 187
internal_value=0 0.001012 0.0104052 0.0164271 7.5552e-05 -0.00065338 -0.00662821 4.93903e-05 0.00640976 0.00403259 0.00975992 0.000807386 -0.00914578 -0.00239188 -0.00685379
internal_weight=0 809.79 72.4961 58.0558 737.294 1307.54 136.722 1170.82 135.645 124.234 86.7795 55.5636 37.455 109.277 78.9567
internal_count=14274 4745 445 363 4300 9529 1098 8431 1030 952 662 442 290 912 677
is_linear=0
shrinkage=0.03


Tree=226
num_leaves=16
num_cat=0
split_feature=13 2 2 0 14 0 0 13 1 14 5 3 13 0 2
split_gain=1.5221 5.0964 6.86119 5.4215 12.3108 10.0054 8.72756 8.36725 12.7803 9.97315 8.43555 8.32585 9.20122 8.03279 6.51351
threshold=0.40556650000000005 0.71041900000000013 0.66216550000000007 0.56497300000000006 0.70833350000000006 0.6888105000000001 0.53039000000000003 0.12237650000000001 0.41488450000000004 0.70833350000000006 1.5000000000000002 0.62500000000000011 0.21528250000000002 0.70498900000000009 0.35937250000000004
decision_type=2 2 2 2 2 2 2 2 2 2 2 2 2 2 2
left_child=1 2 3 6 -5 -6 7 8 9 -1 -11 12 -8 -7 -12
right_child=-2 -3 -4 4 5 13 11 -9 -10 10 14 -13 -14 -15 -16
leaf_value=0.012826979565153511 -0.00065452038506027903 -0.011747705769887108 0.018129792501248933 -0.012364120474333936 0.010546621539161818 -0.019849349044577386 -0.0075241977278535576 0.0032582154258128685 0.019911385094825467 -0.023569508460342826 0.0046363810274527174 0.0030163832170620776 -0.036839464998719477 0.0024312040896228783 -0.02057462694156037
leaf_weight=13.39013706659898 1298.6069629029371 26.311033156700432 20.554831575602293 35.881495367735624 172.87449866719544 16.234536148607731 24.74653038661927 282.35167832579464 13.410725951194761 42.082357521168888 25.788965879939497 22.826479393988848 15.52683414518833 93.045385025441647 13.127971968613563
leaf_count=121 8529 246 154 231 1122 92 188 2074 79 284 214 136 109 536 159
internal_value=0 0.00099666 0.00143441 0.000966576 0.00396297 0.00607562 -0.00114002 0.000544127 -0.00652926 -0.0104553 -0.0144136 -0.0113993 -0.019445 -0.00102875 -0.00417051
internal_weight=0 818.153 791.842 771.288 318.036 282.154 453.252 390.152 107.8 94.3894 80.9993 63.0998 40.2734 109.28 38.9169
internal_count=14274 5745 5499 5345 1981 1750 3364 2931 857 778 657 433 297 628 373
is_linear=0
shrinkage=0.03


Tree=227
num_leaves=16
num_cat=0
split_feature=3 13 0 0 13 13 4 13 13 6 2 4 14 1 0
split_gain=1.54103 4.48094 5.24971 5.51403 3.52113 3.44399 10.8236 8.80408 7.42366 6.94344 6.45476 5.57136 5.44882 4.39936 3.06021
threshold=0.37500000000000006 0.033667000000000009 0.34688750000000007 0.71770300000000009 0.31701850000000004 0.28753550000000005 0.60416650000000016 0.24331000000000005 0.35177250000000004 2.5000000000000004 0.22578600000000001 0.71875000000000011 0.87500000000000011 0.20424150000000005 0.52871400000000013
decision_type=2 2 2 2 2 2 2 2 2 2 2 2 2 2 2
left_child=1 -1 4 5 -3 7 8 11 -7 10 -8 12 -4 -11 -10
right_child=-2 2 3 -5 -6 6 9 -9 14 13 -12 -13 -14 -15 -16
leaf_value=0.011165586012873398 0.00026931477718773208 -0.031272133709167246 -0.024918678633709408 -0.018603832100204224 -0.00096284365512372449 0.035375927401723281 -0.01216073503332217 -0.027232656314901679 -0.0050070484943190163 0.0047767509395182893 0.014169740378181535 0.015211881865943315 -0.001142554745743768 -0.024609687849612413 0.016307407562496518
leaf_weight=19.362128354609013 1882.1284693833441 8.8151124818250519 9.20147882029414 16.022080013528466 5.4196220412850371 11.298914835788308 12.763777278363703 12.438648683950303 11.101496502757074 5.7950321473181274 20.567876856774092 14.534060802310703 58.717486532405019 16.730084084905684 11.462988197803496
leaf_count=172 12064 156 135 127 85 88 85 111 95 86 124 147 482 238 79
internal_value=0 -0.00230606 -0.00356611 -0.00226495 -0.0205531 -0.000754338 0.00344016 -0.00471475 0.0165713 -0.00467209 0.00402642 -0.00103214 -0.00467851 -0.0171678 0.00605344
internal_weight=0 234.231 214.869 200.634 14.2347 184.612 89.7202 94.8917 33.8634 55.8568 33.3317 82.453 67.919 22.5251 22.5645
internal_count=14274 2210 2038 1797 241 1670 795 875 262 533 209 764 617 324 174
is_linear=0
shrinkage=0.03


Tree=228
num_leaves=16
num_cat=0
split_feature=10 13 10 13 5 10 10 10 0 10 10 10 2 1 1
split_gain=1.5046 3.35999 4.77278 7.31852 3.10597 2.98332 3.58621 5.92056 10.2631 5.42353 2.45357 2.64229 4.75194 2.54705 4.41012
threshold=51.160083500000006 0.55650800000000011 52.582114000000004 0.73882100000000006 2.5000000000000004 50.186343500000007 49.209645000000009 48.307167500000013 0.47495700000000002 19.677713000000004 14.041948500000002 9.6614895000000018 0.26338350000000005 0.012388500000000002 0.040732500000000012
decision_type=2 2 2 2 2 2 2 2 2 2 2 2 2 2 2
left_child=5 4 -3 -4 -2 6 7 9 -9 10 11 13 -13 -1 -15
right_child=1 2 3 -5 -6 -7 -8 8 -10 -11 -12 12 -14 14 -16
leaf_value=-0.010903456118829584 0.0049275634457418829 0.016917406425177011 -0.030141513184912115 0.0050015192463601704 0.026986343796644819 -0.012360693147631052 0.01069299152038691 -0.032006586306724712 0.00078161351166296678 0.01246716374835769 -0.010512709464945522 0.023852457548354654 -0.0013008705663090973 0.014862423597697037 -0.00021927642772424423
leaf_weight=18.768845365848392 17.705230483785275 7.4118785597384003 8.1332230046391505 12.253335885703562 7.95405732654035 16.843348266556859 26.637717623263597 13.271948523819445 21.471620332449675 30.065905225463212 19.41531609557569 10.534936809912326 16.094294804148376 16.613951257430017 1872.705682023894
leaf_count=190 249 82 91 156 112 150 210 91 153 217 155 110 138 149 12021
internal_value=0 0.00490497 -0.00231593 -0.0097726 0.0125213 -0.000146988 -4.04294e-05 -0.000187269 -0.0122884 3.07074e-05 -0.000166916 -5.77166e-05 0.00915332 -0.000190993 -7.88615e-05
internal_weight=0 53.4577 27.7984 20.3866 25.6593 2062.42 2045.58 2018.94 34.7436 1984.2 1954.13 1934.72 26.6292 1908.09 1889.32
internal_count=14274 690 329 247 361 13584 13434 13224 244 12980 12763 12608 248 12360 12170
is_linear=0
shrinkage=0.03


Tree=229
num_leaves=16
num_cat=0
split_feature=11 0 10 13 0 13 13 0 2 0 13 2 2 0 13
split_gain=1.52003 4.66246 2.55895 2.41033 1.64083 1.55795 5.30068 15.0295 7.97022 8.12872 6.87408 5.47553 20.4657 9.79696 4.76553
threshold=5.3344820000000004 0.55100950000000004 55.832424500000009 0.58936650000000013 0.39761850000000004 0.40556650000000005 0.52523100000000011 0.42468050000000007 0.26864000000000005 0.38536150000000008 0.5365080000000001 0.058176000000000005 0.067995500000000014 0.61161100000000002 0.73546550000000011
decision_type=2 2 2 2 2 2 2 2 2 2 2 2 2 2 2
left_child=2 4 5 -4 -2 -1 7 8 -7 -10 -8 13 -13 -12 -15
right_child=1 -3 3 -5 -6 6 10 -9 9 -11 11 12 -14 14 -16
leaf_value=0.0010175240659381511 -0.0034322176165912269 0.0069525483597358394 0.023076093968536597 -0.00035822926003391248 -0.025071953261175155 0.01880489684720266 0.015380127634611617 -0.0089866607321926056 -0.015094090019992859 0.016384237687281134 -0.01513232088457077 0.035820172825036842 -1.3016772773010234e-05 -0.0065571378572509319 0.015362911579138458
leaf_weight=802.20305085973814 5.0990181751549271 11.260203018784521 7.4172121416777355 7.386497788131237 9.1264238143339735 30.349274272099137 25.384107553400099 180.13082776684314 17.9583500828594 11.114707021042703 53.658526882529259 13.57546780630946 906.84535621199757 15.893109105527399 18.179408583790064
leaf_count=5487 98 204 90 74 162 193 163 1140 150 86 313 76 5868 77 93
internal_value=0 -0.00715794 7.43345e-05 0.0121005 -0.0180502 -1.72382e-05 -0.000669553 -0.0046805 0.00830572 -0.00291519 0.000263732 -0.000131745 0.000553795 -0.0072492 0.00524288
internal_weight=0 25.4856 2090.1 14.8037 14.2254 2075.29 1273.09 239.553 59.4223 29.0731 1033.54 1008.15 920.421 87.731 34.0725
internal_count=14274 464 13810 164 260 13646 8159 1569 429 236 6590 6427 5944 483 170
is_linear=0
shrinkage=0.03


Tree=230
num_leaves=16
num_cat=0
split_feature=3 1 1 2 2 0 1 4 0 6 1 13 0 4 13
split_gain=1.48396 4.38707 6.01543 6.00247 8.15166 5.41422 6.74222 4.79048 6.30084 5.51156 4.44666 5.51626 4.10527 5.0004 2.78956
threshold=0.37500000000000006 0.11690300000000002 0.27395300000000006 0.099631500000000012 0.045850000000000009 0.71770300000000009 0.36175950000000007 0.39583350000000006 0.52621850000000014 2.5000000000000004 0.49763200000000007 0.20811650000000004 0.44466250000000002 0.42708350000000006 0.017249000000000004
decision_type=2 2 2 2 2 2 2 2 2 2 2 2 2 2 2
left_child=1 -1 7 4 -4 6 12 -3 9 -9 -8 -12 -5 -14 -2
right_child=14 2 3 5 -6 -7 10 8 -10 -11 11 -13 13 -15 -16
leaf_value=-0.019217330585324953 -0.0098518150148478884 -0.011207513795677596 -0.011052248960372955 0.00041466464070009809 0.018736003896959154 -0.026439710103002997 0.0046812164001513307 0.013503560203641881 0.028342343743601145 -0.0065316104353866774 0.0066652954291094588 -0.022735663649245785 -0.0010276680229965825 -0.030658115193052768 0.00039714993226887041
leaf_weight=11.983406860381363 23.213067784905434 11.431470289826391 13.135958686470984 9.6576957218348962 19.202071977779269 11.570682721212505 50.228017339482903 25.684116091579199 11.478498958051203 22.172021435573697 8.9747313056141156 13.327500592917202 7.1672201342880753 17.646893174387515 1858.325734260492
leaf_count=228 149 85 84 98 128 101 410 176 97 330 78 114 58 223 11915
internal_value=0 -0.00226446 -0.00126584 -0.00464218 0.00666722 -0.00775652 -0.00551011 0.00589866 0.00932549 0.00427746 -0.000264534 -0.011126 -0.0162284 -0.0224711 0.00026554
internal_weight=0 233.66 221.677 150.911 32.338 118.573 107.002 70.7661 59.3346 47.8561 72.5302 22.3022 34.4718 24.8141 1881.54
internal_count=14274 2210 1982 1294 212 1082 981 688 603 506 602 192 379 281 12064
is_linear=0
shrinkage=0.03


Tree=231
num_leaves=16
num_cat=0
split_feature=7 11 5 1 10 2 1 12 11 4 1 10 1 3 0
split_gain=1.46751 4.42035 3.77684 7.59309 3.56827 4.03141 4.25378 3.83529 4.51528 4.78891 3.85828 3.95343 3.57288 3.48209 5.19851
threshold=0.58333350000000006 1.2767425000000003 1.0000000180025095e-35 0.48222400000000004 0.52514650000000007 0.10729350000000001 0.61113550000000016 1.0000000180025095e-35 2.2578590000000003 0.89583350000000006 0.41488450000000004 1.9623440000000001 0.23634100000000005 0.87500000000000011 0.62340150000000005
decision_type=2 2 2 2 2 2 2 2 2 2 2 2 2 2 2
left_child=1 -1 3 -2 -4 -6 7 8 -7 -10 -9 -12 -11 14 -3
right_child=2 13 4 -5 5 6 -8 10 9 12 11 -13 -14 -15 -16
leaf_value=-0.00010207239335149437 0.018957472049281117 -0.0092648319847214462 0.015025096194083019 -0.0074149375072377517 0.0078924909591327613 0.019356335281521669 -0.01580805137923914 -0.0051041405868408893 -0.01830671521438075 -0.010378587256868048 -0.01015533009844112 0.0086818865519057604 0.019643072464276271 -0.018365298892367543 0.01811023651674332
leaf_weight=1719.4308091579005 27.877950221300125 24.075775443110619 13.658403342589734 14.223602650687097 46.029338777065277 16.393084334209561 16.833165226504207 132.80845871474594 8.0005885604768991 4.7214543037116536 12.172309964895247 41.92553086578846 9.1578240823000652 20.121760343201458 7.3275081366300574
leaf_count=10556 276 286 89 130 448 367 149 941 160 92 77 282 195 167 59
internal_value=0 -0.000364019 0.00177511 0.0100825 0.000586351 -0.000147921 -0.00170334 -0.000583724 0.00794556 -0.0010761 -0.00236326 0.00433602 0.00941916 -0.00893702 -0.00251548
internal_weight=0 1770.96 343.802 42.1016 301.7 288.042 242.012 225.179 38.273 21.8799 186.906 54.0978 13.8793 51.525 31.4033
internal_count=14274 11068 3206 406 2800 2711 2263 2114 814 447 1300 359 287 512 345
is_linear=0
shrinkage=0.03


Tree=232
num_leaves=16
num_cat=0
split_feature=13 13 2 2 14 3 4 2 0 2 2 0 0 0 13
split_gain=1.44963 6.41411 6.55163 10.1805 5.49441 8.06311 8.39951 9.939 11.8135 7.82441 5.25751 5.10578 5.8672 7.42959 4.94258
threshold=0.85938800000000015 0.89326150000000004 0.054539500000000012 0.20932550000000003 0.70833350000000006 0.87500000000000011 0.89583350000000006 0.45293600000000006 0.50218450000000014 0.51801750000000013 0.17128050000000003 0.57880200000000015 0.45872650000000004 0.38010700000000003 0.78860700000000017
decision_type=2 2 2 2 2 2 2 2 2 2 2 2 2 2 2
left_child=14 11 -3 10 -5 6 -6 8 -8 -7 -4 12 13 -2 -1
right_child=1 2 3 4 5 9 7 -9 -10 -11 -12 -13 -14 -15 -16
leaf_value=0.0001459427178349141 0.020947186054942162 -0.016719651814523409 0.0047666819814798107 -0.017277012414369332 -0.014006430418322068 -0.013237441069300068 0.043463812208914994 -0.0025519834422224521 0.0030087410460379726 0.0092668974130281547 0.023160825437355485 -0.00074114241792101114 0.026850646648307268 -0.010995954624701491 -0.0054209886036777283
leaf_weight=1653.478980996646 12.207284750416877 19.556537680327892 41.836698889732361 20.491373723372817 12.151326991617678 53.712851313874125 13.555887199938299 20.125317521393299 12.020543400198219 17.843941796571016 20.563802851364017 26.922681495547295 21.149869767948985 12.109103014692662 156.17728457786143
leaf_count=11275 96 107 250 138 76 349 93 150 83 130 129 159 153 84 1002
internal_value=0 0.00189765 -0.000546678 0.00101452 -0.00322877 -0.000888875 0.00736946 0.0132312 0.0252792 -0.00757521 0.0110981 0.0096275 0.0156511 0.00523409 -0.000337224
internal_weight=0 304.247 231.858 212.302 149.901 129.41 57.8531 45.7017 25.5764 71.5568 62.4005 72.3889 45.4663 24.3164 1809.66
internal_count=14274 1997 1505 1398 1019 881 402 326 176 479 379 492 333 180 12277
is_linear=0
shrinkage=0.03


Tree=233
num_leaves=16
num_cat=0
split_feature=6 0 4 14 0 13 13 2 10 0 2 5 0 0 13
split_gain=1.42898 4.74091 7.591 6.78028 6.88189 3.92793 4.82679 3.63116 3.11813 2.57284 2.33365 9.35786 7.32326 12.6043 6.32599
threshold=3.5000000000000004 0.53242800000000012 0.96875000000000011 0.87500000000000011 0.44613450000000004 0.28753550000000005 0.17233100000000004 0.27364950000000005 0.096919000000000019 0.49143850000000006 0.66216550000000007 1.5000000000000002 0.56858000000000009 0.52621850000000014 0.58936650000000013
decision_type=2 2 2 2 2 2 2 2 2 2 2 2 2 2 2
left_child=10 2 5 9 -5 6 -2 -3 -9 -4 -1 -12 13 14 -13
right_child=1 7 3 4 -6 -7 -8 8 -10 -11 11 12 -14 -15 -16
leaf_value=-8.0626309128792128e-05 -0.028345082584728513 -0.014209232393770631 -0.026131609696562485 0.020013328398633415 -0.014387743419582844 -0.037421329525686456 0.010660786577496193 -0.0018965957863279186 0.013179975898845588 0.0013836414962782278 -0.0078235832856328649 -0.0083540194824277322 -0.0057805031602138649 0.033705209803886374 0.016184911712496964
leaf_weight=1890.81465741992 4.7531026839278656 8.6039979048073274 8.69223037175834 14.945881424471738 6.9354986846446982 9.3121799179352802 4.883183928206563 23.279705248773098 24.766985174268484 4.3274022322148076 37.201549151912332 17.099058345891535 18.487418241798878 20.757947407662868 18.949682991951704
leaf_count=11797 151 115 169 179 119 236 89 344 240 70 236 142 122 126 139
internal_value=0 -0.00331928 -0.00961166 -0.00114053 0.00895734 -0.0243752 -0.00943495 0.00272493 0.00598531 -0.0175399 0.000170128 0.00434836 0.010386 0.0156563 0.004634
internal_weight=0 110.5 53.8495 34.901 21.8814 18.9485 9.63629 56.6507 48.0467 13.0196 2003.31 112.496 75.2941 56.8067 36.0487
internal_count=14274 1712 1013 537 298 476 240 699 584 239 12562 765 529 407 281
is_linear=0
shrinkage=0.03


Tree=234
num_leaves=16
num_cat=0
split_feature=1 5 13 5 1 1 0 13 4 0 2 13 1 0 0
split_gain=1.43915 6.51762 9.13179 12.6147 8.78053 7.89007 5.46597 8.54618 7.18884 8.23867 5.08135 3.86358 3.51585 6.80316 3.5857
threshold=0.11690300000000002 3.5000000000000004 0.46591450000000006 1.5000000000000002 0.075568500000000011 0.079027500000000014 0.31796350000000001 0.21197150000000001 0.89583350000000006 0.39208300000000007 0.50148250000000016 0.79784100000000013 0.13017600000000004 0.44613450000000004 0.35462050000000006
decision_type=2 2 2 2 2 2 2 2 2 2 2 2 2 2 2
left_child=1 2 6 4 -4 11 7 -1 9 -8 -5 -3 13 -2 -14
right_child=12 5 3 10 -6 -7 8 -9 -10 -11 -12 -13 14 -15 -16
leaf_value=-0.017859575499286764 0.014905685890795611 -0.011141334838751332 -0.022604936381629012 0.031090221175702697 0.0081633201347095074 -0.029244368776779751 -0.028538633336262716 0.015812194969062679 -0.03836188641006405 0.0065915912199711636 0.008650338885102405 0.015689801739621163 -0.0043619134623748869 -0.011924673421811818 0.0004012332997869054
leaf_weight=10.576341082341971 33.88208319246769 11.256274630781265 14.480276180431249 16.851057522930205 17.298420779407024 15.541919437237082 8.7923902734182793 15.40599034540355 8.5793836591765267 14.814021004363893 20.72818084154278 6.9728829674422732 153.78770589549094 10.419451232999561 1754.0018402989954
leaf_count=101 264 154 97 130 122 165 100 114 81 134 187 67 1153 78 11327
internal_value=0 -0.0027287 0.000407355 0.00770908 -0.00611845 -0.0142422 -0.00828214 0.00195188 -0.0163535 -0.00712098 0.0192578 -0.000595882 0.000211338 0.00847142 1.519e-05
internal_weight=0 161.297 127.526 69.3579 31.7787 33.7711 58.1681 25.9823 32.1858 23.6064 37.5792 18.2292 1952.09 44.3015 1907.79
internal_count=14274 1452 1066 536 219 386 530 215 315 234 317 221 12822 342 12480
is_linear=0
shrinkage=0.03


Tree=235
num_leaves=16
num_cat=0
split_feature=12 2 12 12 0 10 0 13 4 1 1 13 4 2 12
split_gain=1.42371 3.7206 3.41369 4.02743 3.04707 2.42635 3.86915 3.72 1.96797 1.73589 13.6791 8.07521 8.70971 4.84327 4.07051
threshold=6.9180020000000004 0.08423700000000002 5.5940500000000002 4.9685970000000008 0.5976895000000001 0.11749550000000002 0.41048050000000008 0.38991850000000006 0.35416650000000005 0.55230650000000014 0.54212850000000012 0.15661450000000002 0.71875000000000011 0.014283500000000001 1.9025925000000001
decision_type=2 2 2 2 2 2 2 2 2 2 2 2 2 2 2
left_child=2 -2 3 8 5 6 -3 -8 -1 10 -10 12 -11 -13 -15
right_child=1 4 -4 -5 -6 -7 7 -9 9 11 -12 13 -14 14 -16
leaf_value=-0.01178778047634501 0.018035338079492015 0.0082782626047193022 -0.011270978673890037 0.01627294764944031 0.010400472897927336 0.0075630110547914636 0.0020991200928931497 -0.017958878697168359 -0.00014009216917572158 0.024474929782427414 -0.021985058950709083 0.01655315407120839 0.0012939455900039881 1.5558472684042656e-05 -0.012724904927072541
leaf_weight=12.016742347273974 12.661610271781681 12.3804315906018 23.703339729458094 12.512154677882789 22.438011236488819 15.938746322412042 12.766135172918437 21.914073124527931 1601.3757214685902 26.071028726175427 25.22142730653286 13.648768395185469 31.890919782221317 244.68637816607952 23.862502507865429
leaf_count=92 62 77 154 70 127 114 83 125 11306 160 153 72 177 1378 124
internal_value=0 0.00349568 -0.000187448 -4.99238e-05 0.00115722 -0.00224595 -0.00565635 -0.0107234 -0.000161304 -8.43125e-05 -0.000492112 0.00186146 0.0119589 -0.000247414 -0.00115953
internal_weight=0 98.099 2014.99 1991.29 85.4374 62.9994 47.0606 34.6802 1978.77 1966.76 1626.6 340.16 57.9619 282.198 268.549
internal_count=14274 588 13686 13532 526 399 285 208 13462 13370 11459 1911 337 1574 1502
is_linear=0
shrinkage=0.03


Tree=236
num_leaves=16
num_cat=0
split_feature=2 2 12 0 4 13 4 1 5 13 0 5 14 0 13
split_gain=1.41911 12.6866 6.42042 6.1356 5.69978 9.38719 6.81949 12.7777 5.28994 5.10791 5.99029 7.95909 6.96556 10.8784 6.408
threshold=0.53675050000000013 0.48609650000000004 0.060726000000000009 0.6736025000000001 0.53125000000000011 0.27468450000000005 0.82291650000000016 0.24773900000000001 3.5000000000000004 0.22566750000000005 0.39761850000000004 2.5000000000000004 0.70833350000000006 0.55997500000000011 0.56838150000000021
decision_type=2 2 2 2 2 2 2 2 2 2 2 2 2 2 2
left_child=1 -1 8 4 5 -2 7 -6 -3 -8 -11 12 -12 14 -14
right_child=3 2 -4 -5 6 -7 9 -9 -10 10 11 -13 13 -15 -16
leaf_value=0.0002863396259565355 -0.0011002945277786497 -0.010197330828400132 -0.021654390927368337 0.019450244642314506 -0.0015626456407302645 0.034400790658840517 0.014557069099862674 -0.032999546165485241 0.007653769402267069 0.013321678790159245 0.0092526948321108686 0.0042815715492708507 -0.035526283149198333 0.002730634271142153 -0.01135924173356973
leaf_weight=1666.4748358312063 15.704541819170119 55.016374451108277 31.022395620122552 15.773925924673675 49.669995357748121 10.618599857203661 24.996712448075414 14.240581244230269 19.547919624485075 27.223786756396294 15.898746458813546 97.912071470171213 16.862212626263499 26.448276164010167 25.408454580232501
leaf_count=10839 131 416 250 103 437 68 184 106 168 252 106 774 112 152 176
internal_value=0 -0.000355267 -0.0103894 0.00175601 0.000840142 0.0139555 -0.000358526 -0.0089679 -0.0054781 0.00201347 0.000456644 -0.00152427 -0.00821382 -0.0123296 -0.021598
internal_weight=0 1772.06 105.587 340.758 324.984 26.3231 298.661 63.9106 74.5643 234.75 209.754 182.53 84.6177 68.7189 42.2707
internal_count=14274 11673 834 2601 2498 199 2299 543 584 1756 1572 1320 546 440 288
is_linear=0
shrinkage=0.03


Tree=237
num_leaves=16
num_cat=0
split_feature=1 5 0 13 0 5 1 1 5 0 0 0 0 1 2
split_gain=1.42623 4.85542 3.80448 9.5202 5.43709 3.00859 2.48067 2.85597 10.1599 8.69919 11.7638 5.92063 8.60291 3.73336 2.88639
threshold=0.012388500000000002 2.5000000000000004 0.22206000000000004 0.68458450000000004 0.24105600000000002 2.5000000000000004 0.040732500000000012 0.1141515 3.5000000000000004 0.31239800000000001 0.36215050000000004 0.39532050000000002 0.44613450000000004 0.092558500000000016 0.53675050000000013
decision_type=2 2 2 2 2 2 2 2 2 2 2 2 2 2 2
left_child=1 -1 3 5 -4 -2 -6 8 9 -8 -11 -12 -13 -10 -9
right_child=2 -3 4 -5 6 -7 7 14 13 10 11 12 -14 -15 -16
leaf_value=-0.020911590250318548 0.0095131924774293809 0.007086427826030731 -0.018722921198530768 -0.011010362161223098 0.01210603288121772 0.027986404358172835 0.017346628225179701 -0.00031814831963196849 -0.0096139372177666566 -0.033249283781413431 0.0181901432630888 -0.023321154265143661 0.0072489776908403573 -0.037661993863586034 0.0030728412198202134
leaf_weight=10.650659896433355 24.486883535981178 9.9568799491971713 13.075453393626956 15.828792268410323 14.088538296520708 12.177417082712052 18.032341592479497 1661.3906625835225 9.0947867315262574 10.448761465493588 11.795851949136702 13.410045101307331 18.689002006314695 8.9561204221099597 260.44708779267967
leaf_count=100 164 110 104 106 134 86 154 10810 120 104 96 117 154 89 1826
internal_value=0 -0.00768198 6.52088e-05 0.00796288 -0.000141873 0.0162289 -1.27992e-05 -0.000103618 -0.00528411 -0.00015116 -0.00616581 0.000878154 -0.00584107 -0.0247767 0.000142757
internal_weight=0 20.6075 2091.92 52.4931 2039.43 36.6643 2026.35 2012.26 90.4269 72.376 54.3437 43.8949 32.099 18.0509 1921.84
internal_count=14274 210 14064 356 13708 250 13604 13470 834 625 471 367 271 209 12636
is_linear=0
shrinkage=0.03


Tree=238
num_leaves=16
num_cat=0
split_feature=0 0 13 0 2 2 2 2 5 0 0 1 1 0 0
split_gain=1.43742 3.89141 4.66364 3.86803 3.25662 2.40466 2.48735 8.37981 8.34966 7.17144 6.64566 6.15029 5.59585 4.36661 6.58778
threshold=0.16396650000000004 0.22206000000000004 0.61662650000000008 0.24105600000000002 0.11976450000000001 0.0066115000000000002 0.15026900000000001 0.16441850000000002 1.0000000180025095e-35 0.30093550000000008 0.82190000000000007 0.55230650000000014 0.38329850000000004 0.45485350000000008 0.70162650000000004
decision_type=2 2 2 2 2 2 2 2 2 2 2 2 2 2 2
left_child=-1 2 4 -3 -2 -5 8 11 13 -10 -9 12 -8 -7 -15
right_child=1 3 -4 5 -6 6 7 10 9 -11 -12 -13 -14 14 -16
leaf_value=-0.0085366797508140569 0.027002431516681927 -0.015204825106084726 -0.0046561985207147893 0.010374989729173337 0.006034882638408616 -0.00042569248293952645 0.017045707455059546 0.00026671414047194948 -0.019033948866005491 0.00054640994370368375 -0.017203014261754222 0.027740710057652416 -0.0054233610580511574 -0.024808000139613481 -0.0017099736380232157
leaf_weight=16.663441925309598 12.295938676223161 14.202194868121294 14.237050503492354 18.849266365170479 14.890529799275098 21.999431677162647 18.071791299618781 1489.1835375404917 16.627413274720311 373.53882362134755 18.859033402055502 14.94275771640241 20.16113043949008 30.225163940340281 17.496972892433405
leaf_count=114 80 115 99 103 108 132 127 10500 127 2211 98 87 114 162 97
internal_value=0 5.73553e-05 0.00905096 -0.000128323 0.0161397 -1.59614e-05 -0.000117953 0.000453463 -0.00205456 -0.000334557 3.69889e-05 0.0120458 0.005361 -0.011539 -0.0165482
internal_weight=0 2095.58 41.4235 2054.16 27.1865 2039.96 2021.11 1561.22 459.888 390.166 1508.04 53.1757 38.2329 69.7216 47.7221
internal_count=14274 14160 287 13873 188 13758 13655 10926 2729 2338 10598 328 241 391 259
is_linear=0
shrinkage=0.03


Tree=239
num_leaves=16
num_cat=0
split_feature=3 13 0 0 4 4 2 0 0 2 1 1 7 1 1
split_gain=1.44228 4.14791 5.01273 5.10924 3.39997 6.51606 4.27956 8.58785 5.82145 5.09878 4.43953 6.9707 4.04077 3.65297 4.68574
threshold=0.37500000000000006 0.033667000000000009 0.34688750000000007 0.71770300000000009 0.96875000000000011 0.85416650000000016 0.39948850000000008 0.63501600000000014 0.40876600000000002 0.063634500000000011 0.22554100000000002 0.27395300000000006 1.0000000180025095e-35 0.33969150000000009 0.47227700000000006
decision_type=2 2 2 2 2 2 2 2 2 2 2 2 2 2 2
left_child=1 -1 -3 4 5 6 9 8 -8 -4 -10 -12 13 -11 -15
right_child=-2 2 3 -5 -6 -7 7 -9 10 12 11 -13 -14 14 -16
leaf_value=0.010717320434813427 0.0002621788123499634 -0.02020677129873405 0.012335876199064625 -0.018024169733836602 0.012037218256359967 -0.022203007741392843 0.022456297316592908 0.032288079194058843 -0.014507408200992293 -0.0145012651741043 0.019339112481023098 -0.011849253376306554 -0.016948635750092131 0.0104474441175162 -0.0090842457737960441
leaf_weight=19.376352335326374 1879.2133790133521 13.972023759037254 13.505419749766586 15.801599534228442 16.047425357624888 12.267515598796306 8.3912148470990342 8.4393952190875989 17.947710739448667 15.69226604234427 12.693855367135258 11.272809994406996 24.462239566259086 24.439827833324671 18.581509405747056
leaf_count=172 12064 241 86 127 153 121 99 73 179 150 105 137 240 185 142
internal_value=0 -0.00223586 -0.00345583 -0.00218802 -0.000735929 -0.00202236 -0.000297783 0.00602884 0.00108006 -0.0041643 -0.003623 0.00478251 -0.00695819 -0.00258167 0.00199671
internal_weight=0 232.891 213.515 199.543 183.741 167.694 155.426 58.745 50.3056 96.6813 41.9144 23.9667 83.1758 58.7136 43.0213
internal_count=14274 2210 2038 1797 1670 1517 1396 593 520 803 421 242 717 477 327
is_linear=0
shrinkage=0.03


Tree=240
num_leaves=16
num_cat=0
split_feature=6 11 0 1 3 13 4 2 13 10 1 0 1 0 0
split_gain=1.42492 3.88608 3.84147 5.05836 6.0829 9.36224 5.17745 4.46224 7.03267 5.2859 3.97991 3.71474 3.68323 4.12188 3.48196
threshold=2.5000000000000004 5.3344820000000004 0.79622000000000015 0.54917100000000008 0.87500000000000011 0.45581100000000002 0.46875000000000006 0.15279450000000003 0.42958300000000005 0.079263500000000015 0.53578550000000014 0.71161250000000009 0.088647500000000004 0.46030700000000008 0.31239800000000001
decision_type=2 2 2 2 2 2 2 2 2 2 2 2 2 2 2
left_child=-1 2 3 6 5 11 -2 8 -8 -10 12 -5 13 -9 -14
right_child=1 -3 -4 4 -6 -7 7 10 9 -11 -12 -13 14 -15 -16
leaf_value=0.00052624993891331353 -0.020554998570685715 -0.019334809750285276 -0.018144774153595465 0.0010154140512872191 0.024428202991038556 -0.01404808800068524 -0.028580514643801794 -0.0036187254829952754 -0.015455332367286086 0.015109673395260094 -0.018689160141367213 0.024325527619980525 0.013541733928640304 -0.02755221319178898 0.00018981358801150669
leaf_weight=1426.1293141767383 11.385884918738155 9.403342670761047 10.373189829289911 11.172074986621739 13.96367648616433 17.691343926824629 12.252869460731747 29.736996242310852 9.0175651442259568 9.3572601024061424 9.4485044591128808 12.947754157707093 17.214476723223925 7.4274812117218962 504.31894326489419
leaf_count=7940 170 176 68 87 87 134 126 421 104 77 67 90 198 103 4426
internal_value=0 -0.00113691 -0.000855714 -0.000559601 0.00800714 0.0020805 -0.00135451 -0.000955743 -0.0119232 8.61953e-05 -0.000344597 0.0139987 -1.52316e-06 -0.00899854 0.000655598
internal_weight=0 685.711 676.308 665.935 55.7748 41.8112 610.16 598.774 30.6277 18.3748 568.146 24.1198 558.698 37.1645 521.533
internal_count=14274 6334 6158 6090 398 311 5692 5522 307 181 5215 177 5148 524 4624
is_linear=0
shrinkage=0.03


Tree=241
num_leaves=16
num_cat=0
split_feature=1 1 0 13 1 1 2 1 2 2 4 1 4 0 2
split_gain=1.41356 7.35717 11.3177 6.9566 6.08956 5.56408 10.3255 9.95355 10.083 17.424 12.3391 6.43117 7.64869 9.54979 6.48368
threshold=0.41952850000000003 0.43687500000000007 0.55444850000000012 0.50915250000000012 0.44178150000000005 0.30579500000000009 0.054539500000000012 0.31471900000000003 0.57376700000000003 0.45079650000000004 0.64583350000000006 0.29178450000000006 0.92708350000000006 0.52621850000000014 0.092409000000000005
decision_type=2 2 2 2 2 2 2 2 2 2 2 2 2 2 2
left_child=5 2 -2 -4 -3 6 -1 -7 9 10 -9 14 -13 -14 -8
right_child=1 4 3 -5 -6 7 11 8 -10 -11 -12 12 13 -15 -16
leaf_value=-0.018095105782985909 -0.0021792489284774871 -0.016473438790387044 0.0072283064136102531 0.033412631814251352 0.00051571752373797514 -0.019912825960522126 0.017793769070967833 -0.013099369702236427 0.015783976580969156 -0.01811022468103192 0.0018566419001613702 -0.005010103726865037 0.030531132449818268 -0.00162925825944154 0.00026547002825184294
leaf_weight=24.164665069431067 35.212748335674405 18.504146710038185 17.865402137860656 19.305392071604729 716.8877190221101 29.203551328741014 18.491200966760516 58.787698157131672 25.685648834332824 59.557808335870504 291.7803423171863 16.705741577781737 22.63813367113471 12.664847446605561 743.99036858975887
leaf_count=164 215 114 111 119 4186 223 129 421 164 419 1879 140 150 80 5760
internal_value=0 0.000970395 0.0100282 0.0213467 6.64414e-05 -0.000625887 0.000833634 -0.00325427 -0.00209496 -0.00325036 -0.000681498 0.00141672 0.0115213 0.0192666 0.000713304
internal_weight=0 807.775 72.3835 37.1708 735.392 1303.67 838.655 465.015 435.811 410.126 350.568 814.49 52.0087 35.303 762.482
internal_count=14274 4745 445 230 4300 9529 6423 3106 2883 2719 2300 6259 370 230 5889
is_linear=0
shrinkage=0.03


Tree=242
num_leaves=16
num_cat=0
split_feature=13 1 0 4 1 0 2 2 13 2 2 2 13 0 13
split_gain=1.45869 4.71785 7.71129 10.6351 6.64729 10.6218 7.18253 6.73105 9.25831 9.16159 8.80199 11.0596 9.08804 8.71577 12.9157
threshold=0.40556650000000005 0.14831000000000003 0.31239800000000001 0.89583350000000006 0.18665800000000002 0.42468050000000007 0.66216550000000007 0.061293500000000008 0.13893150000000001 0.033149000000000005 0.15632400000000002 0.16441850000000002 0.12692700000000004 0.50857850000000016 0.24331000000000005
decision_type=2 2 2 2 2 2 2 2 2 2 2 2 2 2 2
left_child=1 2 -1 -4 -3 -6 7 8 -7 -10 -9 -12 -13 14 -14
right_child=-2 4 3 -5 5 6 -8 10 9 -11 11 12 13 -15 -16
leaf_value=0.0050971860421001568 -0.00063996429262097327 0.013159583667774333 -0.0038354766712998356 -0.032285857007771472 -0.007732965608446149 0.026108672953561146 0.022002346359441944 -0.0071841230659232726 -0.013931514858705826 0.015363002446664314 0.032359238769378164 -0.0053744943378004851 0.026410789009010137 0.001758334713471487 0.001200683329909621
leaf_weight=37.988450886681676 1295.6493449164554 42.626923408359289 40.827130780555308 15.839999850839375 103.34627859853208 22.808710727840662 15.803702617064117 95.920063117519021 16.699561879038811 20.039855608716607 10.144712701439856 107.19744757004082 35.482397543266416 213.63097722455859 36.877866288647056
leaf_count=320 8529 344 395 154 772 129 117 565 92 112 66 750 238 1414 277
internal_value=0 0.000978945 -0.00528343 -0.0122101 0.00180776 0.00107567 0.00267064 0.00208558 0.0115324 0.00203113 0.000938012 0.00288259 0.0020419 0.00483081 0.0137542
internal_weight=0 815.234 94.6556 56.6671 720.578 677.952 574.605 558.802 59.5481 36.7394 499.253 403.333 393.189 285.991 72.3603
internal_count=14274 5745 869 549 4876 4532 3760 3643 333 204 3310 2745 2679 1929 515
is_linear=0
shrinkage=0.03


Tree=243
num_leaves=16
num_cat=0
split_feature=13 13 1 1 2 0 4 0 1 0 0 0 3 5 13
split_gain=1.39537 7.89079 6.42814 7.21547 5.75867 6.07853 4.94225 17.994 6.65994 15.8277 8.75352 8.19957 5.52351 5.7938 13.6949
threshold=0.83538150000000011 0.78860700000000017 0.446552 0.56842250000000016 0.46959400000000007 0.41502450000000007 0.85416650000000016 0.50659650000000012 0.23846350000000002 0.42741600000000007 0.25410050000000006 0.34342450000000008 0.62500000000000011 1.5000000000000002 0.94102200000000014
decision_type=2 2 2 2 2 2 2 2 2 2 2 2 2 2 2
left_child=1 -1 4 -4 5 -3 7 -2 9 10 -8 -12 -10 14 -14
right_child=6 2 3 -5 -6 -7 8 -9 12 -11 11 -13 13 -15 -16
leaf_value=0.00014203168312122946 0.01447836476197336 -0.0091028819285536734 -0.031011470832014512 -0.0033870516775860024 -0.014380762493717475 0.012935609149790665 -0.017476394694147846 -0.033301537858983529 0.017477046088729516 -0.021448471822376414 0.026073303384806529 9.2213844320076724e-05 0.020250703639835586 0.00029578077330513107 -0.0085468107044960172
leaf_weight=1650.5006192675792 12.853571349754931 18.861899523064494 18.511410532519221 15.576483897864817 24.408322302624583 25.150640113279223 11.204113043844698 13.73587634693831 28.182086678221822 30.492145797237754 18.154053511098027 25.48636426217854 44.431675311177969 151.54536546580493 21.401900269091129
leaf_count=11275 93 139 99 85 176 171 76 88 196 225 133 201 251 947 119
internal_value=0 -0.000361785 -0.00839678 -0.0188448 -0.00299502 0.00349845 0.00169226 -0.0105167 0.00270205 -0.00448118 0.00516735 0.0112421 0.0052064 0.00354283 0.0109011
internal_weight=0 1753.01 102.509 34.0879 68.4209 44.0125 357.487 26.5894 330.898 85.3367 54.8445 43.6404 245.561 217.379 65.8336
internal_count=14274 11945 670 184 486 310 2329 181 2148 635 410 334 1513 1317 370
is_linear=0
shrinkage=0.03


Tree=244
num_leaves=16
num_cat=0
split_feature=13 4 2 2 13 2 0 0 2 2 2 13 13 2 2
split_gain=1.36612 4.58124 6.38719 8.77086 10.8689 10.4811 8.98013 10.2114 13.0015 8.80039 8.68606 6.65379 5.98281 4.55296 5.98784
threshold=0.40556650000000005 0.96875000000000011 0.62039750000000005 0.25561100000000009 0.46591450000000006 0.31496800000000008 0.43503150000000007 0.48448250000000004 0.38139000000000006 0.22578600000000001 0.68085700000000016 0.62707250000000003 0.68661950000000005 0.71041900000000013 0.66216550000000007
decision_type=2 2 2 2 2 2 2 2 2 2 2 2 2 2 2
left_child=13 2 3 9 -5 -6 -7 -8 -9 12 -4 -12 -2 14 -1
right_child=1 -3 10 4 5 6 7 8 -10 -11 11 -13 -14 -15 -16
leaf_value=0.0009216199478622874 0.0013639494000203514 0.0004917849503945056 0.023199316841059164 -0.02767704604893962 -0.020469249820614457 -0.017159984602190526 0.023891786254147524 0.020621535658862624 -0.01080674623878268 0.016969920062299495 -0.020969732302538301 0.011050285039723723 -0.011663222278296024 -0.011166825939894591 0.016934898401440975
leaf_weight=768.40961424121633 98.309699524194002 933.73350594379008 17.165325840935111 25.061070503666997 33.945436701178551 23.254632679745555 16.528811159543693 15.327081723138688 42.235653264448047 22.490614504553378 10.469933967106046 10.991015707142649 45.725149938836694 26.007603614591062 20.613878764212132
leaf_count=5345 601 6058 128 209 226 213 118 102 294 138 79 82 281 246 154
internal_value=0 -0.000618981 -0.00348143 -0.0048643 -0.00994303 -0.00637432 -0.00130114 0.00383861 -0.00222919 -6.49367e-05 0.00790904 -0.00480912 -0.00282354 0.000947933 0.00136089
internal_weight=0 1295.24 361.504 322.878 156.353 131.292 97.3462 74.0915 57.5627 166.525 38.6263 21.4609 144.035 815.031 789.023
internal_count=14274 8529 2471 2182 1162 953 727 514 396 1020 289 161 882 5745 5499
is_linear=0
shrinkage=0.03


Tree=245
num_leaves=16
num_cat=0
split_feature=14 3 13 1 0 13 13 2 0 2 0 13 13 1 13
split_gain=1.36837 7.17602 9.55358 6.97608 5.08074 6.48035 4.98101 3.97491 6.98762 6.46231 4.32268 3.87464 13.4727 6.96379 7.39313
threshold=0.87500000000000011 0.87500000000000011 0.54668250000000007 0.45387450000000001 0.43050450000000007 0.78860700000000017 0.66069000000000011 0.39948850000000008 0.50091800000000009 0.21401700000000004 0.48448250000000004 0.25652200000000008 0.20811650000000004 0.31933300000000003 0.11026500000000002
decision_type=2 2 2 2 2 2 2 2 2 2 2 2 2 2 2
left_child=1 2 11 4 -4 6 -6 8 -3 -10 -9 12 13 -1 -15
right_child=-2 7 3 -5 5 -7 -8 10 9 -11 -12 -13 -14 14 -16
leaf_value=0.011724042032965194 0.00029408071598405785 -0.013678253235477906 -0.022838688926824276 -0.033757365644778929 -0.0076546937868659688 -0.020133738369006098 0.016716902949744029 0.02509752305095608 0.020306426223120854 -0.004944471790765047 0.0041630290461081611 0.0046710161482832963 -0.03400209959068911 0.005624328225272264 -0.025470213146856734
leaf_weight=26.217769571579993 1816.0375498016365 20.51035101339221 16.482065941672772 12.199865327216683 14.183469153009357 13.046841042116283 14.147857408970593 13.851343772374092 17.511002108454704 17.361969076097012 23.315448747947812 67.799007114954293 11.16489573381841 13.399139763787391 12.537312356755136
leaf_count=287 11803 150 182 100 116 118 115 120 98 98 174 601 103 106 103
internal_value=0 -0.00190962 -0.00508292 -0.0139414 -0.00926062 -0.0034408 0.00467079 0.00496884 -0.000161785 0.00794755 0.0124181 -0.00027991 -0.00557132 0.00104017 -0.00979389
internal_weight=0 293.728 201.178 70.0601 57.8602 41.3782 28.3313 92.5501 55.3833 34.873 37.1668 131.118 63.3191 52.1542 25.9365
internal_count=14274 2471 1831 631 531 349 231 640 346 196 294 1200 599 496 209
is_linear=0
shrinkage=0.03


Tree=246
num_leaves=16
num_cat=0
split_feature=13 13 2 2 14 3 4 2 0 2 2 0 0 0 13
split_gain=1.37793 5.76355 6.01927 9.62367 5.10098 7.46082 7.7763 9.15676 10.9385 7.50704 4.95923 4.80741 5.49645 6.97655 4.40879
threshold=0.85938800000000015 0.89326150000000004 0.054539500000000012 0.20932550000000003 0.70833350000000006 0.87500000000000011 0.89583350000000006 0.45293600000000006 0.50218450000000014 0.51801750000000013 0.17128050000000003 0.57880200000000015 0.45872650000000004 0.38010700000000003 0.78860700000000017
decision_type=2 2 2 2 2 2 2 2 2 2 2 2 2 2 2
left_child=14 11 -3 10 -5 6 -6 8 -8 -7 -4 12 13 -2 -1
right_child=1 2 3 4 5 9 7 -9 -10 -11 -12 -13 -14 -15 -16
leaf_value=0.00012742872140476209 0.020114993487431617 -0.016007299591611582 0.0046734988568182109 -0.016702477888038351 -0.013564574658367806 -0.012867113902901543 0.041657608232110732 -0.0024688632638755824 0.0028087411793837423 0.0091864769083210892 0.02255028427317711 -0.00089591237301818417 0.025817801016716733 -0.01082796530050209 -0.005139613788273681
leaf_weight=1650.030233300291 12.246322529390456 19.469872117042542 41.717702398076653 20.319856759160757 12.074057115241883 53.510600937530398 13.636194273829462 20.116820473223925 12.045996712520717 17.83782859146595 20.55925777554512 26.878466114401817 21.229071555659175 12.083490431308745 155.6012097876519
leaf_count=11275 96 107 250 138 76 349 93 150 83 130 129 159 153 84 1002
internal_value=0 0.0018518 -0.000471057 0.00102551 -0.00310587 -0.000855986 0.00708088 0.0126972 0.0242241 -0.00730273 0.0108382 0.00917396 0.0150065 0.00492629 -0.000329055
internal_weight=0 303.726 231.288 211.818 149.541 129.221 57.8731 45.799 25.6822 71.3484 62.277 72.4374 45.5589 24.3298 1805.63
internal_count=14274 1997 1505 1398 1019 881 402 326 176 479 379 492 333 180 12277
is_linear=0
shrinkage=0.03


Tree=247
num_leaves=16
num_cat=0
split_feature=1 1 2 6 1 1 2 1 2 2 4 2 2 13 13
split_gain=1.3959 6.88687 10.9464 7.54564 5.77803 5.30026 9.6666 9.4843 9.48768 16.3074 11.5661 6.06725 11.8426 10.5751 16.3988
threshold=0.41952850000000003 0.43687500000000007 0.11699500000000002 2.5000000000000004 0.44178150000000005 0.30579500000000009 0.054539500000000012 0.31471900000000003 0.57376700000000003 0.45079650000000004 0.64583350000000006 0.33724900000000008 0.23504400000000003 0.76821800000000018 0.42958300000000005
decision_type=2 2 2 2 2 2 2 2 2 2 2 2 2 2 2
left_child=5 2 -2 -4 -3 6 -1 -7 9 10 -9 12 -12 14 -14
right_child=1 4 3 -5 -6 7 -8 8 -10 -11 11 -13 13 -15 -16
leaf_value=-0.017594654979220772 -0.0130704135355899 -0.016047708069074448 0.022548071614632695 -0.00075872148633117375 0.00052788853973963559 -0.019508000196857916 0.0013662108716909777 -0.012762882983088282 0.01527399357837248 -0.017607375918592235 0.0042693162109638423 0.0084949245524215278 -0.00037951039410672729 0.0084223748252619055 -0.033058722163309517
leaf_weight=23.941622763872147 14.362361811101435 18.440130975097418 40.214700900018215 17.854009825736284 716.25637201312929 28.998801184818149 813.9343911674805 58.461886934004724 25.713412838056684 59.189808088354766 134.54399174079299 84.141658838838339 26.778847454115748 18.810850001871586 27.610540124587715
leaf_count=164 82 114 217 146 4186 223 6259 421 164 419 842 546 186 125 180
internal_value=0 0.000966279 0.00972633 0.0154906 9.06106e-05 -0.000620751 0.000804091 -0.0031885 -0.00205898 -0.00318181 -0.000701495 0.00174961 -0.00101002 -0.0106403 -0.0172663
internal_weight=0 807.128 72.4311 58.0687 734.697 1302.13 837.876 464.25 435.251 409.538 350.348 291.886 207.744 73.2002 54.3894
internal_count=14274 4745 445 363 4300 9529 6423 3106 2883 2719 2300 1879 1333 491 366
is_linear=0
shrinkage=0.03


Tree=248
num_leaves=16
num_cat=0
split_feature=12 2 12 12 0 10 0 13 4 1 2 1 0 2 0
split_gain=1.36898 3.46779 3.20302 3.78979 2.8516 2.22383 3.58342 3.52303 1.80874 1.68438 11.6827 5.48723 7.963 4.6665 2.97392
threshold=6.9180020000000004 0.08423700000000002 5.5940500000000002 4.9685970000000008 0.5976895000000001 0.11749550000000002 0.41048050000000008 0.38991850000000006 0.35416650000000005 0.69749300000000014 0.111363 0.73166750000000003 0.82190000000000007 0.17813500000000002 0.75720300000000007
decision_type=2 2 2 2 2 2 2 2 2 2 2 2 2 2 2
left_child=2 -2 3 8 5 6 -3 -8 -1 14 11 -11 -13 -12 -10
right_child=1 4 -4 -5 -6 -7 7 -9 9 10 13 12 -14 -15 -16
leaf_value=-0.011354703790439478 0.017462179358880656 0.0079500196979911085 -0.010947503070131087 0.015778471339439874 0.010105260341455971 0.0072436773914591095 0.0021389587938515468 -0.017433829414161172 -9.7979901704984719e-05 0.024343849878155896 -0.019642225607106049 -0.0061150868660599144 0.019184750009054612 0.0016777165131225714 -0.0078412857942429613
leaf_weight=11.901548320893196 12.669703539460896 12.424611054360865 23.576173386536539 12.520779121667145 22.435515196993947 15.952324009500442 12.725063744932411 21.660186493769288 1819.3277968163602 19.348291367292404 18.887202922254801 24.184133296832442 19.298102775588632 16.9860545899719 44.76311259996146
leaf_count=92 62 77 154 70 127 114 83 125 12584 106 99 121 115 93 252
internal_value=0 0.00343239 -0.000183462 -5.03165e-05 0.00116765 -0.00213564 -0.00541668 -0.0103347 -0.000158616 -8.49804e-05 0.00371413 0.0114485 0.00529224 -0.00977547 -0.000288027
internal_weight=0 97.8674 2010.79 1987.22 85.1977 62.7622 46.8099 34.3853 1974.7 1962.79 98.7038 62.8305 43.4822 35.8733 1864.09
internal_count=14274 588 13686 13532 526 399 285 208 13462 13370 534 342 236 192 12836
is_linear=0
shrinkage=0.03


Tree=249
num_leaves=16
num_cat=0
split_feature=11 0 10 2 0 0 0 13 0 10 2 2 2 2 13
split_gain=1.36161 4.3662 2.38697 2.31019 1.52675 1.48213 3.67369 4.12126 3.57948 3.12615 2.18374 3.01651 4.69242 2.52366 2.57758
threshold=5.3344820000000004 0.55100950000000004 55.832424500000009 0.28861350000000002 0.39761850000000004 0.16396650000000004 0.22206000000000004 0.61662650000000008 0.24105600000000002 0.05176250000000001 0.0066115000000000002 0.020496500000000004 0.026810500000000004 0.036242000000000003 0.95102850000000017
decision_type=2 2 2 2 2 2 2 2 2 2 2 2 2 2 2
left_child=2 4 5 -4 -2 -1 7 9 -8 -7 -10 -12 -13 -14 -15
right_child=1 -3 3 -5 -6 6 8 -9 10 -11 11 12 13 14 -16
leaf_value=-0.0087812217054622603 -0.0031663102361490429 0.0069210198839886978 0.023022094463140852 -8.0535246622016795e-05 -0.024049348795231903 0.0042756211954680639 -0.014756928867922943 -0.0041056868882298038 0.009950838913296697 0.024840220889163531 -0.0086315094652356615 0.014587650434110325 -0.0090069536877533298 -0.00022414102001214539 0.0048448304767993782
leaf_weight=16.21596378646791 5.0608307258226004 11.186261365190147 6.9957012180238944 7.583134151995182 9.156139219645409 12.806114760227503 13.936382143292574 14.120340834371744 18.591051995754242 14.067180110141633 35.732054397463799 18.769695598632097 27.22820832952857 1802.9387142318301 94.041791809722781
leaf_count=108 98 204 81 83 162 85 113 98 98 97 199 103 154 11990 601
internal_value=0 -0.00678317 7.25417e-05 0.0117715 -0.0173122 -1.55634e-05 5.79426e-05 0.00883997 -0.000125359 0.0155454 -1.59324e-05 -0.000114555 4.64346e-05 -0.000102911 2.95707e-05
internal_weight=0 25.4032 2083.03 14.5788 14.217 2068.45 2052.23 40.9936 2011.24 26.8733 1997.3 1978.71 1942.98 1924.21 1896.98
internal_count=14274 464 13810 164 260 13646 13538 280 13258 182 13145 13047 12848 12745 12591
is_linear=0
shrinkage=0.03


Tree=250
num_leaves=16
num_cat=0
split_feature=6 13 13 13 1 10 0 2 13 13 0 0 1 13 0
split_gain=1.32496 3.68957 5.92997 6.19229 10.4644 5.3898 5.2888 6.93744 4.75225 7.98612 8.65504 5.77824 4.67994 5.42409 8.82907
threshold=2.5000000000000004 0.93694450000000018 0.90639550000000013 0.87075050000000009 0.25595600000000002 2.3221795000000003 0.38010700000000003 0.40645000000000003 0.54668250000000007 0.52523100000000011 0.40430150000000004 0.41619900000000004 0.59949150000000018 0.64694800000000008 0.53402800000000006
decision_type=2 2 2 2 2 2 2 2 2 2 2 2 2 2 2
left_child=-1 2 3 6 -5 -3 7 -2 9 10 -8 -10 13 14 -13
right_child=1 5 -4 4 -6 -7 8 -9 11 -11 -12 12 -14 -15 -16
leaf_value=0.00050874185601414623 -0.017607514899989341 0.00077798686319046804 -0.016741005007113643 0.03141424056620936 -0.003906385383197937 0.023853604808574017 0.022760437613446826 0.0017427433103913267 -0.023024949632775946 0.022815295474272551 -0.00069540187976949814 -0.024762755221130816 -0.020639803585615339 0.0017662484178199136 0.00044780984180193439
leaf_weight=1423.8619520030916 39.39017587993294 33.26691054366529 21.71007979568094 12.778406130149962 16.269873408600688 11.582466142252086 13.864429927431045 28.117070379666984 13.021273853257297 14.024783831089733 297.15844757668674 20.103068828582764 11.628856180235742 120.79564326489344 30.591115277260542
leaf_count=7940 500 287 191 119 132 93 159 397 154 118 2671 202 78 1000 233
internal_value=0 -0.00109655 -0.00168359 -0.00112821 0.0121596 0.00712761 -0.00180339 -0.00964025 -0.000771796 0.00145309 0.00041978 -0.00444759 -0.00300871 -0.0017004 -0.00983521
internal_weight=0 684.303 639.453 617.743 29.0483 44.8494 588.695 67.5072 521.188 325.048 311.023 196.14 183.119 171.49 50.6942
internal_count=14274 6334 5954 5763 251 380 5512 897 4615 2948 2830 1667 1513 1435 435
is_linear=0
shrinkage=0.03


Tree=251
num_leaves=16
num_cat=0
split_feature=1 5 0 13 0 5 1 1 5 0 0 0 0 1 2
split_gain=1.32586 4.67025 3.47819 8.14333 4.65669 2.94277 2.30227 2.61251 9.76254 8.02765 11.427 5.41406 8.26248 3.59317 2.47711
threshold=0.012388500000000002 2.5000000000000004 0.22206000000000004 0.68458450000000004 0.24105600000000002 2.5000000000000004 0.040732500000000012 0.1141515 3.5000000000000004 0.31239800000000001 0.36215050000000004 0.39532050000000002 0.44613450000000004 0.092558500000000016 0.53675050000000013
decision_type=2 2 2 2 2 2 2 2 2 2 2 2 2 2 2
left_child=1 -1 3 5 -4 -2 -6 8 9 -8 -11 -12 -13 -10 -9
right_child=2 -3 4 -5 6 -7 7 14 13 10 11 12 -14 -15 -16
leaf_value=-0.020535094245782721 0.008639764976589635 0.0070103154285161909 -0.017510650728112056 -0.010077971434066165 0.011649445185653837 0.026822784107004845 0.016739960221349832 -0.00029619386748868943 -0.0094124837454149252 -0.032833898354382551 0.017551107056778394 -0.022687456367678053 0.0073802724384976195 -0.037116081499205915 0.0028457274828920368
leaf_weight=10.50196209549904 24.51838181912899 9.9486426655203086 12.786502121482043 15.616671869531272 14.11301491782069 12.186385843902825 18.036533121485263 1657.5620898837224 9.0072556370869297 10.247516315896062 11.837139562703667 13.249149464070799 18.63422317057848 8.7799570243805629 260.4390213098377
leaf_count=100 164 110 104 106 134 86 154 10810 120 104 96 117 154 89 1826
internal_value=0 -0.00743291 6.37932e-05 0.00762744 -0.000134355 0.015228 -1.58655e-05 -0.000103621 -0.00507624 -5.06e-05 -0.00586459 0.00104952 -0.00542435 -0.024335 0.000131698
internal_weight=0 20.4506 2087.01 52.3214 2034.69 36.7048 2021.91 2007.79 89.7918 72.0046 53.968 43.7205 31.8834 17.7872 1918
internal_count=14274 210 14064 356 13708 250 13604 13470 834 625 471 367 271 209 12636
is_linear=0
shrinkage=0.03


Tree=252
num_leaves=16
num_cat=0
split_feature=6 2 2 1 2 2 1 13 3 7 2 5 0 0 13
split_gain=1.31231 4.64259 8.93164 6.27216 4.65931 6.70169 5.66111 3.87124 6.49106 3.9491 2.13912 8.58959 7.30829 11.4145 5.62023
threshold=3.5000000000000004 0.69367650000000014 0.5975315000000001 0.27009400000000006 0.54357500000000003 0.45855650000000003 0.29178450000000006 0.28753550000000005 0.37500000000000006 0.41666650000000005 0.66216550000000007 1.5000000000000002 0.56858000000000009 0.52621850000000014 0.58936650000000013
decision_type=2 2 2 2 2 2 2 2 2 2 2 2 2 2 2
left_child=10 2 4 -4 5 7 -7 8 -2 -9 -1 -12 13 14 -13
right_child=1 -3 3 -5 -6 6 -8 9 -10 -11 11 12 -14 -15 -16
leaf_value=-7.7251666753035578e-05 -0.0190387179107805 -0.022582700548238483 0.0033976133574768748 0.037106452179431794 -0.022822277533675678 0.023252256287368316 -0.0092263681594612606 -0.0072607065709840461 0.023160715954638963 -0.02971024675506494 -0.0075363542878466444 -0.0076964372097922179 -0.0061990601308556624 0.032352404033889955 0.015495227263971394
leaf_weight=1885.3760999869555 4.6277373195625824 9.1028135567903501 13.902138401754202 6.935307113453745 11.322077229619024 12.471450284123422 6.8430315488949409 28.643103883601725 6.9800460087135434 8.8418127759359759 36.967927342280746 16.87809631228447 18.452277755364776 20.818458367139101 19.019035745412111
leaf_count=11797 123 187 195 63 172 193 98 458 103 120 236 142 122 126 139
internal_value=0 -0.00319292 -0.00123279 0.0158023 -0.00582556 -0.00272414 0.0118575 -0.00858316 0.00616117 -0.0131904 0.000163136 0.00416982 0.00995033 0.0152209 0.00467792
internal_weight=0 109.67 100.567 20.8374 79.7293 68.4072 19.3145 49.0927 11.6078 37.4849 1997.51 112.136 75.1679 56.7156 35.8971
internal_count=14274 1712 1525 258 1267 1095 291 804 226 578 12562 765 529 407 281
is_linear=0
shrinkage=0.03


Tree=253
num_leaves=16
num_cat=0
split_feature=1 1 0 2 13 1 5 2 0 0 0 0 13 13 13
split_gain=1.31831 6.49921 10.4584 6.77876 5.72734 6.65999 5.60348 11.1665 8.14083 11.3392 9.78799 6.63094 5.31097 24.4571 12.4059
threshold=0.41952850000000003 0.43687500000000007 0.55444850000000012 0.34791050000000007 0.025184000000000002 0.44178150000000005 1.0000000180025095e-35 0.072519000000000014 0.52731850000000013 0.51154050000000006 0.54297400000000018 0.6026585000000001 0.65806450000000016 0.71835400000000005 0.78860700000000017
decision_type=2 2 2 2 2 2 2 2 2 2 2 2 2 2 2
left_child=-1 2 -2 -4 -3 -6 7 -7 9 -8 -10 -9 -12 -14 -15
right_child=1 4 3 -5 5 6 8 11 10 -11 12 -13 13 14 -16
leaf_value=-0.00060360745596589496 -0.0022899819312686199 0.016741080665732096 0.033995692147156448 0.0081217000834203808 -0.018017957216250779 -0.025845884927204282 -0.00093204917044385327 -0.017658216047961566 -0.021585915582505891 0.031783801255351976 0.0032376727900748649 0.0031664262568023246 -0.028027008254726038 0.016415877495603585 -0.0029456572241001728
leaf_weight=1300.2515352871269 35.188912836834788 17.129535920917988 16.703580282628536 20.52427134104073 17.665346097201109 20.033695455640554 19.921174654737115 16.477466877549887 16.763382788747549 17.190940037369728 351.49344975501299 63.804380416870117 28.644122794270515 37.802204797044396 127.28142915572971
leaf_count=9529 215 103 103 127 109 104 118 89 99 106 2122 339 160 219 732
internal_value=0 0.000939406 0.00944998 0.0203166 8.82742e-05 -0.000332287 0.000139494 -0.00638655 0.00124107 0.0146588 0.000330529 -0.00127239 0.00104266 -0.00293608 0.00156005
internal_weight=0 806.624 72.4168 37.2279 734.207 717.078 699.412 100.316 599.097 37.1121 561.985 80.2818 545.221 193.728 165.084
internal_count=14274 4745 445 230 4300 4197 4088 532 3556 224 3332 428 3233 1111 951
is_linear=0
shrinkage=0.03


Tree=254
num_leaves=16
num_cat=0
split_feature=12 3 12 12 7 13 13 13 0 0 2 1 13 13 13
split_gain=1.30742 3.39109 3.0133 3.58021 2.90625 2.82506 1.727 6.96195 7.7494 8.2339 7.62655 8.21323 7.09108 5.24067 6.04573
threshold=6.9180020000000004 0.87500000000000011 5.5940500000000002 4.9685970000000008 0.41666650000000005 0.21528250000000002 0.83538150000000011 0.78860700000000017 0.54156050000000011 0.6783340000000001 0.16256900000000005 0.28795900000000002 0.81696200000000008 0.84730250000000018 0.8561740000000001
decision_type=2 2 2 2 2 2 2 2 2 2 2 2 2 2 2
left_child=2 4 3 6 -2 -6 7 -1 10 -10 -9 12 -12 -8 -15
right_child=1 -3 -4 -5 5 -7 13 8 9 -11 11 -13 -14 14 -16
leaf_value=-6.1907207330649152e-05 0.0092529525077530081 0.010721917575053445 -0.010636039247913591 0.015319691186384737 0.0059395812805701021 -0.0097888179410825452 0.014585080371406465 -0.020004792227855849 -0.02540913738421673 0.0016185257775045011 -0.015886889896613476 0.026910630512017111 0.013716179894523863 -0.016856040909854476 0.0017061730990954667
leaf_weight=1543.6808782631997 17.473431238904595 34.853090675547719 23.494353321380913 12.548998568207024 14.307895155157892 31.144379556179047 25.615034515038133 12.098740136250852 31.691907081753016 14.542730966582893 15.146110787987711 11.181340012699364 12.290918843820689 15.696836007758973 290.82644166052341
leaf_count=10631 166 175 154 70 78 169 159 75 190 79 115 76 104 101 1932
internal_value=0 0.00335714 -0.000178074 -4.90212e-05 -0.000825946 -0.00481641 -0.000154495 -0.000554073 -0.00830978 -0.0170535 -0.000163213 0.00640099 -0.00260966 0.001815 0.000703894
internal_weight=0 97.7788 2008.81 1985.32 62.9257 45.4523 1972.77 1640.63 96.9517 46.2346 50.7171 38.6184 27.437 332.138 306.523
internal_count=14274 588 13686 13532 413 247 13462 11270 639 269 370 295 219 2192 2033
is_linear=0
shrinkage=0.03


Tree=255
num_leaves=16
num_cat=0
split_feature=11 1 10 13 5 13 0 0 13 0 2 2 2 2 2
split_gain=1.29508 4.12463 2.28474 2.29403 1.73339 4.62988 1.42913 3.34928 3.70586 3.21405 3.07164 2.12312 2.8256 4.43048 2.3041
threshold=5.3344820000000004 0.43424000000000001 55.832424500000009 0.58936650000000013 2.5000000000000004 0.35177250000000004 0.16396650000000004 0.22206000000000004 0.61662650000000008 0.24105600000000002 0.11976450000000001 0.0066115000000000002 0.020496500000000004 0.026810500000000004 0.15026900000000001
decision_type=2 2 2 2 2 2 2 2 2 2 2 2 2 2 2
left_child=2 4 6 -4 5 -2 -1 8 10 -9 -8 -11 -13 -14 -15
right_child=1 -3 3 -5 -6 -7 7 9 -10 11 -12 12 13 14 -16
leaf_value=-0.0086334032387303632 -0.025442082400907087 0.009033830694130331 0.022531923928587629 -0.00054750097988473295 -0.025953914193868902 0.012632531585393798 0.025328151236301295 -0.014063108335386539 -0.0038635945455504418 0.0098138879117948465 0.0049598219390271916 -0.008357830637874512 0.014174925225065742 -0.0021377437380007908 0.0004281405235902743
leaf_weight=16.170347933657467 4.5323943691328221 9.0267788637429458 7.1322032772004587 7.3175083287060261 6.7557047051377586 5.082527682185173 12.222918814048173 13.764221934601663 14.06857567373663 18.588542584329844 14.675719604827462 35.702597741037607 18.766736514866352 395.7582830041647 1526.9632267672569
leaf_count=108 84 165 90 74 121 94 78 113 98 98 104 199 103 2299 10446
internal_value=0 -0.00661537 7.15354e-05 0.0115653 -0.0152677 -0.00602151 -1.43805e-05 5.77644e-05 0.00844569 -0.00011735 0.0147914 -1.41763e-05 -0.000111489 4.43799e-05 -0.000100838
internal_weight=0 25.3974 2081.13 14.4497 16.3706 9.61492 2066.68 2050.51 40.9672 2009.54 26.8986 1995.78 1977.19 1941.49 1922.72
internal_count=14274 464 13810 164 299 178 13646 13538 280 13258 182 13145 13047 12848 12745
is_linear=0
shrinkage=0.03


Tree=256
num_leaves=16
num_cat=0
split_feature=6 13 13 13 1 10 0 2 13 13 0 0 1 13 0
split_gain=1.28236 3.50348 5.63325 5.83735 9.78078 5.14359 4.94714 6.62675 4.44123 7.55584 8.11111 5.52892 4.34578 5.2019 8.40803
threshold=2.5000000000000004 0.93694450000000018 0.90639550000000013 0.87075050000000009 0.25595600000000002 2.3221795000000003 0.38010700000000003 0.40645000000000003 0.54668250000000007 0.52523100000000011 0.40430150000000004 0.41619900000000004 0.59949150000000018 0.64694800000000008 0.53402800000000006
decision_type=2 2 2 2 2 2 2 2 2 2 2 2 2 2 2
left_child=-1 2 3 6 -5 -3 7 -2 9 10 -8 -10 13 14 -13
right_child=1 5 -4 4 -6 -7 8 -9 11 -11 -12 12 -14 -15 -16
leaf_value=0.00050119202377390496 -0.017221723014366114 0.0007534655055191266 -0.016379805052685839 0.030253765342116053 -0.003822941369566118 0.023344052104934791 0.021910529452602894 0.001730628597847395 -0.022643015367168562 0.022097632197051499 -0.00071538753659820277 -0.024358589723407313 -0.019995286699666038 0.0017155147436218826 0.00033407466731462848
leaf_weight=1423.1143038999289 38.987607243005186 33.279196280986071 21.553314208053052 12.903215842321517 16.237858671694994 11.50655037537217 13.976544624194501 28.106823513284326 12.823194501921533 14.10379944462329 297.03153697866946 19.847709873691201 11.527148265391586 120.77769777458161 30.601721370592713
leaf_count=7940 500 287 191 119 132 93 159 397 154 118 2671 202 78 1000 233
internal_value=0 -0.00107902 -0.00165153 -0.0011113 0.0117688 0.00694063 -0.00176877 -0.00937349 -0.00077276 0.00137589 0.000368375 -0.00433333 -0.00293237 -0.00167425 -0.00966509
internal_weight=0 683.264 638.478 616.925 29.1411 44.7857 587.784 67.0944 520.689 325.112 311.008 195.577 182.754 171.227 50.4494
internal_count=14274 6334 5954 5763 251 380 5512 897 4615 2948 2830 1667 1513 1435 435
is_linear=0
shrinkage=0.03


Tree=257
num_leaves=16
num_cat=0
split_feature=1 1 2 6 13 1 5 2 0 0 0 1 13 2 13
split_gain=1.26193 6.11619 10.0169 7.00826 5.39368 6.29076 5.28923 10.5469 7.64357 10.6606 9.24515 6.33838 5.13021 9.6425 6.10118
threshold=0.41952850000000003 0.43687500000000007 0.11699500000000002 2.5000000000000004 0.025184000000000002 0.44178150000000005 1.0000000180025095e-35 0.072519000000000014 0.52731850000000013 0.51154050000000006 0.54297400000000018 0.49763200000000007 0.12237650000000001 0.18774500000000002 0.22897150000000002
decision_type=2 2 2 2 2 2 2 2 2 2 2 2 2 2 2
left_child=12 2 -2 -4 -3 -6 7 -7 9 -8 -10 -9 13 -1 -14
right_child=1 4 3 -5 5 6 8 11 10 -11 -12 -13 14 -15 -16
leaf_value=-0.021788426839388954 -0.01267474498882043 0.016256811151309485 0.021474212932366132 -0.00095433394983035838 -0.017541975231600886 -0.025131540512905993 -0.00093168596299868277 -0.015364813808898793 -0.021026223880239683 0.030771407984015779 0.0010209079030525307 0.0036892009719723361 0.0060255134745153356 -0.0020174122965814704 -0.00073398368390554527
leaf_weight=27.015654407441616 14.313676010817288 17.123545235022902 40.260534793138504 17.893968960270286 17.582877883687615 19.995527096092701 19.899964980781078 20.164925377815962 16.672261528670788 17.246667437255383 544.99947643093765 60.055570986121893 135.04946866515093 108.19772718893364 1029.2223125929013
leaf_count=186 82 103 217 146 109 104 118 107 99 106 3233 321 1030 912 7401
internal_value=0 0.000920207 0.00917281 0.0146735 9.37604e-05 -0.000314571 0.000143191 -0.00620059 0.00121343 0.0142084 0.000330271 -0.00123059 -0.000589866 -0.00609862 5.45809e-05
internal_weight=0 806.209 72.4682 58.1545 733.741 716.617 699.034 100.216 598.818 37.1466 561.672 80.2205 1299.49 135.213 1164.27
internal_count=14274 4745 445 363 4300 4197 4088 532 3556 224 3332 428 9529 1098 8431
is_linear=0
shrinkage=0.03


Tree=258
num_leaves=16
num_cat=0
split_feature=3 1 0 1 1 6 4 0 0 5 4 1 0 0 13
split_gain=1.29228 3.93213 9.84903 4.22358 4.79807 3.38185 3.3772 4.15127 3.10081 5.64062 3.74991 3.77852 4.34003 9.54179 7.79788
threshold=0.37500000000000006 0.69749300000000014 0.71770300000000009 0.11690300000000002 0.21293600000000004 3.5000000000000004 0.67708350000000006 0.39208300000000007 0.42468050000000007 2.5000000000000004 0.85416650000000016 0.27395300000000006 0.57516300000000009 0.52621850000000014 0.34131050000000002
decision_type=2 2 2 2 2 2 2 2 2 2 2 2 2 2 2
left_child=1 2 3 -1 6 8 7 -5 9 -6 11 -10 13 14 -13
right_child=-2 -3 -4 4 5 -7 -8 -9 10 -11 -12 12 -14 -15 -16
leaf_value=-0.018382912545056702 0.00024975559764308638 0.016078471682038603 -0.030992845338439764 -0.012765737754610365 -0.028307437764935092 -0.018838852478494841 0.021309649227776544 0.011217201394268456 0.014188961748667253 0.0031830048745395923 -0.013181795392310304 0.013270263328368399 0.0059157221770193046 -0.023273579376216488 -0.017195909057396371
leaf_weight=11.585634458810089 1873.8996725212783 9.238367395475505 9.730369830504058 9.2285568779334444 9.1439057458192128 9.9463803172111493 12.225857126526533 16.882532220333815 18.110713569447398 9.9699309412389976 15.7787316031754 22.051660023629665 49.137275360524654 18.157267155125737 10.277837090194224
leaf_count=228 12064 60 86 115 91 225 141 132 125 108 127 167 378 144 83
internal_value=0 -0.00212163 -0.00294688 -0.00152348 -0.000465039 -0.00272508 0.00894465 0.00258259 -0.00155919 -0.0125402 9.4387e-05 0.00196969 -0.000370598 -0.00648495 0.00335945
internal_weight=0 231.465 222.227 212.496 200.911 162.574 38.3369 26.1111 152.627 19.1138 133.513 117.735 99.624 50.4868 32.3295
internal_count=14274 2210 2150 2064 1836 1448 388 247 1223 199 1024 897 772 394 250
is_linear=0
shrinkage=0.03


Tree=259
num_leaves=16
num_cat=0
split_feature=14 3 13 1 0 13 1 2 2 13 0 2 13 13 1
split_gain=1.25039 6.71985 8.75204 6.60389 4.81429 6.20082 4.54312 3.76409 6.54851 5.19064 4.05342 3.71468 3.67689 12.8096 6.64781
threshold=0.87500000000000011 0.87500000000000011 0.54668250000000007 0.45387450000000001 0.43050450000000007 0.78860700000000017 0.29947400000000007 0.39948850000000008 0.22578600000000001 0.71835400000000005 0.48448250000000004 0.28861350000000002 0.25652200000000008 0.20811650000000004 0.31933300000000003
decision_type=2 2 2 2 2 2 2 2 2 2 2 2 2 2 2
left_child=1 2 12 4 11 6 -6 8 9 -3 -9 -4 13 14 -1
right_child=-2 7 3 -5 5 -7 -8 10 -10 -11 -12 -13 -14 -15 -16
leaf_value=0.011338109063440027 0.00028122507010283518 -0.002694045308381523 -0.0060140072737582487 -0.032899865649617804 0.016184933586444867 -0.019652833564109233 -0.0071497463898369615 0.024365573541101217 -0.011830623728713506 0.021175404939901849 0.004085387995831702 -0.034974912626249265 0.0044951961020108025 -0.033392810697836339 -0.0096979477645544616
leaf_weight=26.3011751298327 1812.4501841831952 16.887871664017442 7.7729609943926361 11.981881598010657 14.143597494810821 12.907353123649953 14.050982595421372 13.836400462314485 23.65320672467351 14.581271249800919 23.324482610449195 8.4221320096403343 67.818055068142712 11.030094688758252 25.793326505459845
leaf_count=287 11803 98 72 100 122 118 109 120 154 94 174 110 601 103 209
internal_value=0 -0.0018294 -0.0049095 -0.0134497 -0.00888777 -0.00322625 0.00470935 0.00483429 -0.000176647 0.00867744 0.0120771 -0.022233 -0.000323357 -0.00548955 0.000936131
internal_weight=0 292.505 200.222 69.2789 57.297 41.1019 28.1946 92.2832 55.1223 31.4691 37.1609 16.1951 130.943 63.1246 52.0945
internal_count=14274 2471 1831 631 531 349 231 640 346 192 294 182 1200 599 496
is_linear=0
shrinkage=0.03


Tree=260
num_leaves=16
num_cat=0
split_feature=1 5 0 13 0 5 2 1 0 0 13 10 2 13 4
split_gain=1.24999 4.42078 3.25948 7.49019 4.21122 2.79421 2.17723 2.15734 2.63367 7.84734 5.9713 5.40404 5.16874 4.65438 4.58244
threshold=0.012388500000000002 2.5000000000000004 0.22206000000000004 0.68458450000000004 0.24105600000000002 2.5000000000000004 0.0066115000000000002 0.040732500000000012 0.35462050000000006 0.33214400000000005 0.91027200000000008 2.3700145000000004 0.21265400000000004 0.70866600000000013 0.89583350000000006
decision_type=2 2 2 2 2 2 2 2 2 2 2 2 2 2 2
left_child=1 -1 3 5 -4 -2 -6 -8 9 10 13 12 -11 -9 -14
right_child=2 -3 4 -5 6 -7 7 8 -10 11 -12 -13 14 -15 -16
leaf_value=-0.020092078210024317 0.0082413712570714222 0.0067679096912356051 -0.016751324663570055 -0.0096594060363080388 0.0098858905251264957 0.025925050620938556 0.01115899125470406 0.001557859496726899 0.00013235407065789016 -0.021101104368685678 0.020195413127479453 -0.029183107967981188 0.016677052093667679 -0.013204283145158735 -0.0091806824266268301
leaf_weight=10.38078192388639 24.538595899939537 9.9635704499669355 12.629775172797961 15.530779463239012 18.775604389607906 12.219326894730328 14.154076093807815 84.548398718703538 1815.8207497247495 13.888650074601172 11.392608186230062 13.435097986832259 9.4250612552277744 23.81713202316314 14.123448206111789
leaf_count=100 164 110 104 106 103 86 134 715 11980 103 79 86 95 179 130
internal_value=0 -0.00723672 6.02788e-05 0.00738444 -0.00013173 0.0146508 -1.95464e-05 -0.000117401 -0.000203323 -0.0037555 0.000462526 -0.0135026 -0.00726254 -0.00177771 0.00142639
internal_weight=0 20.3444 2084.3 52.2887 2032.01 36.7579 2019.38 2000.61 1986.45 170.63 119.758 50.8723 37.4372 108.366 23.5485
internal_count=14274 210 14064 356 13708 250 13604 13501 13367 1387 973 414 328 894 225
is_linear=0
shrinkage=0.03


Tree=261
num_leaves=16
num_cat=0
split_feature=10 13 10 13 5 10 10 10 0 10 13 10 10 2 1
split_gain=1.24868 3.04228 4.4792 6.45835 3.11131 2.94404 3.28766 5.74672 9.29128 4.97385 2.32901 2.17768 2.51147 4.52705 2.15308
threshold=51.160083500000006 0.55650800000000011 52.582114000000004 0.73882100000000006 2.5000000000000004 50.186343500000007 49.209645000000009 48.307167500000013 0.52431450000000013 19.677713000000004 0.58936650000000013 14.041948500000002 9.6614895000000018 0.26338350000000005 0.012388500000000002
decision_type=2 2 2 2 2 2 2 2 2 2 2 2 2 2 2
left_child=5 4 -3 -4 -2 6 7 9 -9 11 -8 12 14 -14 -1
right_child=1 2 3 -5 -6 -7 10 8 -10 -11 -12 -13 13 -15 -16
leaf_value=-0.010129800102725373 0.0042769883149148206 0.016510192676296435 -0.028314516768902953 0.0046224907303945763 0.026622411884319234 -0.012276100874492579 0.018209660229807446 -0.027229332779950089 0.0032027839187874349 0.012032042011053812 0.0005208257334922957 -0.0099017751593038997 0.023585964019705273 -0.0011750490674815126 -6.301830715134052e-05
leaf_weight=18.318044024985284 17.345847554504875 7.2569795753806856 8.3199904859066027 12.054410396143792 7.6538348235189906 16.809292042627931 14.071527149528267 17.063281856477261 17.678084749728441 29.696269741281867 12.168175868690012 19.347679639235139 10.255946466699244 16.005788642913103 1880.4909312974196
leaf_count=190 249 82 91 156 112 150 115 120 124 217 95 155 110 138 12170
internal_value=0 0.00450538 -0.00234787 -0.00952294 0.011879 -0.000131642 -2.53522e-05 -0.000165646 -0.0120877 5.01764e-05 0.010327 -0.000138908 -3.56979e-05 0.00900529 -0.000165415
internal_weight=0 52.6311 27.6314 20.3744 24.9997 2051.91 2035.1 2008.86 34.7414 1974.11 26.2397 1944.42 1925.07 26.2617 1898.81
internal_count=14274 690 329 247 361 13584 13434 13224 244 12980 210 12763 12608 248 12360
is_linear=0
shrinkage=0.03


Tree=262
num_leaves=16
num_cat=0
split_feature=11 0 10 2 0 0 0 13 0 2 2 2 13 2 13
split_gain=1.2689 3.93383 2.17079 2.27346 1.46267 1.34756 3.09021 3.41088 2.8478 1.94439 2.63978 4.22353 2.28832 2.19235 2.34803
threshold=5.3344820000000004 0.55100950000000004 55.832424500000009 0.28861350000000002 0.39761850000000004 0.16396650000000004 0.22206000000000004 0.41001850000000001 0.24105600000000002 0.0066115000000000002 0.020496500000000004 0.026810500000000004 0.50558250000000016 0.036242000000000003 0.86725850000000004
decision_type=2 2 2 2 2 2 2 2 2 2 2 2 2 2 2
left_child=2 4 5 -4 -2 -1 7 -7 -8 -10 12 -12 -11 -13 -15
right_child=1 -3 3 -5 -6 6 8 -9 9 10 11 13 -14 14 -16
leaf_value=-0.0083991091195844726 -0.0027413760669622689 0.0065674155355768416 0.022659222090600627 -0.00042070087335958185 -0.023050986200681717 0.017860687824654772 -0.013309376975354002 0.00058104474473122446 0.0093937533373966136 -0.015222234236895791 0.013847246715988722 -0.0084165810381770199 -0.00020259567685075182 -0.00039780319062496369 0.0026655182163525652
leaf_weight=16.103529134765267 5.0784955932758775 11.062351455911992 6.8065690938383323 7.4915270265191793 9.206140192691235 17.257515016011894 13.60764899663627 23.692744357511401 18.574516374617815 18.222172699868679 18.743765458464622 27.104942623525858 17.439302884042263 1633.6828506523743 260.17616375628859
leaf_count=108 98 204 81 83 162 120 113 160 98 100 103 154 99 10917 1674
internal_value=0 -0.00655508 7.01762e-05 0.0113294 -0.0164822 -1.32449e-05 5.67434e-05 0.00811531 -0.000111595 -1.49001e-05 -0.000108079 4.26324e-05 -0.00808315 -9.92005e-05 2.4217e-05
internal_weight=0 25.347 2078.9 14.2981 14.2846 2064.61 2048.5 40.9503 2007.55 1993.94 1975.37 1939.71 35.6615 1920.96 1893.86
internal_count=14274 464 13810 164 260 13646 13538 280 13258 13145 13047 12848 199 12745 12591
is_linear=0
shrinkage=0.03


Tree=263
num_leaves=16
num_cat=0
split_feature=12 2 12 12 11 11 5 4 1 2 1 0 2 0 2
split_gain=1.24067 3.3318 2.83183 3.38731 2.76746 2.23217 3.72424 1.72692 1.53627 11.1031 5.283 7.53845 4.42085 2.82299 5.5377
threshold=6.9180020000000004 0.08423700000000002 5.5940500000000002 4.9685970000000008 0.10330250000000001 0.054500000000000007 2.5000000000000004 0.35416650000000005 0.69749300000000014 0.111363 0.73166750000000003 0.82190000000000007 0.17813500000000002 0.75720300000000007 0.29126250000000004
decision_type=2 2 2 2 2 2 2 2 2 2 2 2 2 2 2
left_child=2 -2 3 7 5 6 -3 -1 13 10 -10 -12 -11 -9 -15
right_child=1 4 -4 -5 -6 -7 -8 8 9 12 11 -13 -14 14 -16
leaf_value=-0.011125473604801225 0.017024378458011896 -0.0051040894510355865 -0.010330289255269265 0.014887699739799637 0.0094733771645356974 -0.0093989817040148749 0.013840175395177167 -8.8459545526878338e-05 0.023779235022836184 -0.019197852508389675 -0.0060245182580210398 0.018637984174383487 0.0015767544875937981 0.0036773235345594359 -0.017164970479338276
leaf_weight=11.822225959040223 12.66288843564689 23.484706895425916 23.406943040899932 12.571328910067676 23.98000535229221 23.541805311106145 14.132912296801804 1815.370599583257 19.288518000394106 18.886329207569361 24.159059727564454 19.172309633344412 16.923651676625013 20.681484524160624 23.968835493549705
leaf_count=92 62 136 154 70 160 138 92 12584 106 99 121 115 93 114 138
internal_value=0 0.00326965 -0.00017384 -4.87994e-05 0.00105001 -0.00235198 0.00218734 -0.000151606 -7.97178e-05 0.00355358 0.0111104 0.00506188 -0.00960374 -0.000273793 -0.00764199
internal_weight=0 97.8023 2006.25 1982.84 85.1394 61.1594 37.6176 1970.27 1958.45 98.4299 62.6199 43.3314 35.81 1860.02 44.6503
internal_count=14274 588 13686 13532 526 366 228 13462 13370 534 342 236 192 12836 252
is_linear=0
shrinkage=0.03


Tree=264
num_leaves=16
num_cat=0
split_feature=3 13 0 0 13 4 13 13 6 2 0 13 0 13 1
split_gain=1.219 3.76336 4.75849 4.8538 3.55726 10.0533 8.13937 6.86612 6.48452 5.76801 5.28596 10.6984 13.064 5.53 4.00418
threshold=0.37500000000000006 0.033667000000000009 0.34688750000000007 0.71770300000000009 0.28753550000000005 0.60416650000000016 0.24331000000000005 0.35177250000000004 2.5000000000000004 0.22578600000000001 0.51427950000000011 0.17994900000000003 0.48448250000000004 0.090452500000000005 0.20424150000000005
decision_type=2 2 2 2 2 2 2 2 2 2 2 2 2 2 2
left_child=1 -1 -3 4 6 7 10 -6 9 -7 11 12 -4 -12 -10
right_child=-2 2 3 -5 5 8 -8 -9 14 -11 13 -13 -14 -15 -16
leaf_value=0.010301486511590957 0.00024228675637720607 -0.01976299757357295 -0.021025821332678756 -0.017544778455406647 0.034465193533448527 -0.011305166292956631 -0.026583748891823956 0.0061488480580314591 0.0045774802730546666 0.013714014303184384 0.0055217833471169374 0.028913564171762857 0.023169358743024528 -0.015628309138473989 -0.023761696230203182
leaf_weight=19.277814871631563 1872.9891089349985 13.610687278443946 14.989947516471149 15.580213779583572 11.290167348459361 12.547481290996073 12.102169048041103 22.195951959118247 5.6883888887241509 20.564125012606382 17.120565997436643 12.327085884287952 8.6800482962280494 28.731172547675669 16.155054909642786
leaf_count=172 12064 241 174 127 88 85 111 174 86 124 139 107 71 273 238
internal_value=0 -0.00206361 -0.00323338 -0.00200335 -0.000587344 0.00370935 -0.00462852 0.0164185 -0.00418985 0.00417964 -0.00110053 0.0073901 -0.00453674 -0.00778178 -0.0165044
internal_weight=0 230.861 211.583 197.972 182.392 88.4412 93.951 33.4861 54.9551 33.1116 81.8488 35.9971 23.67 45.8517 21.8434
internal_count=14274 2210 2038 1797 1670 795 875 262 533 209 764 352 245 412 324
is_linear=0
shrinkage=0.03


Tree=265
num_leaves=16
num_cat=0
split_feature=11 1 10 2 5 13 13 13 0 1 13 0 0 0 13
split_gain=1.20456 3.72572 2.07585 2.20486 1.64485 4.36909 1.27952 5.0408 13.7564 7.34895 5.80293 4.66437 16.2537 10.5583 5.18458
threshold=5.3344820000000004 0.43424000000000001 55.832424500000009 0.28861350000000002 2.5000000000000004 0.35177250000000004 0.40556650000000005 0.52523100000000011 0.42468050000000007 0.26139750000000006 0.5365080000000001 0.68054500000000007 0.66796850000000008 0.75720300000000007 0.84730250000000018
decision_type=2 2 2 2 2 2 2 2 2 2 2 2 2 2 2
left_child=2 4 6 -4 5 -2 -1 8 9 -8 -9 12 -12 14 -13
right_child=1 -3 3 -5 -6 -7 7 10 -10 -11 11 13 -14 -15 -16
leaf_value=0.00092779549231799565 -0.024292572538919532 0.0086082756541549649 0.022399279542572967 -0.00040929170993172603 -0.024931203097717191 0.012572898828807319 0.0017315117684222265 0.01416571855596831 -0.0086730922025569767 0.025811347777195848 -0.00025520974091076232 0.016908659223466439 -0.026639544899178344 -0.0041128696807230638 0.0011018610194770189
leaf_weight=798.22592513100244 4.6064326977357322 8.9304172499105317 6.6951485723257047 7.4937819000333548 6.7807412166148415 5.0698272590525448 44.830515085719526 25.492138939909637 178.70230201631784 14.375178702175615 830.40540292626247 56.58574359305203 20.559847105294466 66.685234340839088 27.855794448405504
leaf_count=5487 84 165 81 83 121 94 334 163 1140 95 5484 320 118 350 155
internal_value=0 -0.00638103 6.9223e-05 0.0111192 -0.0145422 -0.00560864 -1.2099e-05 -0.000605214 -0.00453047 0.00790972 0.000307087 -5.92319e-05 -0.000923192 0.00477965 0.0117682
internal_weight=0 25.3874 2077.91 14.1889 16.457 9.67626 2063.72 1265.49 237.908 59.2057 1027.58 1002.09 850.965 151.127 84.4415
internal_count=14274 464 13810 164 299 178 13646 8159 1569 429 6590 6427 5602 825 475
is_linear=0
shrinkage=0.03


Tree=266
num_leaves=16
num_cat=0
split_feature=13 13 1 2 13 2 6 1 11 0 13 1 13 1 13
split_gain=1.19326 1.99102 7.74945 10.0774 5.05389 4.78126 2.55642 5.47918 5.38452 4.54783 4.07665 7.48733 7.00005 10.1026 9.54915
threshold=0.98640400000000017 0.95102850000000017 0.49248100000000006 0.31181400000000009 0.94102200000000014 0.46055850000000004 2.5000000000000004 0.092558500000000016 5.0980835000000004 0.79622000000000015 0.8313155000000001 0.29512900000000003 0.78860700000000017 0.46648950000000006 0.81279400000000013
decision_type=2 2 2 2 2 2 2 2 2 2 2 2 2 2 2
left_child=1 4 3 -3 6 -5 10 -8 9 -9 12 -12 -1 14 -14
right_child=-2 2 -4 5 -6 -7 7 8 -10 -11 11 -13 13 -15 -16
leaf_value=0.00072350521471704844 -0.0065380219801945416 -0.016444858932641467 0.018970983184737857 0.019675770225165944 -0.015780502598448275 -0.0017239213053387747 -0.012738661884333785 -0.00012558612694731631 -0.023092865717462625 -0.019544944032317643 -0.0040056892547713999 0.00981353915517791 -0.011629281173812562 -0.023247443144280018 0.017760899130301877
leaf_weight=1116.3648919388652 23.91097404062748 22.79676553606987 23.058255083858967 16.989128606393933 17.3811105620116 19.364076092839241 36.026894808281213 584.90145917469636 8.6370874764397723 10.059173885732887 51.936949852854013 106.13956841081381 23.151013974100351 26.437543075531721 15.920952700078486
leaf_count=6266 157 139 134 117 109 141 548 5202 162 66 301 574 127 138 93
internal_value=0 6.7067e-05 0.00461395 -0.00120516 -0.000122329 0.00853592 2.30515e-05 -0.00153593 -0.000847307 -0.00048616 0.00076782 0.00527651 0.000160828 -0.00929462 0.000490927
internal_weight=0 2079.16 82.2082 59.15 1996.96 36.3532 1979.58 639.625 603.598 594.961 1339.95 158.077 1181.87 65.5095 39.072
internal_count=14274 14117 531 397 13586 258 13477 5978 5430 5268 7499 875 6624 358 220
is_linear=0
shrinkage=0.03


Tree=267
num_leaves=16
num_cat=0
split_feature=7 11 11 1 11 5 11 10 3 0 2 5 1 2 10
split_gain=1.21058 4.107 3.79528 6.80587 5.52736 4.51233 4.13238 3.47954 3.47127 4.78162 3.7166 2.58564 4.56883 4.41518 2.65547
threshold=0.58333350000000006 1.2767425000000003 0.093188000000000007 0.65826350000000011 0.52466950000000012 1.0000000180025095e-35 5.3344820000000004 0.93122450000000012 0.87500000000000011 0.62340150000000005 0.38693100000000008 1.0000000180025095e-35 0.47422750000000008 0.096576000000000009 3.5085650000000004
decision_type=2 2 2 2 2 2 2 2 2 2 2 2 2 2 2
left_child=1 -1 11 4 -4 -6 7 -7 9 10 -3 12 -2 -13 -15
right_child=2 8 3 -5 5 6 -8 -9 -10 -11 -12 13 -14 14 -16
leaf_value=-7.6329961911112443e-05 0.015905247612474138 -0.017979719998762161 0.022981747062087374 -0.019993348238268146 0.025945995156975696 -0.0089193734472800181 -0.010247445392110463 0.0093080593620018439 -0.018102218600636797 0.017452091843255083 0.005560338349240572 0.0083700750847492556 -0.0069996794296886327 -0.010075946329459335 -0.0015243040614171561
leaf_weight=1711.1977726526093 19.48782463371754 14.249685555696493 17.660723634064198 7.4123254697769871 7.3143800757825366 10.597097579389809 16.617784458678216 52.731654483824968 19.892607538029552 7.3809002125635734 9.3643716787919384 30.810820262879133 11.950766179710625 43.852627795189619 122.17098297737539
leaf_count=10556 138 148 200 127 145 76 300 835 167 59 138 213 80 279 813
internal_value=0 -0.000328507 0.00162274 0.00611072 0.00812622 0.00489329 0.00267042 0.00616674 -0.00864357 -0.00219695 -0.00879805 -0.000602823 0.00725102 -0.00188756 -0.00382989
internal_weight=0 1762.09 340.607 112.334 104.922 87.2609 79.9465 63.3288 50.8876 30.995 23.6141 228.273 31.4386 196.834 166.024
internal_count=14274 11068 3206 1683 1556 1356 1211 911 512 345 286 1523 218 1305 1092
is_linear=0
shrinkage=0.03


Tree=268
num_leaves=16
num_cat=0
split_feature=1 1 0 13 13 1 5 2 0 0 0 13 13 13 2
split_gain=1.18538 5.79865 9.64852 6.55792 5.00307 5.9757 5.07642 9.96492 7.08612 9.96039 8.67057 6.50172 23.7211 11.3383 12.0077
threshold=0.41952850000000003 0.43687500000000007 0.55444850000000012 0.50915250000000012 0.025184000000000002 0.44178150000000005 1.0000000180025095e-35 0.072519000000000014 0.52731850000000013 0.51154050000000006 0.54928850000000018 0.65806450000000016 0.71835400000000005 0.78860700000000017 0.27364950000000005
decision_type=2 2 2 2 2 2 2 2 2 2 2 2 2 2 2
left_child=-1 2 -2 -4 -3 -6 7 -7 9 -8 -10 -12 -13 -14 -15
right_child=1 4 3 -5 5 6 8 -9 10 -11 11 12 13 14 -16
leaf_value=-0.00057198573913268432 -0.0023603708273694595 0.015669675977535262 0.0057603313378583347 0.031044534337122818 -0.017142225182116954 -0.024498591433926079 -0.00096945864429853475 -0.0012451718589862925 -0.016781033593287788 0.029663448306799556 0.0035968615618675931 -0.028239653698863661 0.015585701654993145 0.0021722946357357392 -0.019139614446760742
leaf_weight=1297.8494361371268 35.110813735052943 17.086483167484403 17.916456528007984 19.349747281521559 17.485164696350694 19.958591040223837 19.855604553595185 80.080689370632172 24.430014543235302 17.302515957504511 345.44955527409911 28.092769859358668 36.785150472074747 94.967367742210627 30.675499679520726
leaf_count=9529 215 103 111 119 109 104 118 428 147 106 2090 157 214 539 185
internal_value=0 0.000892851 0.00893302 0.0193569 8.69571e-05 -0.000306745 0.000139167 -0.00608096 0.00118892 0.0136982 0.000336551 0.00114658 -0.00329181 0.00116945 -0.00314102
internal_weight=0 804.546 72.377 37.2662 732.169 715.083 697.598 100.039 597.558 37.1581 560.4 535.97 190.521 162.428 125.643
internal_count=14274 4745 445 230 4300 4197 4088 532 3556 224 3332 3185 1095 938 724
is_linear=0
shrinkage=0.03


Tree=269
num_leaves=16
num_cat=0
split_feature=3 1 0 1 1 4 0 6 0 5 4 1 0 0 1
split_gain=1.21159 3.76178 9.30792 3.95004 4.44409 3.14845 3.90626 3.09945 2.83781 5.48243 3.43074 3.60443 4.17332 8.85971 6.81572
threshold=0.37500000000000006 0.69749300000000014 0.71770300000000009 0.11690300000000002 0.21293600000000004 0.67708350000000006 0.39208300000000007 3.5000000000000004 0.42468050000000007 2.5000000000000004 0.85416650000000016 0.27395300000000006 0.57516300000000009 0.52621850000000014 0.43687500000000007
decision_type=2 2 2 2 2 2 2 2 2 2 2 2 2 2 2
left_child=1 2 3 -1 5 6 -5 8 9 -6 11 -10 13 -13 -14
right_child=-2 -3 -4 4 7 -7 -8 -9 10 -11 -12 12 14 -15 -16
leaf_value=-0.017908224341526034 0.00024189883348939731 0.015757432437100909 -0.030387796251024519 -0.01258968467135497 -0.02790754165403184 0.020450277339170188 0.010739693392646828 -0.018245897003572455 0.01372141668550093 0.0033418106136108975 -0.012753684100149256 0.0029541038288747896 0.021647536012140114 -0.022813142555631803 -0.0019265906745278354
leaf_weight=11.421339769847689 1871.709841019474 9.2190966401249153 9.5405820263549668 9.120305063202979 8.9277849625796097 12.323655496351419 16.936066221445799 9.730400226544587 18.187469584867358 9.9032588554546219 15.577576547861097 32.380367830395699 15.269309727475045 17.910560710355639 33.883225131779909
leaf_count=228 12064 60 86 115 91 141 132 225 125 108 127 250 123 144 255
internal_value=0 -0.00205941 -0.00286986 -0.00149186 -0.000470702 0.00857513 0.00241039 -0.00265633 -0.00154591 -0.0121337 3.00921e-05 0.00181625 -0.000476044 -0.00648848 0.00568236
internal_weight=0 230.331 221.112 211.571 200.15 38.38 26.0564 161.77 152.04 18.831 133.209 117.631 99.4435 50.2909 49.1525
internal_count=14274 2210 2150 2064 1836 388 247 1448 1223 199 1024 897 772 394 378
is_linear=0
shrinkage=0.03


Tree=270
num_leaves=16
num_cat=0
split_feature=14 3 13 1 0 13 13 2 2 0 1 13 13 13 1
split_gain=1.16678 6.33347 8.25304 6.34718 4.56708 5.90657 4.47581 3.6251 3.59347 6.39257 6.43514 3.98893 3.50604 12.2441 6.31042
threshold=0.87500000000000011 0.87500000000000011 0.54668250000000007 0.45387450000000001 0.43050450000000007 0.78860700000000017 0.66069000000000011 0.28861350000000002 0.39948850000000008 0.50091800000000009 0.52876800000000013 0.57847650000000017 0.25652200000000008 0.20811650000000004 0.31933300000000003
decision_type=2 2 2 2 2 2 2 2 2 2 2 2 2 2 2
left_child=1 2 12 4 7 6 -6 -4 9 -3 -11 -10 13 14 -1
right_child=-2 8 3 -5 5 -7 -8 -9 11 10 -12 -13 -14 -15 -16
leaf_value=0.011004081390939372 0.00027227546717638497 -0.013198006147310518 -0.0057217437676135947 -0.032298086382561639 -0.0072189932468008349 -0.019245490071595515 0.015929371903573551 -0.034437650536040247 0.025544885825923042 0.022669383436551518 -0.0030662347680383904 0.0047189643379450218 0.0043868759134794415 -0.032814752199626852 -0.0095064483208627919
leaf_weight=26.3452206349466 1809.9383495412767 20.316998405382037 7.7324023507535484 11.813178168609737 13.999981271103026 12.795024517923592 14.22395848110318 8.2701218123547715 11.706904592923818 13.846032366156576 20.781783189624548 25.4993199352175 67.795803767628968 10.907470438629387 25.672288438305259
leaf_count=287 11803 150 72 100 116 118 115 110 83 84 112 211 601 103 209
internal_value=0 -0.00176915 -0.0047663 -0.0130926 -0.00862567 -0.00312403 0.00459292 -0.0217148 0.00470275 -0.000206981 0.00757168 0.0117689 -0.000315757 -0.00537177 0.000893107
internal_weight=0 291.706 199.555 68.8347 57.0215 41.019 28.2239 16.0025 92.151 54.9448 34.6278 37.2062 130.721 62.925 52.0175
internal_count=14274 2471 1831 631 531 349 231 182 640 346 196 294 1200 599 496
is_linear=0
shrinkage=0.03


Tree=271
num_leaves=16
num_cat=0
split_feature=13 13 0 2 1 0 1 1 0 5 5 1 1 1 1
split_gain=1.18219 6.07221 5.805 9.44648 12.9295 7.43848 6.89576 4.68661 4.78655 9.52687 5.87333 9.15866 14.0414 6.36725 5.77167
threshold=0.83538150000000011 0.78860700000000017 0.54156050000000011 0.13117100000000001 0.30579500000000009 0.6783340000000001 0.19921700000000001 0.70523050000000009 0.57880200000000015 1.5000000000000002 1.5000000000000002 0.21786650000000005 0.33157150000000007 0.42590450000000007 0.13017600000000004
decision_type=2 2 2 2 2 2 2 2 2 2 2 2 2 2 2
left_child=1 -1 3 -3 6 -4 -5 8 10 -10 11 -2 -13 14 -12
right_child=7 2 5 4 -6 -7 -8 -9 9 -11 13 12 -14 -15 -16
leaf_value=0.00010734314638528044 -0.01925315091713143 -0.024579181855809179 -0.022681654191818498 0.0067151638675013083 0.030878177587773163 0.0024362160483497107 -0.021502130859621917 0.017226995320360816 0.008846461166751354 -0.0093887975947970492 0.017368951177322789 0.020380976488544169 -0.014668676128001795 0.022157659357608835 0.0013179989179568263
leaf_weight=1644.1286230306141 22.350347086787224 10.627126336097716 32.913763463497162 18.645986910909418 12.05086658708751 15.180905058979986 11.993922069668768 15.399007169529794 35.870337633416057 85.283208223059773 23.527624452486634 21.400774415582418 18.074408255517483 19.445037547498941 114.42954785283655
leaf_count=11275 145 63 199 154 81 83 90 86 199 524 196 128 102 122 827
internal_value=0 -0.000334075 -0.00742164 -0.000557261 0.00584828 -0.0148652 -0.00466092 0.00156101 0.000803885 -0.0039616 0.0034435 -0.00434241 0.00436696 0.00650982 0.00416067
internal_weight=0 1745.54 101.413 53.3179 42.6908 48.0947 30.6399 355.78 340.381 121.154 219.228 61.8255 39.4752 157.402 137.957
internal_count=14274 11945 670 388 325 282 244 2329 2243 723 1520 375 230 1145 1023
is_linear=0
shrinkage=0.03


Tree=272
num_leaves=16
num_cat=0
split_feature=1 1 2 6 13 2 2 2 13 13 0 0 13 5 13
split_gain=1.16877 5.36936 9.19628 6.50053 4.96903 9.06629 6.21459 9.63656 5.61365 7.65852 9.44408 11.7605 9.17845 6.79857 12.312
threshold=0.41952850000000003 0.43687500000000007 0.11699500000000002 2.5000000000000004 0.12237650000000001 0.18774500000000002 0.35265500000000005 0.51123000000000018 0.22897150000000002 0.22276550000000003 0.50857850000000016 0.47155150000000007 0.15252450000000004 1.5000000000000002 0.18580500000000003
decision_type=2 2 2 2 2 2 2 2 2 2 2 2 2 2 2
left_child=4 2 -2 -4 5 -1 -7 -8 9 10 11 13 -12 -6 -15
right_child=1 -3 3 -5 8 6 7 -9 -10 -11 12 -13 -14 14 -16
leaf_value=-0.02128665446002187 -0.012356989815014681 0.00010953688100315405 0.020431135144033885 -0.0011550612207336056 0.011574011513734127 0.0079241142626058133 -0.017280193729698811 0.0045037781057488645 -0.00069203605352496521 0.02821001848910426 0.011559467552813981 0.029063291279920661 -0.01926107341323342 -0.023060562946974599 0.013861592231397353
leaf_weight=26.782378764823079 14.25444878451526 731.27455892879516 40.272019948810339 17.897537775337696 36.119437949964777 36.335196567699313 38.102702995762229 33.690183367114514 1027.3603972340934 11.479831951670347 12.30917266383767 19.08500715252012 24.794807679951191 17.831131532322619 13.418022201396523
leaf_count=186 82 4300 217 146 233 295 322 295 7401 78 90 133 200 179 117
internal_value=0 0.000886193 0.0086199 0.0138822 -0.000568931 -0.00599668 -0.00204912 -0.00713621 6.56375e-05 0.00579271 0.00350014 0.00890709 -0.00900139 0.00285542 -0.0072684
internal_weight=0 803.699 72.424 58.1696 1297.31 134.91 108.128 71.7929 1162.4 135.037 123.558 86.4536 37.104 67.3686 31.2492
internal_count=14274 4745 445 363 9529 1098 912 617 8431 1030 952 662 290 529 296
is_linear=0
shrinkage=0.03


Tree=273
num_leaves=16
num_cat=0
split_feature=4 2 2 4 0 5 4 1 13 10 4 0 0 3 5
split_gain=1.15425 1.39654 12.6331 7.2396 7.01934 6.58456 6.4838 12.2617 5.91131 4.87852 8.46375 4.57924 6.08244 5.10248 8.84167
threshold=0.35416650000000005 0.53675050000000013 0.48609650000000004 0.53125000000000011 0.6736025000000001 3.5000000000000004 0.82291650000000016 0.24773900000000001 0.29099350000000007 2.8564175000000005 0.64583350000000006 0.40186100000000008 0.425792 0.62500000000000011 4.5000000000000009
decision_type=2 2 2 2 2 2 2 2 2 2 2 2 2 2 2
left_child=-1 2 -2 8 6 -4 7 9 -3 10 -5 -8 -13 14 -14
right_child=1 3 5 4 -6 -7 11 -9 -10 -11 -12 12 13 -15 -16
leaf_value=-0.0086436894337795604 0.00034621182575110668 0.003625468352707501 -0.014924434136098081 -0.024845950770370953 0.019711128982621735 0.0021093194891513433 0.012431277848036083 -0.032596358427474277 0.033020238040904176 0.015992441737741538 0.0036727058354547254 -0.019974644305040885 0.018723777000463789 -0.0014223811710616112 -0.0073127059922292537
leaf_weight=12.849293928826226 1647.2762088431045 13.715827243402602 75.878670725040138 13.488928576465694 15.328584775328634 27.504949443042278 30.701748114079237 14.077578280121086 10.604614631272851 10.102645074948667 25.893766786437482 11.657199234701691 32.390617441385984 141.58037833496928 17.424900609068573
leaf_count=99 10766 120 583 115 97 242 289 106 68 86 236 105 251 962 149
internal_value=0 4.57702e-05 -0.000294916 0.00181139 0.000560025 -0.0104159 -0.000490098 -0.00890812 0.0172406 -0.00165711 -0.00646857 0.00182714 0.00017072 0.00149514 0.00965183
internal_weight=0 2087.63 1750.66 336.967 312.646 103.384 297.318 63.5629 24.3204 49.4853 39.3827 233.755 203.053 191.396 49.8155
internal_count=14274 14175 11591 2584 2396 825 2299 543 188 437 351 1756 1467 1362 400
is_linear=0
shrinkage=0.03


Tree=274
num_leaves=16
num_cat=0
split_feature=12 2 12 12 0 10 0 13 4 1 2 1 2 2 0
split_gain=1.1564 3.19852 2.66837 3.10945 2.62461 1.973 3.38234 3.2587 1.64945 1.46752 11.6552 9.03505 8.79604 12.9213 10.3078
threshold=6.9180020000000004 0.08423700000000002 5.5940500000000002 4.9685970000000008 0.5976895000000001 0.11749550000000002 0.41048050000000008 0.38991850000000006 0.35416650000000005 0.30321200000000004 0.054539500000000012 0.29178450000000006 0.43736600000000009 0.58070100000000013 0.68054500000000007
decision_type=2 2 2 2 2 2 2 2 2 2 2 2 2 2 2
left_child=2 -2 3 8 5 6 -3 -8 -1 10 -10 -12 -11 14 -14
right_child=1 4 -4 -5 -6 -7 7 -9 9 12 11 -13 13 -15 -16
leaf_value=-0.010913117526823292 0.01665004056857881 0.0076697667981407364 -0.010043752163490483 0.014251870029659318 0.0095499392171233526 0.0066252986293646541 0.0018791824570624331 -0.016984910644902915 -0.0200347932575098 0.00017182327023831408 0.00077079367078575027 0.014883161586192153 -0.017681908777079425 0.011166305862337916 0.004604455303957194
leaf_weight=11.719721498433499 12.635033247992395 12.44818177167326 23.322038871236145 12.595286596566437 22.470750903710723 16.012023957446218 12.73862477019429 21.432214936241508 22.133220382034779 1052.4390065707266 708.21221581753343 42.337780578061938 81.278079848736525 24.583937278017402 23.700662588700652
leaf_count=92 62 77 154 70 127 114 83 125 155 6490 5523 302 576 169 155
internal_value=0 0.0031582 -0.000167504 -4.61012e-05 0.000984958 -0.00218977 -0.005293 -0.010099 -0.000144881 -7.47701e-05 0.000941199 0.0015856 -0.000739151 -0.00808364 -0.0126544
internal_weight=0 97.7368 2002.32 1979 85.1018 62.631 46.619 34.1708 1966.4 1954.68 772.683 750.55 1182 129.563 104.979
internal_count=14274 588 13686 13532 526 399 285 208 13462 13370 5980 5825 7390 900 731
is_linear=0
shrinkage=0.03


Tree=275
num_leaves=16
num_cat=0
split_feature=13 13 13 0 1 1 1 13 13 2 2 2 14 3 4
split_gain=1.13161 5.2897 5.1037 5.8447 11.031 9.80608 6.71078 4.86783 4.35423 5.64275 8.64879 4.70321 4.48516 6.97492 7.28381
threshold=0.83978700000000017 0.84730250000000018 0.78860700000000017 0.54156050000000011 0.33157150000000007 0.59527150000000006 0.19921700000000001 0.8561740000000001 0.89326150000000004 0.054539500000000012 0.20932550000000003 0.17128050000000003 0.70833350000000006 0.87500000000000011 0.89583350000000006
decision_type=2 2 2 2 2 2 2 2 2 2 2 2 2 2 2
left_child=2 -2 -1 4 6 -5 -4 -3 -9 -10 11 -11 -12 14 -14
right_child=1 7 3 5 -6 -7 -8 8 9 10 12 -13 13 -15 -16
leaf_value=0.00010080795325108308 0.017014280895829157 -0.014406387638436421 0.0030406196274769806 -0.021642453198554967 0.019779190625338609 0.0064123857203083725 -0.020992807556383341 0.0074847998059258663 -0.015663641547927574 0.004193624762471487 -0.015890778094152645 0.021617093131474818 -0.013273498998290159 -0.0071896655055354837 0.012170069146815933
leaf_weight=1643.063651015982 17.838650165125728 17.22982688061893 21.657410178333521 37.800983222201467 16.943392025306821 15.231773853302 18.830592803657055 80.886229552328587 19.329069297760725 41.533460972830653 20.026910638436675 20.499560533091426 12.037280639633535 71.038884504698217 45.765331886708736
leaf_count=11275 112 110 175 229 102 81 139 546 107 250 138 129 76 479 326
internal_value=0 0.00155398 -0.00032056 -0.00653273 0.00012833 -0.0136151 -0.00837368 0.000664934 0.00154308 -0.000567755 0.00088317 0.010203 -0.00304255 -0.00093844 0.00673587
internal_weight=0 346.185 1753.53 110.464 57.4314 53.0328 40.488 328.347 311.117 230.23 210.901 62.033 148.868 128.841 57.8026
internal_count=14274 2273 12001 726 416 310 314 2161 2051 1505 1398 379 1019 881 402
is_linear=0
shrinkage=0.03


Tree=276
num_leaves=16
num_cat=0
split_feature=3 13 0 0 4 4 2 0 0 2 1 1 13 13 1
split_gain=1.1282 3.57213 4.46831 4.55128 3.45911 6.12755 3.64877 7.71174 5.56534 4.54595 4.12249 6.86803 4.02922 5.46578 4.0814
threshold=0.37500000000000006 0.033667000000000009 0.34688750000000007 0.71770300000000009 0.96875000000000011 0.85416650000000016 0.39948850000000008 0.61794000000000004 0.40876600000000002 0.063634500000000011 0.22554100000000002 0.27395300000000006 0.082927000000000015 0.54025600000000018 0.47227700000000006
decision_type=2 2 2 2 2 2 2 2 2 2 2 2 2 2 2
left_child=1 -1 -3 4 5 6 9 8 -8 -4 -10 -12 -11 14 -14
right_child=-2 2 3 -5 -6 -7 7 -9 10 12 11 -13 13 -15 -16
leaf_value=0.010059706503496369 0.00023307432828062265 -0.01931325418587394 0.011818770707804778 -0.017080381727406314 0.012390149231154656 -0.02171829221953793 0.021381022061518588 0.028645146388469253 -0.014624707682968958 -0.021393599372315039 0.018202885418981692 -0.013823345401804457 0.0054277161482932344 -0.023002536517640566 -0.011114138432796872
leaf_weight=19.255253259092569 1869.9768051290885 13.338834887370465 13.384754128754137 15.409328520298002 15.823833442293106 11.930744817480443 8.3907666541635972 9.739283435046671 17.752357117831707 12.668113108724354 12.72584619279951 9.7979712234809977 40.602686032652855 9.9164114492014033 18.819205837324262
leaf_count=172 12064 241 86 127 153 121 99 87 178 101 104 125 363 91 162
internal_value=0 -0.00199106 -0.00313682 -0.00194928 -0.000578488 -0.00188363 -0.000214605 0.00563494 0.000546085 -0.00381748 -0.00420731 0.00427592 -0.0064812 -0.00349128 9.15922e-05
internal_weight=0 229.555 210.3 196.961 181.552 165.728 153.797 58.4062 48.6669 95.3912 40.2762 22.5238 82.0064 69.3383 59.4219
internal_count=14274 2210 2038 1797 1670 1517 1396 593 506 803 407 229 717 616 525
is_linear=0
shrinkage=0.03


Tree=277
num_leaves=16
num_cat=0
split_feature=10 13 10 13 5 10 10 10 0 10 13 10 10 2 1
split_gain=1.12145 2.87271 4.22648 5.99143 3.10472 2.81827 3.08427 5.50466 8.72428 4.67482 2.20995 1.96045 2.42356 4.29695 2.06349
threshold=51.160083500000006 0.55650800000000011 52.582114000000004 0.73882100000000006 2.5000000000000004 50.186343500000007 49.209645000000009 48.307167500000013 0.52431450000000013 19.677713000000004 0.58936650000000013 14.041948500000002 9.6614895000000018 0.26338350000000005 0.012388500000000002
decision_type=2 2 2 2 2 2 2 2 2 2 2 2 2 2 2
left_child=5 4 -3 -4 -2 6 7 9 -9 11 -8 12 14 -14 -1
right_child=1 2 3 -5 -6 -7 10 8 -10 -11 -12 -13 13 -15 -16
leaf_value=-0.0099402591215577169 0.0039309380130612805 0.016146966338901423 -0.027160021567937724 0.004479153168690804 0.026405968844966644 -0.011984126130008299 0.017824120676222088 -0.026347456716674333 0.0030979954748865559 0.011724904201273532 0.00052209677884508619 -0.0093802176885555682 0.02326469467351348 -0.0010037877838542676 -5.3818626291817227e-05
leaf_weight=18.194993210956454 17.161115830764178 7.1331657897681024 8.4543401189148444 11.972624033689497 7.4885166622698298 16.871667101979256 13.838822048157455 17.249400729313493 17.603276059031487 29.432122612372041 12.143098339438437 19.381808191537857 10.063016323372723 15.961515580303965 1876.2524916466791
leaf_count=190 249 82 91 156 112 150 115 120 124 217 95 155 110 138 12170
internal_value=0 0.0042885 -0.0023581 -0.00927214 0.0115221 -0.000122985 -1.85592e-05 -0.000154127 -0.0118036 5.79335e-05 0.0100568 -0.000125032 -2.67932e-05 0.00889384 -0.000153966
internal_weight=0 52.2098 27.5601 20.427 24.6496 2046.99 2030.12 2004.14 34.8527 1969.29 25.9819 1939.85 1920.47 26.0245 1894.45
internal_count=14274 690 329 247 361 13584 13434 13224 244 12980 210 12763 12608 248 12360
is_linear=0
shrinkage=0.03


Tree=278
num_leaves=16
num_cat=0
split_feature=12 12 12 1 0 7 2 3 13 13 0 13 13 3 13
split_gain=1.10577 2.95148 3.03467 2.66303 9.94856 4.82043 3.55839 3.51154 2.61347 2.81056 3.35039 5.70091 2.44653 8.47537 8.22478
threshold=2.9948295000000003 3.2678610000000003 3.5148950000000005 0.53578550000000014 0.62340150000000005 0.58333350000000006 0.39948850000000008 0.62500000000000011 0.0092175000000000017 0.033667000000000009 0.5815665000000001 0.025184000000000002 0.12692700000000004 0.62500000000000011 0.13471650000000004
decision_type=2 2 2 2 2 2 2 2 2 2 2 2 2 2 2
left_child=8 -2 -3 4 5 6 -4 -7 -1 10 11 -10 13 -11 -14
right_child=1 2 3 -5 -6 7 -8 -9 9 12 -12 -13 14 -15 -16
leaf_value=-0.012046463444537756 0.014149988422871575 -0.011598101339453194 0.0025180053566949906 -0.0054385677631055649 0.025835934910908551 0.0010253694042611729 -0.0085921358900002548 0.023315226908134336 -0.0086246140758778015 9.1133098298187118e-05 0.018680628539711194 0.018233960372365288 0.022514932910624137 -0.016066780853207892 -0.00017694987286839004
leaf_weight=15.731086077168582 15.687603841535745 14.850793883204458 68.350022833328694 33.568697262555361 15.430684648454188 12.204770695418121 40.51025402918458 12.507313966751097 18.421433359850202 118.39949708757922 14.329707369208334 10.22752248868346 13.501286320388315 37.783292148262262 1657.4219021955505
leaf_count=109 98 84 395 173 94 85 293 80 144 915 90 87 102 229 11296
internal_value=0 0.00203267 0.00100335 0.00208597 0.00380612 0.0010881 -0.001657 0.0127748 -0.000242295 -0.000136613 0.00735785 0.00125535 -0.000316833 -0.00389509 1.97604e-05
internal_weight=0 213.11 197.423 182.572 149.003 133.572 108.86 24.7121 1885.82 1870.08 42.9787 28.649 1827.11 156.183 1670.92
internal_count=14274 1302 1204 1120 947 853 688 165 12972 12863 321 231 12542 1144 11398
is_linear=0
shrinkage=0.03


Tree=279
num_leaves=16
num_cat=0
split_feature=4 0 2 0 1 1 3 13 1 13 14 1 14 0 0
split_gain=1.1059 5.00469 4.82749 4.42987 4.3008 15.0844 14.6737 9.93987 11.0633 12.2254 9.65135 11.4236 6.82231 6.4134 8.66948
threshold=0.92708350000000006 0.22206000000000004 0.11337600000000002 0.29041800000000006 0.28093200000000007 0.35175550000000005 0.62500000000000011 0.025184000000000002 0.37049550000000003 0.24647600000000003 0.70833350000000006 0.39125400000000005 0.70833350000000006 0.52731850000000013 0.55444850000000012
decision_type=2 2 2 2 2 2 2 2 2 2 2 2 2 2 2
left_child=1 2 -1 -3 13 6 12 -7 9 -9 -10 -12 -6 -5 -15
right_child=-2 3 -4 4 5 7 -8 8 10 -11 11 -13 -14 14 -16
leaf_value=0.025943904747070267 0.00060671819809567139 -0.011865276344579359 -0.00024050356863731872 0.00025475017775152572 0.0042599693941016798 0.01913562074467956 0.0074586269875941231 -0.0059571221514189586 -0.014830545824989907 0.03027414456358813 -0.018121532961142224 0.0010153139849591536 -0.020827158187774385 0.027340165281041533 0.0015432553831405407
leaf_weight=11.217857368290426 1165.5185488257557 32.414937991881743 13.127424736507235 233.64920335588977 10.79320842400193 22.633965220302343 26.496309880167246 13.691689041443167 46.817000622861087 19.521225346252322 29.527662381529808 348.40278331097215 77.367710233666003 19.074359169229865 28.497339758090675
leaf_count=82 7643 288 106 1916 90 142 160 99 314 136 199 2124 629 129 217
internal_value=0 -0.000778423 0.0123724 -0.00114389 -0.000734304 -0.00217772 -0.0119046 0.000162764 -0.00081459 0.0156006 -0.0021318 -0.000523723 -0.0177425 0.00231781 0.0122367
internal_weight=0 933.233 24.3453 908.887 876.472 595.252 114.657 480.594 457.96 33.2129 424.747 377.93 88.1609 281.221 47.5717
internal_count=14274 6631 188 6443 6155 3893 879 3014 2872 235 2637 2323 719 2262 346
is_linear=0
shrinkage=0.03


Tree=280
num_leaves=16
num_cat=0
split_feature=13 13 1 2 13 2 6 1 11 0 13 1 13 1 13
split_gain=1.09393 1.91168 7.08073 9.62461 4.75997 4.44411 2.41237 5.30297 4.85214 4.29326 3.67493 6.9765 5.92858 9.32122 8.89079
threshold=0.98640400000000017 0.95102850000000017 0.49248100000000006 0.31181400000000009 0.94102200000000014 0.46055850000000004 2.5000000000000004 0.092558500000000016 4.983057500000001 0.79622000000000015 0.8313155000000001 0.29512900000000003 0.78860700000000017 0.46648950000000006 0.81279400000000013
decision_type=2 2 2 2 2 2 2 2 2 2 2 2 2 2 2
left_child=1 4 3 -3 6 -5 10 -8 9 -9 12 -12 -1 14 -14
right_child=-2 2 -4 5 -6 -7 7 8 -10 -11 11 -13 13 -15 -16
leaf_value=0.00068580795656626476 -0.0062687764770660293 -0.015985056812496522 0.018270805123124803 0.019152051274010849 -0.015359033722800583 -0.0014752272518590301 -0.01255226613585312 -0.0001220813800655364 -0.021794959219861642 -0.01904650738724771 -0.003939730154010411 0.0094138457820149291 -0.010917802459350775 -0.022001883791913354 0.017546363016400349
leaf_weight=1114.0019723903388 23.824774054810405 22.687293827533722 22.991635270416737 17.074930913746357 17.276929372921586 19.311739444732666 35.790882078697905 583.73842544015497 8.7638738406822068 9.9925354048609716 51.810474995523691 105.94244318455458 22.890495833009481 26.275993395596743 15.838588222861288
leaf_count=6266 157 139 134 117 109 141 548 5199 165 66 301 574 127 138 93
internal_value=0 6.63428e-05 0.00452548 -0.0010393 -0.000119511 0.00845776 2.15034e-05 -0.00149443 -0.000817834 -0.000472071 0.000745918 0.00503097 0.000168794 -0.00856751 0.000871509
internal_weight=0 2074.39 82.0656 59.074 1992.32 36.3867 1975.05 638.286 602.495 593.731 1336.76 157.753 1179.01 65.0051 38.7291
internal_count=14274 14117 531 397 13586 258 13477 5978 5430 5265 7499 875 6624 358 220
is_linear=0
shrinkage=0.03


Tree=281
num_leaves=16
num_cat=0
split_feature=12 3 7 12 12 13 1 2 1 1 2 2 0 5 4
split_gain=1.09131 3.03679 2.84434 2.55869 2.90664 2.53706 1.49588 10.9756 8.35807 7.8521 6.73268 10.1224 9.28653 6.04246 5.65766
threshold=6.9180020000000004 0.87500000000000011 0.41666650000000005 5.5940500000000002 4.9685970000000008 0.21528250000000002 0.30321200000000004 0.054539500000000012 0.29178450000000006 0.31933300000000003 0.43736600000000009 0.58070100000000013 0.68054500000000007 2.5000000000000004 0.92708350000000006
decision_type=2 2 2 2 2 2 2 2 2 2 2 2 2 2 2
left_child=3 2 -2 4 6 -4 7 -1 -9 -8 -11 12 13 -12 -10
right_child=1 -3 5 -5 -6 -7 9 8 14 10 11 -13 -14 -15 -16
leaf_value=-0.019573988350271972 0.0090580639808878014 0.010036306491848224 0.0053311811305842682 -0.0098520188433988184 0.013767495090683196 -0.0095998480077659695 -0.012633931515245264 0.00072240731878044757 -0.0020985264600293214 0.00045396415007294973 -0.025205937441339886 0.011587778904086106 0.0044328442325215446 -0.006865544785640193 0.021337632896047471
leaf_weight=21.910055557265878 17.507684154435992 34.863610621541739 14.309851553291081 23.223598190583289 12.622597223147748 30.909624035470188 47.465697083622217 712.39470468042418 13.077348276041446 1029.4492095885798 36.920447344891727 20.024385251104832 23.71137164067477 29.931894640438259 29.505849989131093
leaf_count=155 166 175 78 154 70 169 364 5561 109 6320 240 131 155 231 196
internal_value=0 0.00307203 -0.000895445 -0.000161072 -4.23112e-05 -0.00486176 -0.000138009 0.000884834 0.00150367 -0.000807354 -0.000304311 -0.0073038 -0.0115618 -0.0172166 0.0142574
internal_weight=0 97.5908 62.7272 2000.24 1977.01 45.2195 1964.39 776.888 754.978 1187.5 1140.04 110.588 90.5637 66.8523 42.5832
internal_count=14274 588 413 13686 13532 247 13462 6021 5866 7441 7077 757 626 471 305
is_linear=0
shrinkage=0.03


Tree=282
num_leaves=16
num_cat=0
split_feature=10 2 2 10 10 10 13 13 13 5 0 0 13 2 13
split_gain=1.08973 2.85344 3.8676 2.63758 2.92419 5.23457 2.14454 1.94407 3.47716 3.38609 1.6464 1.99627 3.29107 2.99261 2.15053
threshold=51.160083500000006 0.59441200000000005 0.45079650000000004 50.186343500000007 49.209645000000009 48.857221500000009 0.58936650000000013 0.55650800000000011 0.73882100000000006 1.5000000000000002 0.16396650000000004 0.22206000000000004 0.61662650000000008 0.11976450000000001 0.86725850000000004
decision_type=2 2 2 2 2 2 2 2 2 2 2 2 2 2 2
left_child=3 2 7 4 5 10 -6 9 -9 -2 -1 12 13 -12 -13
right_child=1 -3 -4 -5 6 -7 -8 8 -10 -11 11 14 -14 -15 -16
leaf_value=-0.0094930352059768366 -0.0028755474051752597 0.021458067853145621 -0.014479009042776748 -0.011553950024230146 0.017537894514964802 -0.018540537191515986 0.00044731092632418318 -0.014872807582148791 0.010186782534918748 0.022967221782573485 0.0233972227289947 -0.0004784591804237587 -0.0051961150451415063 0.003048820289797922 0.0024280978827574359
leaf_weight=15.381950131617485 7.2598178256303099 6.4478931184858075 9.746068459004162 16.995688028633595 13.679468944668772 12.832593865692614 12.115042597055433 7.9412806481122997 10.26462087780237 10.431543439626692 11.641084976494314 1670.9579443575349 13.268525203689931 14.11896640062332 264.48240765463561
leaf_count=102 104 91 115 150 115 90 95 87 135 158 71 11093 91 98 1679
internal_value=0 0.00423408 0.00139302 -0.000119333 -1.78818e-05 -0.000149527 0.00982714 0.00597788 -0.000949276 0.0127759 -2.16693e-05 5.68847e-05 0.00668823 0.0127751 -8.02226e-05
internal_weight=0 52.0912 45.6433 2045.47 2028.48 2002.68 25.7945 35.8973 18.2059 17.6914 1989.85 1974.47 39.0286 25.7601 1935.44
internal_count=14274 690 599 13584 13434 13224 210 484 222 262 13134 13032 260 169 12772
is_linear=0
shrinkage=0.03


Tree=283
num_leaves=16
num_cat=0
split_feature=13 1 0 4 1 0 0 2 2 2 2 13 13 2 0
split_gain=1.08141 4.43931 7.06043 9.91599 5.59427 8.73821 6.34708 6.19755 6.24965 8.26465 10.423 8.39594 8.18889 8.49012 8.09224
threshold=0.40556650000000005 0.14831000000000003 0.31239800000000001 0.89583350000000006 0.18665800000000002 0.42468050000000007 0.41985350000000005 0.66216550000000007 0.061293500000000008 0.15632400000000002 0.16441850000000002 0.12692700000000004 0.13893150000000001 0.033149000000000005 0.56134150000000016
decision_type=2 2 2 2 2 2 2 2 2 2 2 2 2 2 2
left_child=1 2 -1 -4 6 -6 -3 8 12 14 -11 -12 -7 -14 -10
right_child=-2 4 3 -5 5 7 -8 -9 9 10 11 -13 13 -15 -16
leaf_value=0.0047182925352530153 -0.00054905973064047636 0.021532878647820806 -0.0038325968745946478 -0.031498869745302006 -0.007064527322895235 0.024752199738960586 -0.0016154833331519247 0.020358541545883371 -0.017933363652540047 0.031299892543521342 -0.0053214732852181271 0.0045187876956081976 -0.013332480892405806 0.01492965748954655 -0.00012584801472999063
leaf_weight=37.707228069659323 1286.7880959943868 24.917874257080257 40.612824850250036 15.551567801274357 102.10095282271504 22.675991103053093 17.886186828836799 15.840738996863363 36.857975360006094 10.121262507513164 106.38706210162491 284.98584270011634 16.654350779950619 19.905512990429997 58.42631583288312
leaf_count=320 8529 203 395 154 772 129 141 117 230 66 750 1929 92 112 335
internal_value=0 0.000849124 -0.0052514 -0.0119102 0.00165429 0.000977558 0.012044 0.00242325 0.00187664 0.000768508 0.00265581 0.00183716 0.0110029 0.00204303 -0.00712888
internal_weight=0 810.632 93.8716 56.1644 716.76 673.956 42.8041 571.855 556.014 496.778 401.494 391.373 59.2359 36.5599 95.2843
internal_count=14274 5745 869 549 4876 4532 344 3760 3643 3310 2745 2679 333 204 565
is_linear=0
shrinkage=0.03


Tree=284
num_leaves=16
num_cat=0
split_feature=2 2 13 2 0 2 1 13 13 1 0 11 7 11 11
split_gain=1.07101 2.87053 4.2483 3.10158 2.72032 2.50457 2.5641 10.9543 12.7834 8.52624 5.18825 2.39672 2.49659 6.58308 3.92357
threshold=0.010465500000000001 0.020496500000000004 0.50558250000000016 0.026810500000000004 0.56716600000000017 0.033149000000000005 0.71137950000000016 0.48348550000000007 0.73882100000000006 0.75720150000000019 0.8053800000000001 5.3344820000000004 0.58333350000000006 0.12112600000000003 1.1132330000000004
decision_type=2 2 2 2 2 2 2 2 2 2 2 2 2 2 2
left_child=4 2 -2 -3 -1 -5 10 9 -9 -8 11 12 14 -14 -7
right_child=1 3 -4 5 -6 6 7 8 -10 -11 -12 -13 13 -15 -16
leaf_value=-0.0032292545655163425 -0.020916701188847163 0.011497529784739776 0.0015462967073353107 -0.010541287570753012 0.014198742870224023 -0.00011446611748498203 0.032790200436112839 -0.02246040105294005 0.012666371007849814 0.002817076704095979 -0.018400239050209596 -0.0093475671222256994 -0.00031092105768386878 0.0095516284235035165 -0.0085800848370778462
leaf_weight=15.660678738728167 13.584556121379139 20.059732832014561 15.506098501384256 19.371035061776638 14.977970384061335 1552.9754977121484 16.084758987650275 18.642882321029902 16.849368682131171 17.494085038080812 12.953611515462397 23.583054675720632 203.43520469032228 85.905569409951568 49.888320497237146
leaf_count=97 80 116 93 115 79 9784 92 95 93 97 71 426 1365 1198 473
internal_value=0 -9.16381e-05 -0.00928984 4.42003e-05 0.00547007 -7.53371e-05 3.13651e-05 0.00566869 -0.00589441 0.0177077 -0.000173349 -4.05725e-05 8.02992e-05 0.00264009 -0.00038314
internal_weight=0 2066.33 29.0907 2037.24 30.6386 2017.18 1997.81 69.0711 35.4923 33.5788 1928.74 1915.79 1892.2 289.341 1602.86
internal_count=14274 14098 173 13925 176 13809 13694 377 188 189 13317 13246 12820 2563 10257
is_linear=0
shrinkage=0.03


Tree=285
num_leaves=16
num_cat=0
split_feature=6 2 2 2 2 13 2 4 4 2 1 3 2 2 5
split_gain=1.07417 4.61331 7.9652 5.95498 4.60259 5.93461 4.97579 7.84698 4.83948 4.9237 4.42008 3.02036 2.59926 1.96763 7.94094
threshold=3.5000000000000004 0.69367650000000014 0.5975315000000001 0.63198450000000006 0.56029800000000007 0.24331000000000005 0.36148400000000008 0.78125000000000011 0.96875000000000011 0.42372650000000006 0.44903100000000001 0.87500000000000011 0.33973600000000004 0.66216550000000007 1.5000000000000002
decision_type=2 2 2 2 2 2 2 2 2 2 2 2 2 2 2
left_child=13 2 4 -4 5 6 -2 -8 10 12 -7 -11 -10 -1 -15
right_child=1 -3 3 -5 -6 8 7 -9 9 11 -12 -13 -14 14 -16
leaf_value=-7.9637705249522813e-05 -0.0084330473709033522 -0.022389221473532242 0.033141419712898149 0.001422605752270601 -0.025018372839224035 -0.030088675553670726 -0.0036147974325395427 0.050544215285496998 -0.0018169996373479805 -6.2559652446395078e-06 0.0041412962346342773 0.024405563026416627 -0.021783096645438087 -0.007299960377564447 0.0095575519678901977
leaf_weight=1876.3168166675605 4.9420092687942079 8.9412171565927547 8.3931543668732065 12.524797593243418 8.4469802966341359 11.076943737454711 4.0447521354071778 4.5269653555005789 14.239364868961276 10.911742941476406 4.4157888088375321 6.8372544962912789 9.2294619949534518 36.714177314192057 74.993248299695551
leaf_count=11797 102 187 100 158 123 249 114 60 200 147 63 82 127 236 529
internal_value=0 -0.00290004 -0.000945092 0.0150809 -0.00534206 -0.00265725 0.0145387 0.0272804 -0.00693585 -0.00140512 -0.0206728 0.0101978 -0.0102383 0.000151578 0.00400149
internal_weight=0 108.53 99.5892 20.918 78.6713 70.2243 13.5137 8.57172 56.7106 41.2178 15.4927 17.749 23.4688 1988.02 111.707
internal_count=14274 1712 1525 258 1267 1144 276 174 868 556 312 229 327 12562 765
is_linear=0
shrinkage=0.03


Tree=286
num_leaves=16
num_cat=0
split_feature=3 1 0 1 1 13 13 2 2 4 13 2 1 1 13
split_gain=1.06565 3.48591 8.83007 3.7405 3.95442 3.0529 5.55127 2.97212 3.76914 3.05044 3.04694 4.37578 3.74041 3.00891 4.42978
threshold=0.37500000000000006 0.69749300000000014 0.71770300000000009 0.11690300000000002 0.21293600000000004 0.047692000000000005 0.29994700000000002 0.57783350000000011 0.46612850000000006 0.53125000000000011 0.52878700000000012 0.045850000000000009 0.43028250000000007 0.55689150000000009 0.078998500000000013
decision_type=2 2 2 2 2 2 2 2 2 2 2 2 2 2 2
left_child=1 2 3 -1 5 -5 -7 8 10 -10 11 -6 -12 14 -13
right_child=-2 -3 -4 4 7 6 -8 -9 9 -11 12 13 -14 -15 -16
leaf_value=-0.017500052184488139 0.00022940182650750315 0.015226991135363403 -0.029772398824474924 0.024020880592808342 -0.024822063702684482 -0.0084176674933029699 0.016312532919148002 -0.017082720114130041 0.022160906530142091 -0.00087221187126379637 -0.0050244553978765786 -0.017555814585047524 0.017276884104169225 0.010639829417657044 -0.0015793439432766139
leaf_weight=11.209406687179579 1867.5766950547695 9.2014848310500366 9.3528521442785841 7.5633830260485402 8.5633362140506488 16.001993922516707 14.80118439439684 10.62751538492739 9.3053952641785163 10.248340777121483 13.139857037924232 19.580920181237161 12.241066457703708 11.038571704179047 65.782064788974822
leaf_count=228 12064 60 86 70 61 173 145 94 72 122 132 169 92 91 615
internal_value=0 -0.0019361 -0.00272154 -0.00138202 -0.000390629 0.00813737 0.00360468 -0.00246661 -0.00132403 0.0106339 -0.00318519 -0.00543652 0.00597854 -0.00347734 -0.00540494
internal_weight=0 228.657 219.456 210.103 198.894 38.3666 30.8032 160.527 149.9 19.5537 130.346 104.965 25.3809 96.4016 85.363
internal_count=14274 2210 2150 2064 1836 388 318 1448 1354 194 1160 936 224 875 784
is_linear=0
shrinkage=0.03


Tree=287
num_leaves=16
num_cat=0
split_feature=13 13 1 2 13 2 6 1 11 0 1 1 2 4 2
split_gain=1.05798 1.74174 6.61029 9.03625 4.57278 4.18924 2.34346 4.97936 4.50483 4.07165 3.54217 8.58024 4.70903 4.68463 4.16106
threshold=0.98640400000000017 0.95102850000000017 0.49248100000000006 0.31181400000000009 0.94102200000000014 0.46055850000000004 2.5000000000000004 0.092558500000000016 4.983057500000001 0.79622000000000015 0.54917100000000008 0.59527150000000006 0.16256900000000005 0.46875000000000006 0.15279450000000003
decision_type=2 2 2 2 2 2 2 2 2 2 2 2 2 2 2
left_child=1 4 3 -3 6 -5 -1 -8 9 10 13 -12 -13 -9 -15
right_child=-2 2 -4 5 -6 -7 7 8 -10 -11 11 12 -14 14 -16
leaf_value=0.00074081429263061192 -0.006169032899479298 -0.015576596219516649 0.017608507968846037 0.01847381966021415 -0.015071903200296022 -0.0015299286160974203 -0.012233697161100072 -0.019715612837220668 -0.021009159480520401 -0.018630360854965975 0.022145204820708607 0.0096495768980063238 -0.013358899912311525 -0.01166126624428474 0.00019312665239226118
leaf_weight=1335.349527252838 23.786599177867174 22.599883504211903 22.977208774536848 17.155183423310518 17.22019718773663 19.296052079647779 35.467190968804061 10.606227127835153 8.7813616893254203 9.9208509735763055 19.97764739766717 13.987787215039136 16.248746640980244 27.162961068563163 495.36261554434896
leaf_count=7499 157 139 134 117 109 141 548 151 165 66 160 92 114 281 4401
internal_value=0 6.5894e-05 0.00432312 -0.00105347 -0.000111665 0.00812641 2.64849e-05 -0.00146858 -0.00081516 -0.000481404 -0.000141394 0.00739553 -0.00274673 -0.000863792 -0.000444209
internal_weight=0 2072.11 82.0283 59.0511 1990.09 36.4512 1972.86 637.515 602.048 593.267 583.346 50.2142 30.2365 533.132 522.526
internal_count=14274 14117 531 397 13586 258 13477 5978 5430 5265 5199 366 206 4833 4682
is_linear=0
shrinkage=0.03


Tree=288
num_leaves=16
num_cat=0
split_feature=13 13 0 2 3 4 0 13 0 0 0 13 3 13 2
split_gain=1.04717 4.20164 13.8458 6.80319 7.61755 6.8308 6.77333 6.17509 4.67912 14.4374 9.68759 5.21727 7.5603 5.9289 4.61307
threshold=0.40556650000000005 0.52523100000000011 0.42468050000000007 0.26864000000000005 0.87500000000000011 0.89583350000000006 0.38232500000000008 0.5365080000000001 0.68054500000000007 0.66796850000000008 0.75720300000000007 0.84730250000000018 0.87500000000000011 0.62149600000000016 0.16672450000000003
decision_type=2 2 2 2 2 2 2 2 2 2 2 2 2 2 2
left_child=-1 2 3 5 6 -2 -5 -3 9 -9 11 12 13 -10 -12
right_child=1 7 -4 4 -6 -7 -8 8 10 -11 14 -13 -14 -15 -16
leaf_value=0.00083611476832154213 0.034524372919235519 0.014462362325882159 -0.0082474334786808955 -0.027351348242666596 0.018463533879887788 0.0060110542669877462 0.0066317399037591823 -0.00032843437491946175 0.020861806071566839 -0.025206546183334164 0.0048077204496588819 0.00067052304673648709 0.027947989808723078 -0.0048119947545955206 -0.010726303009318377
leaf_weight=809.46028930228204 12.044774405658247 25.94142234697938 181.06028375122696 11.025233155582102 9.7436313442885893 19.263002380728722 8.8363602543249709 843.93966946518049 13.049886437132956 20.53053006157279 30.547117652371526 28.044245569035411 26.468620877712965 18.414235733449459 37.124820681288838
leaf_count=5745 85 170 1185 112 69 124 71 5718 78 119 167 159 155 112 205
internal_value=0 -0.000540523 -0.00409376 0.00818658 -0.00213391 0.0177098 -0.0126392 0.000286111 -8.89335e-05 -0.000947713 0.00471768 0.0113461 0.0164149 0.00615094 -0.00374634
internal_weight=0 1286.03 241.973 60.913 29.6052 31.3078 19.8616 1044.06 1018.12 864.47 153.649 85.977 57.9327 31.4641 67.6719
internal_count=14274 8529 1646 461 252 209 183 6883 6713 5837 876 504 345 190 372
is_linear=0
shrinkage=0.03


Tree=289
num_leaves=16
num_cat=0
split_feature=1 1 2 2 2 0 5 13 1 4 0 2 2 2 2
split_gain=1.02574 10.908 8.06319 6.17339 9.51295 9.76007 6.49618 6.25763 5.52865 6.53788 8.83542 5.83965 5.45929 4.56932 17.7237
threshold=0.30579500000000009 0.31471900000000003 0.054539500000000012 0.58896300000000013 0.43736600000000009 0.68054500000000007 2.5000000000000004 0.33790550000000003 0.29178450000000006 0.92708350000000006 0.52621850000000014 0.092409000000000005 0.48368100000000008 0.28275000000000006 0.23504400000000003
decision_type=2 2 2 2 2 2 2 2 2 2 2 2 2 2 2
left_child=2 -2 -1 4 13 6 7 -6 11 -10 -11 -4 -7 14 -3
right_child=1 3 8 -5 5 12 -8 -9 9 10 -12 -13 -14 -15 -16
leaf_value=-0.016303817840333447 -0.018606050274850197 0.0010455835109070197 0.016927932214489207 0.015342638509004721 -0.0067616785056949886 0.019992350973910118 -0.0046731663028969899 -0.031138778218821033 -0.0047564329049711584 0.02865165701937963 -0.0022368454546982338 0.00023598380504153205 -0.0067276168557517894 0.0035370016242080395 -0.011596286490320972
leaf_weight=23.070685841143131 28.400590769015253 691.3618005188182 18.357765671797097 21.820350030437112 15.668323276564477 12.649097606539728 34.643792058341205 25.941938762553036 16.392766849137843 22.658444073051214 12.656530767679213 739.74323422438465 13.124857487156985 302.99495613295585 115.62713468074799
leaf_count=164 223 4082 129 139 109 83 265 163 140 150 80 5760 83 1979 725
internal_value=0 -0.000546658 0.00080902 -0.000116233 -0.000406964 -0.00912726 -0.0144745 -0.0223337 0.00131606 0.0107115 0.0178248 0.000661955 0.00664268 0.000402086 -0.000777881
internal_weight=0 1262.23 832.879 1233.83 1212.01 102.028 76.2541 41.6103 809.809 51.7077 35.315 758.101 25.774 1109.98 806.989
internal_count=14274 7851 6423 7628 7489 703 537 272 6259 370 230 5889 166 6786 4807
is_linear=0
shrinkage=0.03


Tree=290
num_leaves=16
num_cat=0
split_feature=10 13 10 13 5 10 10 10 0 10 13 10 10 2 1
split_gain=1.02342 2.69229 3.93938 5.33989 2.99489 2.50587 2.739 4.97686 8.07267 4.40929 2.0744 1.79247 2.29508 4.09511 1.83636
threshold=51.160083500000006 0.55650800000000011 52.582114000000004 0.73882100000000006 2.5000000000000004 50.186343500000007 49.209645000000009 48.307167500000013 0.52431450000000013 19.677713000000004 0.58936650000000013 14.041948500000002 9.6614895000000018 0.26338350000000005 0.012388500000000002
decision_type=2 2 2 2 2 2 2 2 2 2 2 2 2 2 2
left_child=5 4 -3 -4 -2 6 7 9 -9 11 -8 12 14 -14 -1
right_child=1 2 3 -5 -6 -7 10 8 -10 -11 -12 -13 13 -15 -16
leaf_value=-0.0094333430741880258 0.0037691379136958769 0.015760499563028801 -0.025509010473194083 0.0042373611221054866 0.026066741271833564 -0.011235958403050061 0.017207149336910824 -0.024988805651755212 0.0032052084681817926 0.011439054815119214 0.00034315001717107518 -0.0089595906535936739 0.022883523284706685 -0.00094641476192396155 -5.1682987563006819e-05
leaf_weight=17.96793414792046 17.068066932260994 7.0015687085688141 8.657279174774887 11.868991553783415 7.248894276097416 17.07201567478478 13.490906452760102 17.555005041882396 17.615930560976267 29.181684019975364 12.077564444392918 19.412072462029755 9.8788837920874375 15.90167120285332 1872.7139421643224
leaf_count=190 249 82 91 156 112 150 115 120 124 217 95 155 110 138 12170
internal_value=0 0.00411421 -0.00230331 -0.00891084 0.0111831 -0.000114329 -1.51064e-05 -0.000142139 -0.0111692 6.08056e-05 0.00955398 -0.000116529 -2.23311e-05 0.00869852 -0.00014578
internal_weight=0 51.8448 27.5278 20.5263 24.317 2042.87 2025.8 2000.23 35.1709 1965.06 25.5685 1935.87 1916.46 25.7806 1890.68
internal_count=14274 690 329 247 361 13584 13434 13224 244 12980 210 12763 12608 248 12360
is_linear=0
shrinkage=0.03


Tree=291
num_leaves=16
num_cat=0
split_feature=12 1 1 2 2 2 0 5 13 1 4 0 2 2 2
split_gain=1.02028 1.3856 9.99655 7.74549 5.29191 9.76901 10.5712 4.78868 5.9944 4.78796 5.86146 7.99152 5.24657 4.75334 4.42242
threshold=37.479372000000005 0.30579500000000009 0.31471900000000003 0.054539500000000012 0.58896300000000013 0.43736600000000009 0.68054500000000007 2.5000000000000004 0.39885150000000008 0.29178450000000006 0.92708350000000006 0.52621850000000014 0.092409000000000005 0.48368100000000008 0.28275000000000006
decision_type=2 2 2 2 2 2 2 2 2 2 2 2 2 2 2
left_child=1 3 -3 -1 5 14 7 8 -7 12 -11 -12 -5 -8 -4
right_child=-2 2 4 9 -6 6 13 -9 -10 10 11 -13 -14 -15 -16
leaf_value=-0.015946488472846018 0.0064238517112225526 -0.018088855083465211 -0.00090585613882103401 0.01622666031892327 0.014083610471021924 -0.0088636676741182061 0.019398101717954672 -0.006429056810494411 -0.03216401320600961 -0.0045424446499402974 0.027242318650179138 -0.0021681123495428576 0.00035797599054013577 -0.0056735734008549546 0.0033605849433259679
leaf_weight=22.920288816094398 20.970936741679907 28.080388251692057 797.51848962809891 18.24582836125046 21.624182879924774 19.206571219488978 12.670623781159522 33.96264251600951 22.169184958562255 16.308171841315925 22.501028720289469 12.653272284194825 732.62459261738695 12.856869240291415 300.12391464691609
leaf_count=164 126 222 4761 128 138 132 83 261 140 139 149 80 5709 82 1960
internal_value=0 -7.51277e-05 -0.0007055 0.000878024 -0.000290951 -0.00056183 -0.00944898 -0.0150526 -0.0218124 0.0013779 0.0101406 0.0168893 0.000764647 0.00703294 0.000262697
internal_weight=0 2073.47 1248.21 825.253 1220.13 1198.51 100.866 75.3384 41.3758 802.333 51.4625 35.1543 750.87 25.5275 1097.64
internal_count=14274 14148 7779 6369 7557 7419 698 533 272 6205 368 229 5837 165 6721
is_linear=0
shrinkage=0.03


Tree=292
num_leaves=16
num_cat=0
split_feature=2 2 13 2 0 2 1 13 13 1 0 2 1 11 5
split_gain=1.03373 2.67481 4.08288 2.93967 2.48124 2.29911 2.40108 10.3627 11.9964 8.08545 4.78576 2.45751 7.69129 7.64033 8.82226
threshold=0.010465500000000001 0.020496500000000004 0.50558250000000016 0.026810500000000004 0.56716600000000017 0.033149000000000005 0.71137950000000016 0.48348550000000007 0.73882100000000006 0.75720150000000019 0.8053800000000001 0.15026900000000001 0.16595800000000002 0.30016300000000001 1.0000000180025095e-35
decision_type=2 2 2 2 2 2 2 2 2 2 2 2 2 2 2
left_child=4 2 -2 -3 -1 -5 10 9 -9 -8 11 12 -7 14 -14
right_child=1 3 -4 5 -6 6 7 8 -10 -11 -12 -13 13 -15 -16
leaf_value=-0.0029423733889016685 -0.020421124997476035 0.011201007986465394 0.0016369922117549316 -0.010124968468125927 0.013732582645277989 0.013924803512972405 0.031951909403541874 -0.021799304143166914 0.012269652387674145 0.0027214886539604611 -0.017694848545874883 0.00047696013730935395 -0.014050594959895272 -0.014470277638926337 0.00058405493393830156
leaf_weight=15.618628198280932 13.509436158463361 20.025952331721783 15.465110979974268 19.279695030301809 14.925042510032652 23.665399990975857 16.006184786558151 18.636798731982708 16.775199051946402 17.470343807712197 12.924264661967753 1550.9142791179474 42.545019008219242 47.408771937713027 248.97043604683131
leaf_count=97 80 116 93 115 79 155 92 95 93 97 71 11008 228 438 1417
internal_value=0 -8.93842e-05 -0.00898582 4.16597e-05 0.00538282 -7.47711e-05 2.73618e-05 0.0054898 -0.00576659 0.0172189 -0.00017072 -4.31774e-05 -0.00226317 -0.00343113 -0.00159252
internal_weight=0 2063.6 28.9745 2034.62 30.5437 2014.6 1995.32 68.8885 35.412 33.4765 1926.43 1913.5 362.59 338.924 291.515
internal_count=14274 14098 173 13925 176 13809 13694 377 188 189 13317 13246 2238 2083 1645
is_linear=0
shrinkage=0.03


Tree=293
num_leaves=16
num_cat=0
split_feature=0 0 13 0 2 13 13 4 13 2 2 0 2 0 0
split_gain=1.03432 2.80988 2.90539 2.40102 1.85231 1.912 20.3398 8.66169 7.24226 7.34052 14.7124 9.64648 8.33158 6.9585 13.2335
threshold=0.16396650000000004 0.22206000000000004 0.41001850000000001 0.24105600000000002 0.0066115000000000002 0.72263700000000008 0.70866600000000013 0.85416650000000016 0.7307220000000002 0.45558000000000004 0.51513100000000012 0.4668115000000001 0.42966850000000006 0.50659650000000012 0.43345050000000007
decision_type=2 2 2 2 2 2 2 2 2 2 2 2 2 2 2
left_child=-1 2 -2 -3 -5 6 -6 13 -9 12 11 -11 -10 14 -7
right_child=1 3 -4 4 5 7 -8 8 9 10 -12 -13 -14 -15 -16
leaf_value=-0.007342901066838642 0.016612993539082431 -0.012260964416967961 0.00071520348754572588 0.0091555106675393193 -0.00020508909739510832 -0.019767917691153561 -0.026613033609467682 0.019069828044035571 0.0029019981765703454 0.0021806338865700404 0.0019637366160466393 -0.029361982195893071 0.023511894549869912 -0.019322269138042969 0.025962935970930065
leaf_weight=16.156381900422275 17.531584483571351 13.519903065869583 23.637055646628141 18.61855310946703 1393.0647425833158 10.537008553743364 25.753913616761565 21.653513817116618 354.10245887842029 12.562085658311842 102.04070421494544 26.630719795823097 17.616812083870173 30.213574754074216 10.262440888211129
leaf_count=114 125 115 162 103 9650 89 155 144 2214 92 747 172 127 191 74
internal_value=0 5.35127e-05 0.00771866 -0.000105148 -1.78939e-05 -0.000107625 -0.000702843 0.00133319 0.00246608 0.00172944 -0.0040734 -0.0194492 0.00393922 -0.0103584 0.00295161
internal_weight=0 2077.75 41.1686 2036.58 2023.06 2004.44 1418.82 585.619 534.606 512.953 141.234 39.1928 371.719 51.013 20.7994
internal_count=14274 14160 287 13873 13758 13655 9805 3850 3496 3352 1011 264 2341 354 163
is_linear=0
shrinkage=0.03


Tree=294
num_leaves=16
num_cat=0
split_feature=13 13 1 2 13 2 0 6 1 0 1 2 11 1 1
split_gain=1.02727 1.65878 6.23821 8.57419 4.4303 3.83197 2.46027 2.18295 4.70211 3.55612 3.53797 3.4659 3.3678 3.37845 7.92604
threshold=0.98640400000000017 0.95102850000000017 0.49248100000000006 0.31181400000000009 0.94102200000000014 0.42196600000000006 0.48616500000000001 2.5000000000000004 0.092558500000000016 0.79622000000000015 0.052321500000000007 0.61446550000000011 4.8684065000000007 0.54917100000000008 0.59527150000000006
decision_type=2 2 2 2 2 2 2 2 2 2 2 2 2 2 2
left_child=1 4 3 -3 7 -5 -7 -1 10 12 11 -9 13 -10 -15
right_child=-2 2 -4 5 -6 6 -8 8 9 -11 -12 -13 -14 14 -16
leaf_value=0.000717704858350838 -0.0060828828029258191 -0.015193898612134219 0.017135447132329333 0.020996257726408962 -0.014850935652892531 0.010888503297865395 -0.0075337181296016437 0.011019626519992378 -0.00087974571167625723 -0.01775894422385486 -0.021730890371552448 -0.013597554478708609 -0.017781182393404871 0.021296514513516659 -0.0026028025515094011
leaf_weight=1334.1519031226635 23.749714311212301 22.501463890075684 22.950477823615074 12.117273427546023 17.176634231582284 10.932071082293989 13.406094808131455 8.291524553671481 532.32842409936711 9.9050807170569879 16.303909254726022 10.601969372015445 8.9433483318425697 20.095600560307503 30.149904635734856
leaf_count=7499 157 139 134 80 109 83 95 114 4830 67 263 171 167 160 206
internal_value=0 6.54605e-05 0.00422312 -0.00100529 -0.00010788 0.00792421 0.000844218 2.80821e-05 -0.00141601 -0.000782632 -0.0119179 -0.00278329 -0.000468868 -0.000173085 0.00718474
internal_weight=0 2069.86 81.9074 58.9569 1987.95 36.4554 24.3382 1970.77 636.62 601.422 35.1974 18.8935 591.517 582.574 50.2455
internal_count=14274 14117 531 397 13586 258 178 13477 5978 5430 548 285 5363 5196 366
is_linear=0
shrinkage=0.03


Tree=295
num_leaves=16
num_cat=0
split_feature=3 1 1 2 0 2 2 1 0 13 4 0 6 1 0
split_gain=1.00034 3.2404 4.26079 4.58358 6.02035 6.13734 5.84701 5.18353 8.58865 4.39795 4.2415 4.73789 5.04348 4.1747 3.25328
threshold=0.37500000000000006 0.11690300000000002 0.27395300000000006 0.12621600000000002 0.71770300000000009 0.14748700000000001 0.045850000000000009 0.37791800000000003 0.44466250000000002 0.33496350000000003 0.39583350000000006 0.52621850000000014 2.5000000000000004 0.40693850000000004 0.63285550000000013
decision_type=2 2 2 2 2 2 2 2 2 2 2 2 2 2 2
left_child=1 -1 10 6 5 -5 -4 8 -7 -10 -3 12 -12 -9 -15
right_child=-2 2 3 4 -6 7 -8 13 9 -11 11 -13 -14 14 -16
leaf_value=-0.017031083100978547 0.0002220837691810887 -0.011282537220203979 -0.011259143309705471 -0.026949177314925642 -0.028446577285734628 0.016856436930644609 0.012640067958679169 0.018600185675098187 -0.0095680027460529199 -0.035362283022377379 0.012628672315951469 0.024478876690670393 -0.0066431117471098576 0.0063732935679809595 -0.009978460958035406
leaf_weight=11.039033534470944 1865.2177555467933 11.151502850931136 12.932354936376212 9.0522618498653156 9.782814725302158 6.9917470561340442 26.534958254545927 11.814700929448007 18.750034087337557 8.5844956208020431 25.392961125820875 11.742475511506198 21.891005391720682 23.619166964665055 18.733621070161462
leaf_count=228 12064 85 84 76 92 70 195 95 205 119 176 97 330 194 164
internal_value=0 -0.00187879 -0.00103329 -0.00393307 -0.00713079 -0.00472608 0.00472424 -0.00217709 -0.0111301 -0.0186309 0.00500242 0.00821575 0.00375364 0.00359541 -0.000922801
internal_weight=0 228.013 216.974 146.796 107.329 97.546 39.4673 88.4938 34.3263 27.3345 70.1779 59.0264 47.284 54.1675 42.3528
internal_count=14274 2210 1982 1294 1015 923 279 847 394 324 688 603 506 453 358
is_linear=0
shrinkage=0.03


Tree=296
num_leaves=16
num_cat=0
split_feature=10 2 2 10 10 10 13 13 5 13 0 1 1 5 1
split_gain=0.994504 2.75003 3.48785 2.34486 2.55693 4.73727 2.02102 1.82832 3.23178 3.07619 1.54938 2.07188 4.98244 4.8814 3.34222
threshold=51.160083500000006 0.59441200000000005 0.45079650000000004 50.186343500000007 49.209645000000009 48.857221500000009 0.58936650000000013 0.55650800000000011 1.5000000000000002 0.73882100000000006 0.16396650000000004 0.052321500000000007 0.023252500000000002 2.5000000000000004 0.10457050000000001
decision_type=2 2 2 2 2 2 2 2 2 2 2 2 2 2 2
left_child=3 2 7 4 5 10 -6 8 -2 -9 -1 12 13 -12 -13
right_child=1 -3 -4 -5 6 -7 -8 9 -10 -11 11 14 -14 -15 -16
leaf_value=-0.0092353570607917757 -0.0028287497474172225 0.021140516102112719 -0.013677752481621137 -0.0108394040221304 0.01688253288705455 -0.017526097900500862 0.00018652513589267612 -0.013900365826034312 0.022544554622960337 0.0096627228491605755 -0.015654483863985172 -0.0063564819583360986 0.017115116456890851 0.011785464392881405 0.00016362066842668123
leaf_weight=15.274300850927828 7.2701442725956467 6.3118226155638686 9.8591726310551149 17.180457003414631 13.319784235209228 13.005068907514213 12.028946921229361 8.0832060948014277 10.120388526469467 10.064408164471386 11.876594240311535 72.559277706313878 19.794021230656654 9.7165263919159752 1856.4030477395281
leaf_count=102 104 91 115 150 115 90 95 87 158 135 119 662 189 115 11947
internal_value=0 0.00406019 0.00128097 -0.000113452 -1.70977e-05 -0.000139429 0.00926741 0.00569165 0.0123602 -0.00101044 -1.67887e-05 5.93229e-05 0.00662028 -0.00333186 -8.48041e-05
internal_weight=0 51.7091 45.3973 2041.16 2023.98 1998.63 25.3487 35.5381 17.3905 18.1476 1985.62 1970.35 41.3871 21.5931 1928.96
internal_count=14274 690 599 13584 13434 13224 210 484 262 222 13134 13032 423 234 12609
is_linear=0
shrinkage=0.03


Tree=297
num_leaves=16
num_cat=0
split_feature=14 3 13 1 0 13 13 2 2 0 1 13 2 2 1
split_gain=0.985625 5.84634 7.74021 5.93658 4.41629 5.64409 4.21939 4.12508 3.75807 5.98685 6.16554 3.66627 3.32353 8.30847 7.50674
threshold=0.87500000000000011 0.87500000000000011 0.54668250000000007 0.45387450000000001 0.43050450000000007 0.78860700000000017 0.66069000000000011 0.25774000000000002 0.39948850000000008 0.50091800000000009 0.52876800000000013 0.57847650000000017 0.51123000000000018 0.33219800000000005 0.14831000000000003
decision_type=2 2 2 2 2 2 2 2 2 2 2 2 2 2 2
left_child=1 2 12 4 7 6 -6 -4 9 -3 -11 -10 13 -1 -14
right_child=-2 8 3 -5 5 -7 -8 -9 11 10 -12 -13 14 -15 -16
leaf_value=0.0038016820717099572 0.00025338556026050722 -0.013036771051218895 -0.0029256836806013783 -0.031390531071549647 -0.0069081747571867799 -0.018776420181788045 0.015591882407352174 -0.033626459581526803 0.025037755727836071 0.021890096301396555 -0.0033274731281233341 0.0050284290111536978 -0.012113061226268202 -0.013950695512171254 0.018481333791174379
leaf_weight=62.506032206118107 1802.7759375618771 20.218077098950744 6.8636281760409465 11.579890994355081 13.919289850629868 12.64330829400569 14.251714196056126 8.947249698918311 11.7022523060441 13.820328354835508 20.681633893400431 25.453000981360674 10.058684642426671 36.946383448550478 20.386201752349734
leaf_count=505 11803 150 67 100 116 118 115 115 83 84 112 211 139 366 190
internal_value=0 -0.00162819 -0.00452269 -0.0126265 -0.00831116 -0.00290414 0.0046189 -0.0212658 0.00459445 -0.00043686 0.0071059 0.0118215 -0.000203653 -0.00286652 0.00830949
internal_weight=0 289.978 198.102 68.2051 56.6252 40.8143 28.171 15.8109 91.8753 54.72 34.502 37.1553 129.897 99.4524 30.4449
internal_count=14274 2471 1831 631 531 349 231 182 640 346 196 294 1200 871 329
is_linear=0
shrinkage=0.03


Tree=298
num_leaves=16
num_cat=0
split_feature=12 2 12 12 11 13 3 0 13 13 2 0 0 13 2
split_gain=0.989345 2.96546 2.43942 2.73506 2.37483 2.40539 2.39961 1.52945 1.5044 2.35744 3.51313 2.81594 4.7086 1.74153 8.09316
threshold=6.9180020000000004 0.08423700000000002 5.5940500000000002 4.9685970000000008 0.10330250000000001 0.74656750000000016 0.87500000000000011 0.55680350000000012 0.0092175000000000017 0.033667000000000009 0.12365850000000002 0.5815665000000001 0.46179200000000004 0.12692700000000004 0.058176000000000005
decision_type=2 2 2 2 2 2 2 2 2 2 2 2 2 2 2
left_child=2 -2 3 8 5 6 7 -3 -1 10 -10 12 -12 14 -11
right_child=1 4 -4 -5 -6 -7 -8 -9 9 13 11 -13 -14 -15 -16
leaf_value=-0.009043905264051251 0.015933664096885035 -0.0086662062906670521 -0.0096363614918058456 0.013355760043639182 0.0086050997293820319 -0.012855643601768194 0.011152904409053177 0.0040013496187674569 -0.0078993574994970072 0.016540654493187843 0.016773867388349389 0.02343353408395045 -0.0095247418720185075 6.3136198949744361e-05 -0.0054490917633252698
leaf_weight=15.895035153254865 12.600123420357702 19.329838399775326 23.119220928288996 12.628087589517234 24.11121735535562 13.867137551307676 13.581769514828919 14.047164624556897 10.470773579552768 15.825604200363157 12.553258068393918 10.691181316971777 10.300026611424981 1738.6007848849986 144.74954146239907
leaf_count=112 62 133 154 70 160 79 66 88 66 100 115 70 79 11833 1087
internal_value=0 0.00292593 -0.000153422 -3.74019e-05 0.000833323 -0.00233674 0.000972825 -0.00337358 -0.000130503 -5.29782e-05 0.00673249 0.0113962 0.00501863 -0.000213698 -0.00319292
internal_weight=0 97.5373 1994.83 1971.71 84.9371 60.8259 46.9588 33.377 1959.09 1943.19 44.0152 33.5445 22.8533 1899.18 160.575
internal_count=14274 588 13686 13532 526 366 287 221 13462 13350 330 264 194 13020 1187
is_linear=0
shrinkage=0.03


Tree=299
num_leaves=16
num_cat=0
split_feature=7 11 0 0 12 2 11 11 12 10 0 5 11 7 6
split_gain=0.967041 3.65726 3.54692 5.47919 5.32902 4.51696 3.616 5.1705 3.90262 5.39658 6.82432 3.7599 3.63504 3.61924 3.48124
threshold=0.58333350000000006 1.2767425000000003 0.66796850000000008 0.70498900000000009 1.8563010000000002 0.32602750000000008 0.093188000000000007 0.52466950000000012 0.16160650000000001 49.209645000000009 0.52295650000000016 1.0000000180025095e-35 5.3344820000000004 0.70833350000000006 2.5000000000000004
decision_type=2 2 2 2 2 2 2 2 2 2 2 2 2 2 2
left_child=1 -1 6 5 -5 -4 8 -8 9 10 -2 -9 13 -13 -3
right_child=2 14 3 4 -6 -7 7 11 -10 -11 -12 12 -14 -15 -16
leaf_value=-5.3995100195674288e-05 -0.023415413050153058 -0.0044092556926298787 -0.02979522636994799 0.0069786341278115262 -0.015482077264140056 -0.0012148967869215401 0.023225101603068381 0.024964361335239871 0.005040936869860708 0.0018311572915231139 0.0031477659905262433 -0.0016697222219688554 -0.010717072439330831 0.013485650860489208 -0.024944910103978743
leaf_weight=1703.5928390941117 20.81416268274188 41.879048299044371 10.762599989771845 34.341054663062096 12.008904505521057 8.780096121132372 15.203924853354691 6.2968776579946271 87.403124257922173 59.067018637433648 14.129188522696493 28.564559371210635 14.325523031409828 26.78750354796648 8.2163534732535464
leaf_count=10556 135 293 102 354 80 86 173 125 574 413 96 214 255 599 219
internal_value=0 -0.000291223 0.00145798 -0.00474079 0.000955173 -0.0176389 0.00296824 0.00780685 0.000506883 -0.0037172 -0.012886 0.00445973 0.00227969 0.00577384 -0.00819968
internal_weight=0 1753.69 338.485 65.8927 46.35 19.5427 272.592 91.1784 181.413 94.0104 34.9434 75.9745 69.6776 55.3521 50.0954
internal_count=14274 11068 3206 622 434 188 2584 1366 1218 644 231 1193 1068 813 512
is_linear=0
shrinkage=0.03


Tree=300
num_leaves=16
num_cat=0
split_feature=13 13 1 2 13 2 0 6 1 0 13 1 13 1 13
split_gain=0.962493 1.58819 5.88638 8.129 4.20029 3.629 2.32781 2.0432 4.45841 3.3658 3.31655 6.51933 5.56828 8.91153 8.22237
threshold=0.98640400000000017 0.95102850000000017 0.49248100000000006 0.31181400000000009 0.94102200000000014 0.42196600000000006 0.48616500000000001 2.5000000000000004 0.092558500000000016 0.79622000000000015 0.8313155000000001 0.29512900000000003 0.78860700000000017 0.46648950000000006 0.81279400000000013
decision_type=2 2 2 2 2 2 2 2 2 2 2 2 2 2 2
left_child=1 4 3 -3 7 -5 -7 10 -9 -10 12 -12 -1 14 -14
right_child=-2 2 -4 5 -6 6 -8 8 9 -11 11 -13 13 -15 -16
leaf_value=0.00064440734778311909 -0.0058932516806189531 -0.014799900865849518 0.016684436233777036 0.020429877147313404 -0.014491496198641103 0.010582407429592027 -0.0073417404805982836 -0.011648404773718051 -0.00045398675117223002 -0.017328927500568657 -0.003904995288932062 0.0090121528043328389 -0.010499324337839922 -0.021495889614608771 0.016914634021147457
leaf_weight=1111.3221414983273 23.712881729006767 22.417322501540184 22.919325813651085 12.15199897252023 17.103686608374119 10.95193866081536 13.360731761902569 34.870494381524622 590.82602125639096 9.8344620857387763 51.762652361765504 105.66155951842666 22.706884663552046 26.184456836432219 15.845604129135607
leaf_count=6266 157 139 134 80 109 83 95 548 5363 67 301 574 127 138 93
internal_value=0 6.25018e-05 0.00413336 -0.00094908 -0.000107158 0.00773372 0.000831501 2.50825e-05 -0.00137348 -0.000758619 0.000692161 0.00476703 0.000143124 -0.00834117 0.000910966
internal_weight=0 2067.92 81.8013 58.882 1986.12 36.4647 24.3127 1969.01 635.531 600.66 1333.48 157.424 1176.06 64.7369 38.5525
internal_count=14274 14117 531 397 13586 258 178 13477 5978 5430 7499 875 6624 358 220
is_linear=0
shrinkage=0.03


Tree=301
num_leaves=16
num_cat=0
split_feature=1 1 2 2 2 0 5 13 2 1 4 0 2 2 2
split_gain=0.977405 9.79722 7.23359 5.42278 8.19222 8.78453 5.97823 5.71571 4.9495 4.8747 5.78581 7.84244 5.16543 4.04587 16.7957
threshold=0.30579500000000009 0.31471900000000003 0.054539500000000012 0.58896300000000013 0.43736600000000009 0.68054500000000007 2.5000000000000004 0.33790550000000003 0.48368100000000008 0.29178450000000006 0.92708350000000006 0.52621850000000014 0.092409000000000005 0.28275000000000006 0.23504400000000003
decision_type=2 2 2 2 2 2 2 2 2 2 2 2 2 2 2
left_child=2 -2 -1 4 13 6 7 -6 -7 12 -11 -12 -4 14 -3
right_child=1 3 9 -5 5 8 -8 -9 -10 10 11 -13 -14 -15 -16
leaf_value=-0.015549840925687416 -0.017770047154479034 0.0010107169013173743 0.015919267239005077 0.014359493304650467 -0.0063453110023180452 0.019098236590871571 -0.0042251450778054709 -0.029745361768796205 -0.006360374247913375 -0.0045181532621848689 0.026906346272999284 -0.002175045143549938 0.00024963430606632782 0.0032965074721199444 -0.011311758744955103
leaf_weight=22.696800449863076 28.000861246138811 690.2789600379765 18.432704700157046 21.820048404857516 15.573335811495779 12.675873178988697 34.379799987189472 25.519469439983368 13.06617436558008 16.306841810233891 22.775581415742636 12.642804872244595 738.70362386479974 302.95479783881456 115.30452984105796
leaf_count=164 223 4082 129 139 109 83 265 163 83 140 150 80 5760 1979 725
internal_value=0 -0.000534958 0.000789583 -0.000129005 -0.000401975 -0.00852872 -0.0136451 -0.0212386 0.00642131 0.0012667 0.0100871 0.0167509 0.000651611 0.000347052 -0.000764858
internal_weight=0 1259.57 831.558 1231.57 1209.75 101.215 75.4726 41.0928 25.742 808.862 51.7252 35.4184 757.136 1108.54 805.583
internal_count=14274 7851 6423 7628 7489 703 537 272 166 6259 370 230 5889 6786 4807
is_linear=0
shrinkage=0.03


Tree=302
num_leaves=16
num_cat=0
split_feature=2 2 12 1 5 2 1 0 1 0 0 1 2 0 0
split_gain=0.965918 9.60522 6.14335 5.46813 4.67618 4.1023 4.21567 3.62211 13.282 8.01424 7.37605 4.96088 7.73032 4.50249 5.80326
threshold=0.53675050000000013 0.48609650000000004 0.060726000000000009 0.38680900000000007 3.5000000000000004 0.51513100000000012 0.25188050000000006 0.57404600000000017 0.23177500000000004 0.54007600000000011 0.55243100000000012 0.30579500000000009 0.59441200000000005 0.40186100000000008 0.41792050000000008
decision_type=2 2 2 2 2 2 2 2 2 2 2 2 2 2 2
left_child=1 -1 4 7 5 6 -3 9 -9 13 -11 -10 -13 -2 -15
right_child=3 2 -4 -5 -6 -7 -8 8 11 10 -12 12 -14 14 -16
leaf_value=0.00026673953821281356 0.0088523769948272244 -0.024676065237571768 -0.020254397746737464 0.021158719342140024 0.0080540113661536645 0.0025103274743714338 -0.0038826603868738364 -0.02994596316299664 0.0082833314516372221 0.029530358444655416 0.0043244246701517062 -0.024308018513271509 0.0042854592334066986 -0.022371603423727085 -0.00065547428248522409
leaf_weight=1649.8212622632273 39.969483978580683 17.606687827035785 30.31184694217518 11.224412450566886 19.400123954750597 18.583856637589633 17.445849539712071 14.26718390919268 37.494597500190139 16.141297997906804 27.842332661151886 13.288502486422656 20.437559589743614 10.991323105990885 145.90672452794388
leaf_count=10839 402 128 250 67 168 157 131 124 247 124 191 88 132 95 1131
internal_value=0 -0.000291396 -0.00911846 0.00145882 -0.00428564 -0.00881458 -0.0147218 0.000718678 -0.00455304 0.00260091 0.0140254 0.000877978 -0.0073563 -9.50832e-06 -0.00230882
internal_weight=0 1753.17 103.348 337.563 73.0365 53.6364 35.0525 326.339 85.4878 240.851 43.9836 71.2207 33.7261 196.868 156.898
internal_count=14274 11673 834 2601 584 416 259 2534 591 1943 315 467 220 1628 1226
is_linear=0
shrinkage=0.03


Tree=303
num_leaves=16
num_cat=0
split_feature=12 12 10 12 10 10 14 1 13 13 4 2 7 10 2
split_gain=0.959874 3.43349 3.53232 6.75956 4.53022 3.40304 2.88019 3.02228 4.7396 3.66725 3.05577 4.17698 4.3819 3.36675 3.13516
threshold=1.0622635000000002 0.04293700000000001 51.160083500000006 0.29647000000000007 3.3617040000000005 49.209645000000009 0.87500000000000011 0.57373000000000007 0.31701850000000004 0.065355500000000025 0.60416650000000016 0.46055850000000004 0.58333350000000006 0.34825400000000006 0.29126250000000004
decision_type=2 2 2 2 2 2 2 2 2 2 2 2 2 2 2
left_child=1 -1 3 5 -5 -3 -2 9 -9 -8 13 14 -13 -11 -12
right_child=6 2 -4 4 -6 -7 7 8 -10 10 11 12 -14 -15 -16
leaf_value=0.00012341505577718992 -0.0050085557223316108 -0.022812915860724575 0.0086853187985881496 -0.0056909272241152968 0.0078300201851178204 -0.0047816362893791115 -0.011202676533556884 0.0085948310979486863 -0.010001032429436705 0.0027402190081196073 0.0024205454415222303 -0.008099309784011615 0.0075547091436066766 0.026230273473558958 0.010339186876785946
leaf_weight=1524.5475516503211 55.02985923923552 24.99685503076762 15.802088700234888 77.920627805404365 30.124531564302742 15.786564283072947 13.515648619271813 17.255815159529448 37.491860937327147 10.966773794963958 110.29424298368394 46.836123181506991 23.328018520027399 10.549551961477844 76.000389228574932
leaf_count=10351 477 251 114 631 239 100 98 91 188 78 629 325 153 94 455
internal_value=0 -0.000322185 -0.00442446 -0.00586508 -0.00188386 -0.0161148 0.00130835 0.00232387 -0.0040908 0.00353854 0.00429287 0.00334759 -0.00286167 0.0149109 0.00568897
internal_weight=0 1689.18 164.631 148.829 108.045 40.7834 401.268 346.238 54.7477 291.491 277.975 256.459 70.1641 21.5163 186.295
internal_count=14274 11686 1335 1221 870 351 2588 2111 279 1832 1734 1562 478 172 1084
is_linear=0
shrinkage=0.03


Tree=304
num_leaves=16
num_cat=0
split_feature=3 1 0 1 1 2 2 0 4 13 4 1 2 2 13
split_gain=0.959543 3.22869 8.19297 3.26987 3.60704 2.92919 3.85963 2.87521 2.86069 2.81149 4.07008 3.48709 3.29899 5.83303 2.72951
threshold=0.37500000000000006 0.69749300000000014 0.71770300000000009 0.11690300000000002 0.21293600000000004 0.57783350000000011 0.46612850000000006 0.39208300000000007 0.53125000000000011 0.52878700000000012 0.82291650000000016 0.43028250000000007 0.30294450000000006 0.36148400000000008 0.017249000000000004
decision_type=2 2 2 2 2 2 2 2 2 2 2 2 2 2 2
left_child=1 2 3 -1 7 6 9 -5 -8 10 12 -11 -6 -14 -2
right_child=14 -3 -4 4 5 -7 8 -9 -10 11 -12 -13 13 -15 -16
leaf_value=-0.016603268690674328 -0.0098599812726943171 0.014693587392157613 -0.028972921524465026 -0.0028654789507136188 -0.0071377734786780824 -0.016952595145943855 0.022034326334885522 0.013849615810491756 -0.00039471893183611929 -0.0049960598907306487 -0.023244672698740015 0.016525297445097707 0.016926023466129633 -0.0085452103083161254 0.00034714164989663724
leaf_weight=10.888001326704396 22.885102486237884 9.1753415111452323 9.1170391999185068 14.197117254603652 64.654269038233906 10.548104303888975 9.2835732009261864 24.13662542309612 10.119707848876713 13.096648843958976 9.3094673156738263 12.296568138524888 15.717151194810869 14.806428628973661 1839.7997519345954
leaf_count=228 149 60 86 181 526 94 72 207 122 132 95 92 145 170 11915
internal_value=0 -0.0018439 -0.00260327 -0.0013208 -0.000401978 -0.0023916 -0.00125679 0.00774362 0.0108905 -0.00314086 -0.0053123 0.00565683 -0.00333486 0.00469127 0.000216513
internal_weight=0 227.346 218.171 209.054 198.166 159.832 149.284 38.3337 19.4033 129.881 104.487 25.3932 95.1778 30.5236 1862.68
internal_count=14274 2210 2150 2064 1836 1448 1354 388 194 1160 936 224 841 315 12064
is_linear=0
shrinkage=0.03


Tree=305
num_leaves=16
num_cat=0
split_feature=13 1 1 2 4 1 0 0 2 2 2 2 2 2 2
split_gain=0.952737 3.98332 6.63499 7.55355 8.38281 5.04912 8.05092 5.96136 5.97596 5.69789 5.79448 7.9465 9.71843 12.0231 12.2556
threshold=0.40556650000000005 0.14831000000000003 0.13525250000000003 0.31496800000000008 0.89583350000000006 0.18665800000000002 0.42468050000000007 0.41985350000000005 0.29601500000000008 0.66216550000000007 0.061293500000000008 0.15632400000000002 0.21401700000000004 0.27193700000000004 0.31760550000000004
decision_type=2 2 2 2 2 2 2 2 2 2 2 2 2 2 2
left_child=1 2 3 -1 -5 7 -7 8 -3 10 -8 -12 -13 -14 -15
right_child=-2 5 -4 4 -6 6 9 -9 -10 -11 11 12 13 14 -16
leaf_value=0.0136116492651086 -0.00051684675148522968 0.0020325037203245753 -0.026703722359274047 2.9806785985257225e-05 -0.023584052995846972 -0.0068236404311590709 0.0105879570078075 -0.0018347309944955767 0.031840478016849853 0.019506402845886697 -0.0070559632952304427 0.012720739967240664 -0.012954220283617401 0.015683354965857248 -0.00020331869111538158
leaf_weight=19.941177722066641 1282.4826489456464 9.9180741561576742 10.185369396582244 44.459794453345239 18.447025258094072 101.62030516285449 58.939771749079227 17.861610205844045 15.135661428794263 15.828679043799637 94.776596358977258 68.972717700526118 50.243763726204634 53.068644899874926 227.83315623085946
leaf_count=152 8529 83 78 451 188 772 333 141 120 117 565 424 324 356 1641
internal_value=0 0.000798063 -0.00500813 -0.0020542 -0.00715549 0.00156034 0.000914197 0.0114163 0.0205713 0.00230406 0.00177815 0.000709701 0.00256217 0.000414363 0.00284302
internal_weight=0 807.232 93.0334 82.848 62.9068 714.199 671.284 42.9153 25.0537 569.663 553.835 494.895 400.118 331.146 280.902
internal_count=14274 5745 869 791 639 4876 4532 344 203 3760 3643 3310 2745 2321 1997
is_linear=0
shrinkage=0.03


Tree=306
num_leaves=16
num_cat=0
split_feature=1 1 2 2 2 0 5 13 2 1 4 0 2 0 0
split_gain=0.960035 9.21565 6.83761 5.00642 7.60984 8.2539 5.73071 5.4253 4.68036 4.56215 5.45096 7.42517 4.84437 3.68542 12.7884
threshold=0.30579500000000009 0.31471900000000003 0.054539500000000012 0.58896300000000013 0.43736600000000009 0.68054500000000007 2.5000000000000004 0.39885150000000008 0.48368100000000008 0.29178450000000006 0.92708350000000006 0.52621850000000014 0.092409000000000005 0.56858000000000009 0.53242800000000012
decision_type=2 2 2 2 2 2 2 2 2 2 2 2 2 2 2
left_child=2 -2 -1 4 -3 6 7 -6 -7 12 -11 -12 -4 14 -14
right_child=1 3 9 -5 5 8 -8 -9 -10 10 11 -13 13 -15 -16
leaf_value=-0.015157639288190701 -0.017305890633023728 0.00032053647203524136 0.015426686210536916 0.013783689085924509 -0.0083654248966868287 0.018554332520743632 -0.0039999282996060707 -0.030657172948589835 -0.0062105732897381784 -0.0044217784919065367 0.026098330329809669 -0.0021888518876419529 -0.00043594267659265493 -0.007560783113179763 0.013983025717870362
leaf_weight=22.539167208597064 27.799389366991818 1108.1138447569683 18.45474866963923 21.818378722295165 19.080326879397035 12.684975771233441 34.260276451706886 21.756585252471268 13.03743464220315 16.266466555185616 22.823652550578117 12.635881692171095 628.78499527135864 49.531369987875223 59.698417921550572
leaf_count=164 223 6786 129 139 132 83 265 140 83 140 150 80 4969 375 416
internal_value=0 -0.000530588 0.000782734 -0.000137937 -0.000400373 -0.00824926 -0.0132288 -0.0206907 0.00623952 0.00124547 0.00977814 0.0162347 0.000649878 0.000259996 0.000832794
internal_weight=0 1258.55 830.735 1230.75 1208.93 100.82 75.0972 40.8369 25.7224 808.196 51.726 35.4595 756.47 738.015 688.483
internal_count=14274 7851 6423 7628 7489 703 537 272 166 6259 370 230 5889 5760 5385
is_linear=0
shrinkage=0.03


Tree=307
num_leaves=16
num_cat=0
split_feature=12 2 2 1 1 3 0 2 1 1 6 0 0 0 1
split_gain=0.946549 1.36668 5.81022 6.61176 7.94345 6.05032 9.87802 7.11992 6.06896 11.0283 9.78592 10.7146 7.08023 11.472 6.39309
threshold=37.479372000000005 0.33724900000000008 0.36621450000000005 0.48936550000000006 0.22554100000000002 0.87500000000000011 0.37790300000000004 0.37110750000000003 0.24773900000000001 0.20647000000000001 2.5000000000000004 0.44613450000000004 0.52153650000000018 0.49143850000000006 0.17991000000000004
decision_type=2 2 2 2 2 2 2 2 2 2 2 2 2 2 2
left_child=1 -1 3 4 -3 7 -7 -4 9 10 11 -8 13 -10 -12
right_child=-2 2 5 -5 -6 6 8 -9 12 -11 14 -13 -14 -15 -16
leaf_value=-0.00073730570386219894 0.0061928790684019769 -0.0058264216735433878 -0.025328343235188698 -0.012105904528608935 0.015754460364813424 0.019234451218598396 -0.0056154593407038347 -0.0012856534487273269 -0.00090773598926843714 -0.022323762156579489 -0.021736186242129831 0.0274692711273774 0.0021059823673345462 0.039723581756413211 0.0080387916208104239
leaf_weight=1188.2197898104787 20.921283742412925 19.460811737691984 10.326052123680709 12.307416327297686 64.582701955921948 31.767746135592461 15.688876435160635 533.2291825027205 12.1017427071929 22.254292516037822 17.382444904185835 18.290526051074266 101.09957120195031 11.846627502702175 9.3735583834350091
leaf_count=7560 126 160 75 80 436 242 87 4230 82 149 165 106 614 85 77
internal_value=0 -7.39603e-05 0.000821835 0.00773396 0.0107475 -3.71115e-05 0.00392265 -0.00178807 0.00150368 -0.00475196 0.0019439 0.0124697 0.00566008 0.0199781 -0.0113912
internal_weight=0 2067.93 879.712 96.3509 84.0435 783.361 239.805 543.555 208.038 82.9897 60.7354 33.9794 125.048 23.9484 26.756
internal_count=14274 14148 6588 676 596 5912 1607 4305 1365 584 435 193 781 167 242
is_linear=0
shrinkage=0.03


Tree=308
num_leaves=16
num_cat=0
split_feature=13 13 1 2 13 2 0 13 1 0 2 2 0 0 6
split_gain=0.9425 1.49318 5.58017 7.65609 4.06048 3.34789 2.18031 1.87628 2.07371 8.09048 9.94238 6.15352 5.94613 8.76732 4.66335
threshold=0.98640400000000017 0.95102850000000017 0.49248100000000006 0.31181400000000009 0.94102200000000014 0.42196600000000006 0.48616500000000001 0.93263050000000003 0.1141515 0.31796350000000001 0.53675050000000013 0.57783350000000011 0.44613450000000004 0.39532050000000002 2.5000000000000004
decision_type=2 2 2 2 2 2 2 2 2 2 2 2 2 2 2
left_child=1 4 3 -3 7 -5 -7 8 9 -1 -11 -12 13 -13 -14
right_child=-2 2 -4 5 -6 6 -8 -9 -10 10 11 12 14 -15 -16
leaf_value=0.0045489264955890247 -0.0058396497701000069 -0.014420262549096391 0.016234080913560343 0.019649139846140203 -0.01426014422156356 0.010244078464783717 -0.0071140079202808076 0.0098054382266510969 0.00020834482806684289 -0.033873903831354718 0.017014629082216393 -0.0013192777340183827 0.015391513347013181 -0.033502478271201466 -0.009522419198260591
leaf_weight=60.25673208408989 23.64674336463213 22.324571628123522 22.903890486806631 12.181182852014897 17.067024761810899 10.972753485664727 13.291296713054178 16.504198455251753 1813.4467012793757 12.140753273153676 8.7617064425721747 15.050892270635815 11.37599413841963 14.605731096584348 13.930735661648212
leaf_count=512 157 139 134 80 109 83 95 109 12077 135 77 166 66 155 180
internal_value=0 6.17858e-05 0.00401206 -0.000943053 -0.000102842 0.00747706 0.000830486 2.72409e-05 -6.05216e-05 -0.0036178 -0.0100791 -0.0050924 -0.00885754 -0.0177451 0.00183636
internal_weight=0 2064.81 81.6737 58.7698 1983.14 36.4452 24.2641 1966.07 1949.57 136.123 75.8658 63.7251 54.9634 29.6566 25.3067
internal_count=14274 14117 531 397 13586 258 178 13477 13368 1291 779 644 567 321 246
is_linear=0
shrinkage=0.03


Tree=309
num_leaves=16
num_cat=0
split_feature=2 2 12 1 5 2 1 2 1 14 5 1 2 2 2
split_gain=0.967563 8.77587 5.83263 5.17811 4.44668 3.8649 4.02999 3.53686 4.01404 3.38921 10.4275 7.53256 5.32611 5.78347 5.28721
threshold=0.53675050000000013 0.48609650000000004 0.060726000000000009 0.38680900000000007 3.5000000000000004 0.51513100000000012 0.25188050000000006 0.47848200000000002 0.26505600000000007 0.87500000000000011 4.5000000000000009 0.29742700000000005 0.33724900000000008 0.34287750000000006 0.32381050000000006
decision_type=2 2 2 2 2 2 2 2 2 2 2 2 2 2 2
left_child=1 7 4 -2 5 6 -3 9 -9 10 -1 -12 14 -14 -11
right_child=3 2 -4 -5 -6 -7 -8 8 -10 12 11 -13 13 -15 -16
leaf_value=-0.0062330461851007029 0.00073975059298514586 -0.024046924487181598 -0.019659927093788693 0.020623012364423068 0.0079678977680134183 0.00250528357596899 -0.0036566228117331095 0.025571736862900072 -0.00080262911317413295 -6.2453094758657674e-05 -0.0096473957760236442 0.023839272707897659 0.021859901361094523 0.0029288516715427772 -0.01133221660642463
leaf_weight=174.39406367973424 325.37019481603056 17.416941543109715 30.029700175859034 11.235477039590476 19.420711574144661 18.545577177777886 17.378259589895606 9.5103670924436319 10.149967678822575 1025.9212083122693 8.1138840448111313 18.445939375087619 14.192602230235932 350.08292134385556 37.886754815699533
leaf_count=1367 2534 128 250 67 168 157 131 82 84 6309 82 168 103 2386 258
internal_value=0 -0.000291377 -0.00875255 0.00146255 -0.00404541 -0.00848545 -0.0142498 0.000241137 0.0125757 8.46505e-05 -0.00355322 0.0136304 0.000598685 0.00372425 -0.000474083
internal_weight=0 1751.49 102.791 336.606 72.7615 53.3408 34.7952 1648.7 19.6603 1629.04 200.954 26.5598 1428.08 364.276 1063.81
internal_count=14274 11673 834 2601 584 416 259 10839 166 10673 1617 250 9056 2489 6567
is_linear=0
shrinkage=0.03


Tree=310
num_leaves=16
num_cat=0
split_feature=13 13 0 0 0 0 2 1 14 4 4 2 13 1 0
split_gain=0.955294 3.89619 4.45635 8.33867 9.97657 6.20973 9.68227 7.34583 5.97898 8.29822 7.98928 10.7967 7.35604 6.43539 5.8241
threshold=0.40556650000000005 0.39885150000000008 0.56497300000000006 0.68580050000000015 0.70498900000000009 0.71770300000000009 0.12621600000000002 0.64261400000000013 0.87500000000000011 0.57291650000000016 0.89583350000000006 0.33219800000000005 0.27877000000000007 0.44425150000000008 0.61347000000000007
decision_type=2 2 2 2 2 2 2 2 2 2 2 2 2 2 2
left_child=1 2 -1 8 -5 -6 -7 -8 13 14 11 -11 -13 -4 -10
right_child=-2 -3 3 4 5 6 7 -9 9 10 -12 12 -14 -15 -16
leaf_value=-0.0013810103410518413 -0.00051641143963417188 0.014843387610265704 -0.020352858860821523 -0.021345723880459824 0.017602360228772537 0.010894997871445006 0.00069211401006349297 -0.021441160903944705 0.038306560391206702 0.0088992624794274333 0.015024580649742174 -0.021268252377951369 0.0071023251842227382 0.0068408910868022494 0.011963642824633641
leaf_weight=467.22625815682113 1281.5370063923765 16.400472519919276 13.100203976966442 20.956250257790089 15.866504099220036 30.545725550502539 27.746870991773903 25.164531307294965 12.006799602881072 51.866832168772817 51.160584568977356 24.470528213307261 11.547055598348377 16.808889744803309 21.525826347991824
leaf_count=3574 8529 112 124 122 101 172 176 135 88 310 309 171 85 120 146
internal_value=0 0.000800869 0.000490945 0.00319662 -0.00304414 0.000991582 -0.00233741 -0.0100369 0.00690046 0.00904093 0.00572363 0.000201109 -0.0122266 -0.00534311 0.0222322
internal_weight=0 806.393 789.993 322.767 120.28 99.3236 83.4571 52.9114 202.487 172.578 139.045 87.8844 36.0176 29.9091 33.5326
internal_count=14274 5745 5633 2059 706 584 483 311 1353 1109 875 566 256 244 234
is_linear=0
shrinkage=0.03


Tree=311
num_leaves=16
num_cat=0
split_feature=1 1 2 2 2 0 5 13 2 1 1 2 0 0 2
split_gain=0.986687 8.77083 6.4744 4.69289 7.22422 7.83719 5.46072 5.28103 4.39488 4.27997 7.49292 16.1979 10.8426 13.837 7.73645
threshold=0.30579500000000009 0.31471900000000003 0.054539500000000012 0.58896300000000013 0.43736600000000009 0.68054500000000007 2.5000000000000004 0.33790550000000003 0.48368100000000008 0.24052150000000003 0.23177500000000004 0.41206200000000009 0.56858000000000009 0.53855550000000008 0.092409000000000005
decision_type=2 2 2 2 2 2 2 2 2 2 2 2 2 2 2
left_child=2 -2 -1 4 -3 6 7 -6 -7 10 12 -12 13 14 -4
right_child=1 3 9 -5 5 8 -8 -9 -10 -11 11 -13 -14 -15 -16
leaf_value=-0.014769813446788144 -0.01694655755062666 0.00029319371521712204 0.023541322991654585 0.013320286620678041 -0.0059111995831856098 0.017956872958288399 -0.003928012129378061 -0.028505896151359622 -0.0060447314673742203 0.0044278116117767285 -0.036837837548875145 0.0044247331709313942 -0.0223654861573159 0.021537965052761555 -0.00040520115885595861
leaf_weight=22.37894836999476 27.645420949906111 1107.9167756186798 11.470831353217362 21.832713449373841 15.44825481623411 12.707437152042987 34.189438856206834 25.13281072396785 13.004715857096015 257.60298059880733 14.288101347163318 19.035200135782361 16.793605133891106 28.112801883369684 459.98518616054207
leaf_count=164 223 6786 78 139 109 83 265 163 83 1844 108 118 148 202 3761
internal_value=0 -0.000536256 0.000795828 -0.000154024 -0.000408283 -0.00806941 -0.012939 -0.0202536 0.00604549 0.00124506 -0.000251821 -0.0138253 0.00064917 0.00146597 0.000226028
internal_weight=0 1257.88 829.668 1230.23 1208.4 100.483 74.7705 40.5811 25.7122 807.289 549.686 33.3233 516.362 499.569 471.456
internal_count=14274 7851 6423 7628 7489 703 537 272 166 6259 4415 226 4189 4041 3839
is_linear=0
shrinkage=0.03


Tree=312
num_leaves=16
num_cat=0
split_feature=3 1 0 1 1 5 0 13 4 7 4 1 0 13 4
split_gain=0.978141 3.00526 7.79516 3.05893 3.48827 2.62396 4.24158 2.55833 2.63408 5.31662 4.6212 3.18932 2.52926 7.30905 4.17575
threshold=0.37500000000000006 0.69749300000000014 0.71770300000000009 0.11690300000000002 0.23177500000000004 3.5000000000000004 0.39208300000000007 0.017249000000000004 0.53125000000000011 0.41666650000000005 0.60416650000000016 0.28093200000000007 0.42468050000000007 0.34886900000000004 0.60416650000000016
decision_type=2 2 2 2 2 2 2 2 2 2 2 2 2 2 2
left_child=1 2 3 -1 5 6 -5 -2 9 11 -10 -9 13 -6 -14
right_child=7 -3 -4 4 12 -7 -8 8 10 -11 -12 -13 14 -15 -16
leaf_value=-0.01623307668105203 -0.0095498125125851995 0.014074317181065568 -0.028501492599824717 -0.013706577715308883 -0.02999379606487328 0.016415129981499344 0.0087952622592788882 0.010683710091298445 -0.016736769347317902 0.018908599035945561 0.00027258728306952103 -0.0060930331248560026 0.0032937398966004432 0.0085745462244908362 -0.0073183102413393276
leaf_weight=10.737244852352886 22.816477945074439 9.1984075605869275 8.9803745346143824 10.151705248747019 9.1525129936635512 15.146511801518498 22.319328562356532 15.365134619176386 13.493624744005499 19.534228004515171 1762.8797444677912 26.064485162496567 76.209327464923263 7.2055581095628431 57.822648673318326
leaf_count=228 149 60 86 134 116 156 183 84 115 147 11439 130 609 73 565
internal_value=0 -0.0018624 -0.00259696 -0.00135195 -0.000467487 0.00652635 0.00156099 0.000219757 0.000346206 0.00642647 0.000134038 0.000234165 -0.00271041 -0.0134896 -0.00130469
internal_weight=0 226.924 217.725 208.745 198.008 47.6175 32.471 1860.15 1837.34 60.9638 1776.37 41.4296 150.39 16.3581 134.032
internal_count=14274 2210 2150 2064 1836 473 317 12064 11915 361 11554 214 1363 189 1174
is_linear=0
shrinkage=0.03


Tree=313
num_leaves=16
num_cat=0
split_feature=4 2 2 4 0 4 1 13 2 2 0 10 4 0 3
split_gain=0.977596 1.22934 9.25521 6.33048 5.67223 5.73111 11.4816 5.48257 5.31322 9.22901 5.97493 4.59835 7.92327 4.42313 5.49064
threshold=0.35416650000000005 0.53675050000000013 0.52471750000000006 0.53125000000000011 0.6736025000000001 0.82291650000000016 0.24773900000000001 0.29099350000000007 0.51801750000000013 0.48912250000000007 0.60935800000000007 2.8564175000000005 0.64583350000000006 0.40186100000000008 0.62500000000000011
decision_type=2 2 2 2 2 2 2 2 2 2 2 2 2 2 2
left_child=-1 2 8 7 5 6 11 -3 9 -2 -11 12 -5 -7 -15
right_child=1 3 -4 4 -6 13 -8 -9 -10 10 -12 -13 -14 14 -16
leaf_value=-0.0080397718581568401 0.00024599111988907386 0.0030051672098471128 -0.020751047088524991 -0.024079771143904853 0.017765240555476802 0.012211564540773738 -0.031566219506971173 0.031323523502084116 0.018917239635135842 -0.0066565972585209982 -0.029868301549793929 0.015915229108047324 0.0037419416709428355 0.0084061957559466542 -0.0028101620558847462
leaf_weight=12.550396644510327 1646.2474335096776 13.597699785605075 18.644523255061358 13.176117078401147 15.286480950191615 30.509703890420496 13.783904164098201 10.609205972403286 12.201288815587757 51.313934478908777 11.696268841624258 9.9265035619027895 25.691948395688087 52.188560651615262 149.20246383268386
leaf_count=99 10823 120 161 115 97 289 106 68 110 408 89 86 236 430 1037
internal_value=0 4.44518e-05 -0.000275775 0.00170878 0.000530574 -0.000421177 -0.00840303 0.0161666 -4.2096e-05 -0.000188416 -0.0113646 -0.00135718 -0.00605693 0.00175956 0.000123623
internal_weight=0 2074.08 1740.1 333.973 309.766 294.479 62.5785 24.2069 1721.46 1709.26 63.0102 48.7946 38.8681 231.901 201.391
internal_count=14274 14175 11591 2584 2396 2299 543 188 11430 11320 497 437 351 1756 1467
is_linear=0
shrinkage=0.03


Tree=314
num_leaves=16
num_cat=0
split_feature=13 13 0 2 3 0 4 13 2 2 3 0 5 0 0
split_gain=0.935994 3.81841 13.1451 6.43667 7.06568 6.50516 6.27345 5.52676 4.36898 18.2974 7.84247 23.2441 4.29497 3.92235 8.24028
threshold=0.40556650000000005 0.52523100000000011 0.42468050000000007 0.26864000000000005 0.87500000000000011 0.38232500000000008 0.89583350000000006 0.5365080000000001 0.058176000000000005 0.067995500000000014 0.87500000000000011 0.61161100000000002 1.0000000180025095e-35 0.81399200000000016 0.68054500000000007
decision_type=2 2 2 2 2 2 2 2 2 2 2 2 2 2 2
left_child=-1 2 3 6 5 -5 -2 -3 10 -10 -9 -12 -4 14 -11
right_child=1 7 12 4 -6 -7 -8 8 9 13 11 -13 -14 -15 -16
leaf_value=0.00079274496312744787 0.033416072305021541 0.013694348940102869 -0.019888379635763578 -0.026868617259039215 0.017790489627731925 0.0066000255383899574 0.0060648617748669783 -0.016111656901866171 0.033538161281897488 -0.00075811246060482958 -0.015199152084788774 0.026955677892161516 -0.0061223489399524957 -0.012038093761232712 0.0080942915338772323
leaf_weight=805.31361576635391 12.072286190465094 25.915223225951195 22.860550679266453 10.795981192495676 9.7270811945199984 8.8047536667436344 19.202973758801818 39.747692823410034 13.86816296726465 784.54311482817866 28.187909230589867 18.735175590962172 157.08132195007056 22.773881459608674 106.60176188405603
leaf_count=5745 85 170 128 112 69 71 124 234 82 5380 172 98 1057 120 627
internal_value=0 -0.000511818 -0.00390989 0.00808341 -0.00202422 -0.0122437 0.0173307 0.000276852 -7.90586e-05 0.000525297 -0.00648071 0.00184344 -0.00797149 -1.1763e-05 0.000308728
internal_weight=0 1280.92 240.545 60.6031 29.3278 19.6007 31.2753 1040.37 1014.46 927.787 86.6708 46.9231 179.942 913.919 891.145
internal_count=14274 8529 1646 461 252 183 209 6883 6713 6209 504 270 1185 6127 6007
is_linear=0
shrinkage=0.03


Tree=315
num_leaves=16
num_cat=0
split_feature=3 13 0 0 13 4 13 13 6 2 4 14 0 1 0
split_gain=0.94669 3.0089 4.1528 3.87318 3.16845 8.96279 9.14055 7.58992 6.06693 5.43955 5.06599 4.7957 4.19954 3.46188 2.92036
threshold=0.37500000000000006 0.033667000000000009 0.34688750000000007 0.71770300000000009 0.28753550000000005 0.60416650000000016 0.34131050000000002 0.24331000000000005 2.5000000000000004 0.22578600000000001 0.71875000000000011 0.87500000000000011 0.52153650000000018 0.20424150000000005 0.51427950000000011
decision_type=2 2 2 2 2 2 2 2 2 2 2 2 2 2 2
left_child=1 -1 -3 4 7 6 -6 10 9 -7 11 -4 -8 -10 -13
right_child=-2 2 3 -5 5 8 12 -9 13 -11 -12 14 -14 -15 -16
leaf_value=0.0092946204107197516 0.00021617998761649265 -0.018757514110738307 -0.02395565255203206 -0.015930144348526618 0.038084753351934612 -0.011007409770944733 -0.0089985785329925946 -0.02590450048647051 0.0036276853605151458 0.013385804132246092 0.014582400831817268 0.0065055760268829879 0.015652940862226489 -0.02299502901054502 -0.0069307536657662906
leaf_weight=19.005019376985729 1859.2351373969577 12.873453822219743 8.7398850386962277 14.932113315910099 10.049305072985588 12.419694751501082 10.414219603873791 11.700225064530967 5.6437052106484797 20.450423752889037 14.418103800155221 24.579992884770036 12.835348960012196 15.602527068462221 32.829161130823195
leaf_count=172 12064 241 135 127 76 85 93 111 86 124 147 223 93 238 259
internal_value=0 -0.00183401 -0.00289304 -0.0017531 -0.000493303 0.0035786 0.0155883 -0.00434808 -0.00395997 0.00411617 -0.000938384 -0.00448814 0.00469502 -0.016078 -0.00116504
internal_weight=0 226.493 207.488 194.615 179.683 87.4152 33.2989 92.2674 54.1164 32.8701 80.5671 66.149 23.2496 21.2462 57.4092
internal_count=14274 2210 2038 1797 1670 795 262 875 533 209 764 617 186 324 482
is_linear=0
shrinkage=0.03


Tree=316
num_leaves=16
num_cat=0
split_feature=4 2 2 4 0 4 1 13 2 2 5 10 4 13 13
split_gain=0.942522 1.16044 8.79528 5.8813 5.28369 5.42653 11.0202 5.0197 4.99747 8.74423 5.83827 4.35315 7.56243 4.32162 6.94081
threshold=0.35416650000000005 0.53675050000000013 0.52471750000000006 0.53125000000000011 0.6736025000000001 0.82291650000000016 0.24773900000000001 0.29099350000000007 0.51801750000000013 0.48912250000000007 3.5000000000000004 2.8564175000000005 0.64583350000000006 0.22566750000000005 0.28468550000000009
decision_type=2 2 2 2 2 2 2 2 2 2 2 2 2 2 2
left_child=-1 2 8 7 5 6 11 -3 9 -2 -11 12 -5 -7 -15
right_child=1 3 -4 4 -6 13 -8 -9 -10 10 -12 -13 -14 14 -16
leaf_value=-0.0079012477668918696 0.00023940761538780646 0.0029653283369992034 -0.020312199453300008 -0.02362013053350203 0.017138841201443617 0.01335203635258498 -0.031055602395451045 0.030056440110661307 0.018299226078094179 -0.015989334164140622 0.0054431247150605678 0.015537512278837293 0.0036504319947703108 -0.023059165471734023 0.001560762607507291
leaf_weight=12.525803142692892 1645.4866259905975 13.577778124250473 18.480494594201446 13.024049653206019 15.322207560762761 24.592107682488859 13.593264790251849 10.646401431411503 12.26945297885686 48.412316762376577 14.333667694590984 9.8849189914762956 25.722977557685226 9.8701446987688524 197.5309236459434
leaf_count=99 10823 120 161 115 97 184 106 68 110 364 133 86 236 79 1493
internal_value=0 4.38129e-05 -0.000267414 0.00166133 0.000524492 -0.000395868 -0.00818942 0.0155913 -4.04326e-05 -0.000182787 -0.0110847 -0.00130108 -0.00587967 0.00172069 0.000284083
internal_weight=0 2072.75 1738.98 333.765 309.541 294.218 62.2252 24.2242 1720.5 1708.23 62.746 48.6319 38.747 231.993 207.401
internal_count=14274 14175 11591 2584 2396 2299 543 188 11430 11320 497 437 351 1756 1572
is_linear=0
shrinkage=0.03


Tree=317
num_leaves=16
num_cat=0
split_feature=0 0 2 0 2 2 2 5 1 1 1 0 0 0 2
split_gain=0.928064 2.63885 2.7962 2.18133 1.71962 2.02339 7.16803 6.29708 5.83597 6.06693 5.82614 5.47382 3.97733 5.69126 3.80057
threshold=0.16396650000000004 0.22206000000000004 0.092409000000000005 0.24105600000000002 0.0066115000000000002 0.15026900000000001 0.16441850000000002 1.0000000180025095e-35 0.55230650000000014 0.39317400000000008 0.25976800000000005 0.82190000000000007 0.45485350000000008 0.70162650000000004 0.17128050000000003
decision_type=2 2 2 2 2 2 2 2 2 2 2 2 2 2 2
left_child=-1 2 -2 -3 -5 7 8 12 9 -7 -9 14 -6 -14 -8
right_child=1 3 -4 4 5 6 11 10 -10 -11 -12 -13 13 -15 -16
leaf_value=-0.0069912206481540558 0.019153476597691461 -0.011748704999549707 0.0022666911314090207 0.0088438059342142768 0.00054201537919409612 0.015611845984949265 -0.011210919275066266 -0.017423727880936157 0.026533991321692364 -0.0078312620988611054 0.00042845674208940806 -0.015747175033498404 -0.022781603436567141 -0.0012012035020517388 0.00043328308823232462
leaf_weight=15.987605122849343 11.864766759797929 13.376876107184215 29.150546848773956 18.501490784808993 21.384879093617201 20.134264776483178 24.675063411705196 16.220324753783643 14.784137217327951 17.887492906302214 368.37389799952507 18.553773442283273 29.576371181756258 17.358760794624686 1447.0232582439203
leaf_count=114 80 115 207 103 132 140 157 132 87 101 2206 98 162 97 10343
internal_value=0 4.95294e-05 0.00749124 -0.000104605 -2.14928e-05 -0.000108056 0.000409631 -0.00186881 0.011167 0.00466488 -0.000367696 2.12212e-05 -0.0101918 -0.0149917 0.000230572
internal_weight=0 2068.87 41.0153 2027.85 2014.47 1995.97 1543.06 452.914 52.8059 38.0218 384.594 1490.25 68.32 46.9351 1471.7
internal_count=14274 14160 287 13873 13758 13655 10926 2729 328 241 2338 10598 391 259 10500
is_linear=0
shrinkage=0.03


Tree=318
num_leaves=16
num_cat=0
split_feature=13 13 13 4 2 2 3 2 13 1 0 13 0 0 3
split_gain=0.921304 1.42504 3.99228 5.20401 6.54384 14.4705 10.8243 9.66985 9.25791 8.71302 7.50906 6.95857 5.55755 4.9728 3.68954
threshold=0.98640400000000017 0.85938800000000015 0.89326150000000004 0.89583350000000006 0.46055850000000004 0.51801750000000013 0.87500000000000011 0.19494950000000003 0.96839150000000018 0.49490350000000005 0.50508450000000005 0.9210965000000001 0.43955750000000005 0.38912550000000007 0.87500000000000011
decision_type=2 2 2 2 2 2 2 2 2 2 2 2 2 2 2
left_child=1 -1 13 -4 6 -6 7 -5 9 11 -9 -8 -13 -3 -7
right_child=-2 2 3 4 5 14 8 10 -10 -11 -12 12 -14 -15 -16
leaf_value=-0.00025036815408632069 -0.005777594829048386 0.02325258616009749 -0.013466111651817887 -0.001235445479977475 -0.033772146887200705 -0.0075166018964279383 0.0010870122240306372 0.041059513150003189 0.01439957328715436 0.0067609058183631847 0.010197986075583455 -0.0089487085729694545 -0.037554228762091121 0.0039608046998489523 0.011378205752765465
leaf_weight=1783.8711836086586 23.614345306530595 14.394716635346411 22.23120632302016 17.433892011642456 12.855328062549232 16.962817830964923 14.31813223659992 14.909351261332633 23.753282397985458 24.475094290450215 14.388902742415665 12.076092813163998 13.331424939446149 57.748485439456999 18.353028804063797
leaf_count=12277 157 110 142 110 90 131 94 105 142 142 95 86 80 382 131
internal_value=0 6.09587e-05 0.00205792 -8.77301e-05 0.00160317 -0.00778384 0.0049931 0.0164961 -0.00123544 -0.00715228 0.0267397 -0.0156798 -0.0248119 0.00807537 0.00234563
internal_weight=0 2061.1 277.232 205.089 182.857 48.1712 134.686 46.7321 87.954 64.2007 29.2983 39.7256 25.4075 72.1432 35.3158
internal_count=14274 14117 1840 1348 1206 352 854 310 544 402 200 260 166 492 262
is_linear=0
shrinkage=0.03


Tree=319
num_leaves=16
num_cat=0
split_feature=13 2 2 2 13 0 14 0 0 3 0 1 0 0 13
split_gain=0.920836 3.82656 4.91752 4.53112 4.45533 4.86608 9.13048 9.35807 8.80665 16.3665 7.36711 6.58998 5.90215 8.05112 5.61439
threshold=0.40556650000000005 0.71041900000000013 0.78682700000000005 0.66216550000000007 0.39885150000000008 0.56497300000000006 0.70833350000000006 0.6888105000000001 0.51427950000000011 0.87500000000000011 0.70498900000000009 0.36024100000000009 0.47155150000000007 0.45872650000000004 0.21899900000000003
decision_type=2 2 2 2 2 2 2 2 2 2 2 2 2 2 2
left_child=1 3 -3 4 5 8 -7 14 12 11 -9 -10 13 -1 -8
right_child=-2 2 -4 -5 -6 6 7 10 9 -11 -12 -13 -14 -15 -16
leaf_value=-0.00021546253994677458 -0.00050762270559515641 -0.020329295379356769 0.0061258118961840836 0.014724649769007165 0.016027165708109154 -0.011090220153305116 0.0041678208111218711 -0.019886987073009212 -0.0054068263999002969 0.021617050441359555 0.0015880240245431413 -0.023450879974220119 0.0072316271771874453 -0.019847533790646778 0.015188482386061861
leaf_weight=241.97569717187434 1279.7692651702091 15.726298791356387 9.5638043666258437 20.570062595419586 15.863310279324649 34.245053417980671 86.809851865284145 16.060827624052763 33.993455528281629 11.666222756728528 90.680311791598797 40.249263680540025 87.134305112995207 19.386267901398242 80.796296038664877
leaf_count=1946 8529 146 100 154 103 226 573 92 263 69 531 273 608 131 530
internal_value=0 0.000786849 -0.0104725 0.00116513 0.000778684 0.000432018 0.00330681 0.00513766 -0.00161308 -0.0101569 -0.00179781 -0.0153707 0.000516129 -0.00174175 0.00953902
internal_weight=0 804.721 25.2901 779.431 758.861 742.998 308.592 274.347 434.405 85.9089 106.741 74.2427 348.496 261.362 167.606
internal_count=14274 5745 246 5499 5345 5242 1952 1726 3290 605 623 536 2685 2077 1103
is_linear=0
shrinkage=0.03


Tree=320
num_leaves=16
num_cat=0
split_feature=12 12 10 12 10 10 12 10 14 2 2 0 1 0 12
split_gain=0.91021 3.30005 3.34209 6.29149 4.2156 3.15636 2.86716 3.5456 3.40075 2.64546 3.18563 2.53863 2.46892 6.10501 5.38469
threshold=1.0622635000000002 0.04293700000000001 51.160083500000006 0.29647000000000007 3.3617040000000005 49.209645000000009 1.2787725000000003 0.89767350000000012 0.87500000000000011 0.010465500000000001 0.020496500000000004 0.47384450000000006 0.52876800000000013 0.61794000000000004 1.5295250000000002
decision_type=2 2 2 2 2 2 2 2 2 2 2 2 2 2 2
left_child=1 9 3 5 -5 -3 7 -2 -8 -1 -11 -6 13 14 -10
right_child=6 2 -4 4 11 -7 8 -9 12 10 -12 -13 -14 -15 -16
leaf_value=0.010067267211071271 -0.0014973189604037579 -0.022104110296142877 0.0084701134246076368 -0.0055648575220598601 0.019786162575256828 -0.0047146215307953604 -0.0066890526482104151 0.018412498806226349 -0.01404893575816203 -0.011140147886631976 0.00013829322903852445 0.0014155794074879992 -0.0032767576898422687 0.015758391036548136 0.0027428598215639213
leaf_weight=22.703959641978145 13.970286804251375 24.929844601079822 15.645414635539053 77.580456824973226 9.1898769838735479 15.771064400672911 49.816394456895068 17.556610133498907 17.786080653779209 21.888659011572599 1475.6821535383351 20.687431840226054 70.033544255420566 29.016160262748599 201.82021502684802
leaf_count=132 103 251 114 631 79 100 429 137 119 134 10085 160 363 178 1259
internal_value=0 -0.000313541 -0.00434581 -0.00574687 -0.00188986 -0.0156406 0.00127675 0.00981521 0.000521598 0.000123493 -3.38775e-05 0.00752393 0.00166626 0.00306619 0.00132536
internal_weight=0 1684.08 163.804 148.159 107.458 40.7009 399.999 31.5269 368.472 1520.27 1497.57 29.8773 318.656 248.622 219.606
internal_count=14274 11686 1335 1221 870 351 2588 240 2348 10351 10219 239 1919 1556 1378
is_linear=0
shrinkage=0.03


Tree=321
num_leaves=16
num_cat=0
split_feature=3 1 0 1 1 13 13 2 13 0 13 4 2 13 0
split_gain=0.914286 3.00616 7.34132 2.96343 3.15495 2.55888 4.08402 4.8921 3.06306 2.41748 7.32695 3.79539 5.42812 5.41952 5.30556
threshold=0.37500000000000006 0.69749300000000014 0.71770300000000009 0.11690300000000002 0.23177500000000004 0.043221000000000002 0.29994700000000002 0.51513100000000012 0.42958300000000005 0.42468050000000007 0.35177250000000004 0.60416650000000016 0.16441850000000002 0.28753550000000005 0.48982650000000005
decision_type=2 2 2 2 2 2 2 2 2 2 2 2 2 2 2
left_child=1 2 3 -1 5 -5 7 -7 -8 10 -6 13 -13 -11 -14
right_child=-2 -3 -4 4 9 6 8 -9 -10 11 -12 12 14 -15 -16
leaf_value=-0.016083401808846588 0.00021187853131386661 0.014150147303146236 -0.027902708122357886 0.02055924211518087 -0.029783779450077926 0.0069748246266464059 0.024920916794334093 -0.020843118663766001 0.00094912075251600602 -0.0024231139364861436 0.0090254820260706175 -0.025072111418191961 0.017226184718102312 0.014421103879210943 -0.0073324402287391326
leaf_weight=10.589043829124419 1857.991541213356 9.17474292591214 8.8134242454543692 8.0892887581139785 9.0681933760643023 11.462239422835411 8.5324546843767184 9.6260478431358916 9.8236873215064389 51.57575030811131 7.0966653432697049 10.922164242714642 8.9850079473108035 24.618582878261805 37.431968295015395
leaf_count=228 12064 60 86 72 117 139 69 87 106 423 72 90 84 186 391
internal_value=0 -0.0018057 -0.00254336 -0.00133943 -0.000470713 0.00618418 0.00280069 -0.00609183 0.0128037 -0.00261086 -0.0132126 -0.00123879 -0.00700577 0.00313561 -0.00231555
internal_weight=0 225.809 216.635 207.821 197.232 47.5337 39.4444 21.0883 18.3561 149.698 16.1649 133.533 57.3391 76.1943 46.417
internal_count=14274 2210 2150 2064 1836 473 401 226 175 1363 189 1174 565 609 475
is_linear=0
shrinkage=0.03


Tree=322
num_leaves=16
num_cat=0
split_feature=13 12 13 0 1 13 2 2 3 0 5 10 0 0 0
split_gain=0.888111 3.6747 3.58907 12.4278 6.13872 5.16693 4.11411 17.2085 7.337 21.9961 4.05688 3.73704 3.71207 3.61269 7.66832
threshold=0.40556650000000005 1.6030085000000003 0.52523100000000011 0.42468050000000007 0.26139750000000006 0.5365080000000001 0.058176000000000005 0.067995500000000014 0.87500000000000011 0.61161100000000002 1.0000000180025095e-35 15.700339500000002 0.63069450000000005 0.81399200000000016 0.68054500000000007
decision_type=2 2 2 2 2 2 2 2 2 2 2 2 2 2 2
left_child=1 -1 3 4 -2 -4 8 -8 12 -10 -5 -12 -7 14 -9
right_child=2 -3 5 10 -6 6 7 13 9 -11 11 -13 -14 -15 -16
leaf_value=-0.0001019738150526413 0.0022688818166704265 0.0054675154130447339 0.013231106196672031 -0.019370980798053734 0.024058220595720704 -0.0081895885972970463 0.03254684471517965 -0.00073575748251547026 -0.014834662388526525 0.026261115331371019 -0.0073917974295081229 0.0086207445476693331 -0.02742638286684582 -0.011555990819519271 0.0078043284915389659
leaf_weight=678.47804132010788 45.85441195173189 125.48941452847794 25.948123321868479 22.726176653057337 14.709647908806799 25.335817534476519 13.845930360257624 783.86694672564045 28.081857491284609 18.64155551046133 143.17805274389684 13.596962120383976 14.286718700081108 22.771096250042319 106.60214208625257
leaf_count=4909 361 836 170 128 100 158 82 5380 172 98 938 119 76 120 627
internal_value=0 0.000773067 -0.000498623 -0.00379667 0.00786584 0.000266042 -7.86341e-05 0.000507259 -0.00630309 0.00176831 -0.0077534 -0.00595721 -0.0156302 -1.35717e-05 0.000294223
internal_weight=0 803.967 1279.45 240.065 60.5641 1039.38 1013.43 927.086 86.3459 46.7234 179.501 156.775 39.6225 913.24 890.469
internal_count=14274 5745 8529 1646 461 6883 6713 6209 504 270 1185 1057 234 6127 6007
is_linear=0
shrinkage=0.03


Tree=323
num_leaves=16
num_cat=0
split_feature=1 0 2 2 3 2 1 2 2 5 2 0 2 13 2
split_gain=0.907093 1.69761 1.37202 1.76539 2.75851 2.30671 2.04514 6.66758 5.01826 9.41175 6.08574 7.49738 6.35808 8.23934 6.05846
threshold=0.81198350000000008 0.82997550000000009 0.0066115000000000002 0.020496500000000004 0.87500000000000011 0.026810500000000004 0.69749300000000014 0.096576000000000009 0.089436500000000016 2.5000000000000004 0.067995500000000014 0.37575450000000005 0.058176000000000005 0.15661450000000002 0.093707500000000013
decision_type=2 2 2 2 2 2 2 2 2 2 2 2 2 2 2
left_child=1 2 -1 4 -4 -5 8 -8 9 10 12 -12 13 -7 -10
right_child=-2 -3 3 5 -6 6 7 -9 14 -11 11 -13 -14 -15 -16
leaf_value=0.0078535083267677885 0.0067553774637176605 -0.0086098952554732686 -0.00027354372755907918 0.010146414103079935 -0.016775443463098439 0.018799967685213612 0.0148681966237517 -0.0055341186246818412 0.018230469120232032 -0.016258962678431341 0.0097851246200581048 -0.017172204606330729 0.017013367528174155 -0.0069447038819924123 0.0001143117456037617
leaf_weight=18.934448733925819 16.700154606252909 19.715515896677971 24.794724766165018 19.233824163675308 13.449914187192915 13.459709296002982 30.402467479929328 25.900942398235202 15.776038052514194 47.586218718439341 12.175757493823765 31.942593928426504 23.062264816835523 48.488289183005691 1721.2291309509892
leaf_count=109 101 105 152 111 77 83 161 142 100 298 83 182 133 289 12148
internal_value=0 -6.50278e-05 2.14591e-05 -5.55184e-05 -0.00635653 6.87552e-05 -3.47333e-05 0.00554985 -0.00020185 -0.00500347 -0.000762552 -0.00968055 0.00392442 -0.00114125 0.000289243
internal_weight=0 2066.15 2046.44 2027.5 38.2446 1989.26 1970.02 56.3034 1913.72 176.715 129.129 44.1184 85.0103 61.948 1737.01
internal_count=14274 14173 14068 13959 229 13730 13619 303 13316 1068 770 265 505 372 12248
is_linear=0
shrinkage=0.03


Tree=324
num_leaves=16
num_cat=0
split_feature=0 0 2 0 1 2 6 1 0 3 2 13 13 13 1
split_gain=0.88603 2.47782 2.6604 2.11077 1.65227 4.6284 4.91942 2.67478 6.93676 6.31874 8.2812 3.02363 2.15862 3.66148 3.43478
threshold=0.16396650000000004 0.22206000000000004 0.092409000000000005 0.24105600000000002 0.057089000000000008 0.61446550000000011 2.5000000000000004 0.1141515 0.31239800000000001 0.87500000000000011 0.56433800000000012 0.31272250000000007 0.0092175000000000017 0.033667000000000009 0.26505600000000007
decision_type=2 2 2 2 2 2 2 2 2 2 2 2 2 2 2
left_child=-1 2 -2 -3 5 -5 -7 8 -6 10 -10 -12 -9 14 -14
right_child=1 3 -4 4 7 6 -8 12 9 -11 11 -13 13 -15 -16
leaf_value=-0.0068431412875707481 0.01862319708981848 -0.01157495746088931 0.0021634836185743956 0.017349410430942701 0.010751321959655565 0.010614453936650227 -0.016637806711628473 -0.01075558213270825 -0.038767237409535256 0.0029277020205971632 0.0045970059519415277 -0.0154585194508401 0.020679864856101179 -2.699079264551025e-05 0.0026806375060272592
leaf_weight=15.922479020431636 11.882412152364848 13.325511329807339 29.170321900397539 16.924886927241459 17.094305052887648 10.990584693849089 10.904832060914485 15.399481138214467 10.718040439765899 20.347443656995893 10.079446868039669 17.488967306911945 13.567780891433356 1840.0202765469439 28.71626436104998
leaf_count=114 80 115 207 166 159 66 185 104 120 151 106 169 117 12225 190
internal_value=0 4.9467e-05 0.00725719 -0.000100122 -1.8422e-05 0.00603183 -0.00309218 -0.000140434 -0.00563182 -0.0105084 -0.0175418 -0.00822166 8.15513e-05 0.000175876 0.00880043
internal_weight=0 2066.63 41.0527 2025.58 2012.25 38.8203 21.8954 1973.43 75.7282 58.6339 38.2865 27.5684 1897.7 1882.3 42.284
internal_count=14274 14160 287 13873 13758 417 251 13341 705 546 395 275 12636 12532 307
is_linear=0
shrinkage=0.03


Tree=325
num_leaves=16
num_cat=0
split_feature=3 1 0 0 1 1 13 0 0 2 0 13 2 13 2
split_gain=0.886617 2.82021 7.06491 2.78836 4.34498 4.9823 4.15534 3.91708 5.40453 3.59339 4.96641 2.98821 4.99993 3.49394 6.01376
threshold=0.37500000000000006 0.69749300000000014 0.71770300000000009 0.37421200000000004 0.27395300000000006 0.35816850000000006 0.31701850000000004 0.39978700000000006 0.43822950000000005 0.25331050000000005 0.48448250000000004 0.52878700000000012 0.13406400000000004 0.32030450000000005 0.21401700000000004
decision_type=2 2 2 2 2 2 2 2 2 2 2 2 2 2 2
left_child=1 2 3 6 7 9 -1 -5 -9 -6 -11 12 -7 14 -14
right_child=-2 -3 -4 4 5 11 -8 8 -10 10 -12 -13 13 -15 -16
leaf_value=-0.021139240914939739 0.0002093919714823789 0.013670651217502758 -0.02753404322006095 0.021475185276636714 -0.028620165673866327 -0.01306912776579945 0.0062327991909327356 -0.0155139205692245 0.00769447494664995 0.013846474873586883 -0.015565985949635748 0.010891758738333722 0.02548588047072985 -0.0090501599485185678 -0.00025380133320468786
leaf_weight=13.078287232667209 1857.0449458365329 9.1799428854137641 8.6921702502295357 11.354886631481348 8.9683993253856915 25.49417544901371 7.1547763077542177 10.653476119972764 39.353993999771774 6.6483167484402683 15.373768452554939 17.684773586690426 10.881190387532113 14.710127893835304 26.086086470633745
leaf_count=243 12064 60 86 98 90 183 119 120 356 67 202 141 86 124 235
internal_value=0 -0.00177941 -0.00249556 -0.00131935 -0.000149995 -0.00333682 -0.0116223 0.00633451 0.00254299 -0.0135749 -0.00647081 0.000114789 -0.00246262 0.00291869 0.00779429
internal_weight=0 225.314 216.134 207.442 187.209 125.847 20.2331 61.3624 50.0075 30.9905 22.0221 94.8564 77.1716 51.6774 36.9673
internal_count=14274 2210 2150 2064 1702 1128 362 574 476 359 269 769 628 445 321
is_linear=0
shrinkage=0.03


Tree=326
num_leaves=16
num_cat=0
split_feature=4 2 2 4 13 0 4 1 2 2 0 0 3 5 1
split_gain=0.870335 1.06547 8.38652 5.38657 5.40264 4.90913 5.10774 10.6767 4.66159 8.1207 5.86752 4.16008 5.16975 9.45561 7.01681
threshold=0.35416650000000005 0.53675050000000013 0.52471750000000006 0.53125000000000011 0.29500250000000006 0.6736025000000001 0.82291650000000016 0.24773900000000001 0.51801750000000013 0.48912250000000007 0.60935800000000007 0.40186100000000008 0.62500000000000011 4.5000000000000009 0.17046200000000003
decision_type=2 2 2 2 2 2 2 2 2 2 2 2 2 2 2
left_child=-1 2 8 4 -3 6 7 -5 9 -2 -11 -8 13 14 -13
right_child=1 3 -4 5 -6 -7 11 -9 -10 10 -12 12 -14 -15 -16
leaf_value=-0.0076222610181249486 0.0002334669266265564 0.0020977663358768099 -0.019901943907692565 -0.0011984842581918701 0.030155201385018884 0.016503955199024062 0.011793319820698613 -0.030622138176492418 0.017632617125566186 -0.0060576130429399327 -0.029217177151630202 -0.00080803138998861211 -0.0027731136016474855 -0.0090981896448263395 0.027160168643005637
leaf_weight=12.419936401071025 1643.2641473298427 13.758504224475475 18.338364174123853 48.442444659303874 10.453752087429164 15.349320970475672 30.551995501853526 13.432162626646457 12.336633034050463 50.953196258284152 11.469383612275122 12.445633321069179 149.03979535214603 18.092923457734287 21.687617339193821
leaf_count=99 10823 121 161 437 67 97 289 106 110 408 89 116 1037 159 155
internal_value=0 4.23863e-05 -0.000256056 0.00159348 0.0149273 0.000504055 -0.000385318 -0.00797142 -3.48986e-05 -0.000172938 -0.0107065 0.00166503 7.68621e-05 0.00810924 0.0172297
internal_weight=0 2069.62 1736.36 333.254 24.2123 309.042 293.693 61.8746 1718.02 1705.69 62.4226 231.818 201.266 52.2262 34.1333
internal_count=14274 14175 11591 2584 188 2396 2299 543 11430 11320 497 1756 1467 430 271
is_linear=0
shrinkage=0.03


Tree=327
num_leaves=16
num_cat=0
split_feature=1 5 1 0 13 10 0 13 1 2 0 13 5 5 10
split_gain=0.872301 4.0598 3.197 1.60946 5.75288 2.98231 2.57279 7.69701 4.39712 7.07432 4.87046 7.30177 9.94538 4.40054 4.33022
threshold=0.012388500000000002 2.5000000000000004 0.040732500000000012 0.22206000000000004 0.68458450000000004 0.060269500000000011 0.36439500000000008 0.93694450000000018 0.29742700000000005 0.061293500000000008 0.32217400000000007 0.19257050000000003 1.5000000000000002 1.5000000000000002 2.1750530000000006
decision_type=2 2 2 2 2 2 2 2 2 2 2 2 2 2 2
left_child=1 -1 -2 4 5 -4 7 8 9 -5 13 -12 -13 -11 -15
right_child=2 -3 3 6 -6 -7 -8 -9 -10 10 11 12 -14 14 -16
leaf_value=-0.018778854236544434 0.012113019341507276 0.0072885624197647821 0.0023036660613292618 -0.029137990700963925 -0.010827614075936765 0.01996187755610861 0.00017875333509651662 0.017244610978999493 0.0089845137724008806 -0.0073597585167149661 -0.031334004039162908 0.0091356784710256902 -0.01502756054113822 0.00066609342528785461 0.020486167063860118
leaf_weight=9.9472732935100812 18.600086001679301 9.7737779510207456 16.460948990657926 10.478189021348951 13.346613602712749 17.744853606447577 1784.8332599941641 14.258165607228873 17.798658781684935 41.051774384686723 11.534356121905146 23.527927722781897 40.335744177922606 39.719683544477448 12.255449633114038
leaf_count=100 168 110 102 81 94 131 11853 99 122 294 120 154 354 384 108
internal_value=0 -0.00613154 5.45877e-05 -6.10488e-05 0.00533582 0.011771 -0.000192244 -0.00331712 -0.00488724 -0.00630958 -0.00472576 -0.0103386 -0.00612201 -0.000115014 0.00563805
internal_weight=0 19.7211 2061.95 2043.35 47.5524 34.2058 1995.79 210.96 196.702 178.903 168.425 75.398 63.8637 93.0269 51.9751
internal_count=14274 210 14064 13896 327 233 13569 1716 1617 1495 1414 628 508 786 492
is_linear=0
shrinkage=0.03


Tree=328
num_leaves=16
num_cat=0
split_feature=13 13 1 1 13 1 10 13 1 5 0 0 0 0 14
split_gain=0.877873 1.37255 5.1424 7.46876 3.99222 2.05603 2.33419 1.84195 1.99301 6.12842 2.85528 3.63843 5.06643 5.51258 4.54992
threshold=0.98640400000000017 0.95102850000000017 0.49248100000000006 0.38680900000000007 0.94102200000000014 0.26139750000000006 0.32899500000000004 0.93263050000000003 0.023252500000000002 2.5000000000000004 0.22206000000000004 0.35462050000000006 0.35970200000000002 0.36439500000000008 0.87500000000000011
decision_type=2 2 2 2 2 2 2 2 2 2 2 2 2 2 2
left_child=1 4 3 5 7 6 -3 8 9 -1 -10 14 -13 -14 -12
right_child=-2 2 -4 -5 -6 -7 -8 -9 10 -11 11 12 13 -15 -16
leaf_value=-0.021561927317918214 -0.0056418309782782184 -0.0092915048097005955 0.015594930701348909 -0.020047698111351375 -0.014174297269849555 0.011594632510038458 0.0085179948680134936 0.009739154594293949 0.007318023402198906 0.0091448273002923876 -0.017232015676626633 0.018604545019029181 -0.018208890400941126 0.0003040477000856161 -0.0024312779190990945
leaf_weight=12.861373057588937 23.590064587071538 13.182895313948395 22.857541151344776 13.073975339531897 16.968289524316788 20.866077844053507 11.437159717082976 16.433568842709064 46.443006758578122 9.3580243512988073 20.355489176698029 12.487255379557608 13.602252933196722 1673.2657074518502 154.36105815926567
leaf_count=129 157 100 134 79 109 138 80 109 322 117 226 97 103 11143 1231
internal_value=0 6.02822e-05 0.00385347 -0.000914412 -9.78689e-05 0.00489798 -0.00100862 3.12155e-05 -5.58721e-05 -0.00879246 4.9729e-05 -0.0001342 0.00029058 0.000144067 -0.0042439
internal_weight=0 2057.55 81.4176 58.5601 1976.14 45.4861 24.6201 1959.17 1942.73 22.2194 1920.51 1874.07 1699.36 1686.87 174.717
internal_count=14274 14117 531 397 13586 318 180 13477 13368 246 13122 12800 11343 11246 1457
is_linear=0
shrinkage=0.03


Tree=329
num_leaves=16
num_cat=0
split_feature=1 1 2 1 1 2 0 0 2 2 0 4 1 13 13
split_gain=0.890217 8.28984 5.84993 4.29015 6.99079 15.6484 10.502 12.8686 6.6886 6.02407 8.83787 7.233 13.3588 8.25223 12.5366
threshold=0.30579500000000009 0.31471900000000003 0.054539500000000012 0.24052150000000003 0.23177500000000004 0.41206200000000009 0.56858000000000009 0.53855550000000008 0.092409000000000005 0.58070100000000013 0.58734350000000013 0.96875000000000011 0.28093200000000007 0.11780900000000001 0.58936650000000013
decision_type=2 2 2 2 2 2 2 2 2 2 2 2 2 2 2
left_child=2 -2 -1 4 6 -6 7 8 -4 11 -11 12 13 -5 -15
right_child=1 -3 3 9 5 -7 -8 -9 -10 10 -12 -13 -14 14 -16
leaf_value=-0.014191516041131095 -0.016525334082024751 -0.00013966434463858485 0.021851622149697436 -0.01245497295916375 -0.03632220243151308 0.0044132478004032666 -0.022204732471146443 0.020678557628850538 -0.00043757762657399958 -0.023812652747511813 0.0050534029952072051 0.011133118786878653 -0.016099746619882407 0.02095986364712971 -0.012319915560838586
leaf_weight=21.916728312149644 27.4327875925228 1226.627012941055 11.445091322064398 13.771690866909919 14.074087777175007 18.989758377894759 16.635632622055709 28.192607302218676 458.42512070620432 14.857178618200122 23.299306754954159 121.6156262177974 30.151043711230159 40.617022910621017 12.750421284232287
leaf_count=164 223 7628 78 109 108 118 148 202 3761 116 151 829 246 306 87
internal_value=0 -0.000510985 0.000756415 0.00118058 -0.000321317 -0.0134836 0.000548727 0.00135168 0.000150596 0.00436974 -0.00650741 0.00628666 0.000176805 0.00761533 0.0129284
internal_weight=0 1254.06 826.741 804.825 547.762 33.0638 514.698 498.063 469.87 257.062 38.1565 218.906 97.2902 67.1391 53.3674
internal_count=14274 7851 6423 6259 4415 226 4189 4041 3839 1844 267 1577 748 502 393
is_linear=0
shrinkage=0.03


Tree=330
num_leaves=16
num_cat=0
split_feature=0 0 13 0 1 2 6 1 5 0 0 13 1 13 13
split_gain=0.882997 2.13369 2.51471 1.93759 1.55308 4.34598 4.752 2.51094 6.7249 7.04618 6.70091 4.72038 4.27015 2.02951 3.53829
threshold=0.16396650000000004 0.22206000000000004 0.41001850000000001 0.24105600000000002 0.057089000000000008 0.61446550000000011 2.5000000000000004 0.1141515 3.5000000000000004 0.31239800000000001 0.37421200000000004 0.46980150000000004 0.092558500000000016 0.0092175000000000017 0.033667000000000009
decision_type=2 2 2 2 2 2 2 2 2 2 2 2 2 2 2
left_child=-1 2 -2 -3 5 -5 -7 8 9 -6 -11 -12 -10 -9 -15
right_child=1 3 -4 4 7 6 -8 13 12 10 11 -13 -14 14 -16
leaf_value=-0.0068464816622659909 0.015034678110838581 -0.011145199797773149 0.00023415363342772896 0.01679320469977701 0.016688992633015227 0.010448062030745539 -0.01639398487322518 -0.010444965733543818 -0.0044010906716613592 -0.026389638270558746 -0.011955893032240511 0.0096894637084027676 -0.035814355842419321 0.0086561421563294948 -2.5135231576987505e-05
leaf_weight=15.857502386905251 17.447767555713654 13.171964184846727 23.557770569808781 16.967980062589049 14.587019889615474 10.966097347438337 10.826952650677411 15.337888996116815 7.2232929868623605 10.583415739703922 15.458724598400293 19.191721362993121 8.3410495799034816 42.247953541576862 1838.538724782411
leaf_count=114 125 115 162 166 128 66 185 104 95 107 135 151 89 307 12225
internal_value=0 4.74889e-05 0.00673974 -9.13934e-05 -1.34598e-05 0.00585678 -0.00302146 -0.000131783 -0.00546464 -0.000767537 -0.00663613 -3.17471e-05 -0.0223815 8.30069e-05 0.000174368
internal_weight=0 2064.45 41.0055 2023.44 2010.27 38.761 21.793 1971.51 75.3852 59.8209 45.2339 34.6504 15.5643 1896.12 1880.79
internal_count=14274 14160 287 13873 13758 417 251 13341 705 521 393 286 184 12636 12532
is_linear=0
shrinkage=0.03


Tree=331
num_leaves=16
num_cat=0
split_feature=12 2 2 1 1 3 0 2 1 1 6 0 0 0 1
split_gain=0.857426 1.25905 5.15361 6.06001 7.25702 5.39615 8.81517 6.84727 5.55643 10.2457 9.12529 9.80858 6.44145 11.037 5.90516
threshold=37.479372000000005 0.33724900000000008 0.36621450000000005 0.48936550000000006 0.22554100000000002 0.87500000000000011 0.37790300000000004 0.37110750000000003 0.24773900000000001 0.20647000000000001 2.5000000000000004 0.44613450000000004 0.52153650000000018 0.49143850000000006 0.17991000000000004
decision_type=2 2 2 2 2 2 2 2 2 2 2 2 2 2 2
left_child=1 -1 3 4 -3 7 -7 -4 9 10 11 -8 13 -10 -12
right_child=-2 2 5 -5 -6 6 8 -9 12 -11 14 -13 -14 -15 -16
leaf_value=-0.00070923579308827442 0.0058984146387881806 -0.0057159070084316635 -0.024874712213627585 -0.011740774389310512 0.014945846144443624 0.018182854134802397 -0.0053446514583697056 -0.0011896009045296518 -0.0013330042757370274 -0.021610621880731075 -0.021114781774461123 0.026359368658896647 0.0020042797810974197 0.038466664893199963 0.0075767199175832602
leaf_weight=1183.800446579 20.881616767495871 19.350916016614065 10.222607003059236 12.245957605540751 64.718601203989238 31.766714600846171 15.594233011826871 529.87019841209985 12.147399405017497 22.031374245882034 17.150693032890562 18.300582958385348 100.77929831296206 11.821666982024906 9.3704975321888906
leaf_count=7560 126 160 75 80 436 242 87 4230 82 149 165 106 614 85 77
internal_value=0 -7.15837e-05 0.000790565 0.00729975 0.0101787 -2.24985e-05 0.00372197 -0.00168304 0.00142818 -0.00458175 0.00187878 0.0120379 0.00540504 0.0190508 -0.0110705
internal_weight=0 2059.17 875.371 96.3155 84.0695 779.055 238.962 540.093 207.196 82.4474 60.416 33.8948 124.748 23.9691 26.5212
internal_count=14274 14148 6588 676 596 5912 1607 4305 1365 584 435 193 781 167 242
is_linear=0
shrinkage=0.03


Tree=332
num_leaves=16
num_cat=0
split_feature=13 1 1 2 4 0 1 0 0 2 2 2 2 13 2
split_gain=0.872578 3.65607 6.44198 6.5377 7.98442 4.71009 4.59391 7.07165 5.50274 5.84215 5.10568 5.16395 11.5804 7.51411 7.88148
threshold=0.40556650000000005 0.14831000000000003 0.13525250000000003 0.31496800000000008 0.89583350000000006 0.34075600000000006 0.18665800000000002 0.42468050000000007 0.41985350000000005 0.29601500000000008 0.66216550000000007 0.061293500000000008 0.072519000000000014 0.13893150000000001 0.033149000000000005
decision_type=2 2 2 2 2 2 2 2 2 2 2 2 2 2 2
left_child=1 2 3 -1 -5 -6 8 -8 9 -3 11 13 -13 -9 -15
right_child=-2 6 -4 4 5 -7 7 10 -10 -11 -12 12 -14 14 -16
leaf_value=0.012683607986793511 -0.00049542997540829962 0.0013548092118288153 -0.026323417796278035 0.00033593896782619455 -0.0043382831570924598 -0.03529514523336838 -0.0064163270998421349 0.023273345212648709 -0.0018980457916440673 0.030742204009669469 0.018497138454344343 -0.026785239858709068 0.0014354249452958902 -0.013467085720655223 0.013877755198820039
leaf_weight=19.850399389863014 1277.057950030081 9.8975743874907511 10.065442966297267 43.868353901896626 7.7841105256229666 10.305939773097633 100.56102535221726 22.396711783483624 17.721909923478961 15.226732764393089 15.757426225580273 12.452935904264448 480.47701517632231 16.471595441922545 19.768611574545503
leaf_count=152 8529 83 78 451 70 118 772 129 141 120 117 66 3244 92 112
internal_value=0 0.0007662 -0.00483344 -0.00190344 -0.0067041 -0.0228995 0.00149582 0.000876906 0.0109034 0.0196602 0.00217868 0.00167986 0.000669698 0.0100181 0.00142132
internal_weight=0 802.606 91.8742 81.8088 61.9584 18.0901 710.732 667.885 42.8462 25.1243 567.324 551.567 492.93 58.6369 36.2402
internal_count=14274 5745 869 791 639 188 4876 4532 344 203 3760 3643 3310 333 204
is_linear=0
shrinkage=0.03


Tree=333
num_leaves=16
num_cat=0
split_feature=3 1 0 1 2 2 2 4 13 2 2 5 0 0 6
split_gain=0.85885 2.64879 6.77855 2.77691 2.97358 5.07265 4.4054 5.95376 5.91763 5.07667 5.03557 4.31446 5.53764 9.84846 5.30312
threshold=0.37500000000000006 0.69749300000000014 0.71770300000000009 0.11690300000000002 0.036242000000000003 0.063634500000000011 0.15632400000000002 0.96875000000000011 0.43822650000000002 0.11337600000000002 0.19187950000000001 2.5000000000000004 0.64665450000000002 0.53855550000000008 2.5000000000000004
decision_type=2 2 2 2 2 2 2 2 2 2 2 2 2 2 2
left_child=1 2 3 -1 -5 -6 9 8 10 -7 -8 14 13 -13 -12
right_child=-2 -3 -4 4 5 6 7 -9 -10 -11 11 12 -14 -15 -16
leaf_value=-0.015701966688593173 0.00020407018076705664 0.013203583915057156 -0.027140486261389957 -0.017088670616153701 0.02141414370771556 0.00074664496983536141 0.023149465288318287 0.022004101752375649 -0.012320614762880126 -0.024131060168039759 0.0024246724812381423 0.013642795963195913 0.028660572561049594 -0.018704159276794807 -0.015818742447948456
leaf_weight=10.396606260212137 1854.7056218809448 9.1967096291482431 8.5697317365556938 8.2339372560381872 8.7571472730487567 15.011494419537486 8.9014453999698144 10.516775401309131 28.78248413419351 13.416477595455943 37.45272359624505 23.1879633073695 8.1382843758910877 12.049449696205555 22.020407041534781
leaf_count=228 12064 60 86 58 64 128 70 103 274 129 239 263 77 154 277
internal_value=0 -0.00175611 -0.00245278 -0.00130441 -0.000466867 0.000346682 -0.000794208 0.00126665 -0.000429745 -0.0114153 0.00271499 0.000740522 0.00783809 0.00237082 -0.00447998
internal_weight=0 224.632 215.435 206.865 196.469 188.235 179.478 151.05 140.533 28.428 111.75 102.849 43.3757 35.2374 59.4731
internal_count=14274 2210 2150 2064 1836 1778 1714 1457 1354 257 1080 1010 494 417 516
is_linear=0
shrinkage=0.03


Tree=334
num_leaves=16
num_cat=0
split_feature=1 1 1 6 2 13 2 2 0 2 0 13 2 1 5
split_gain=0.85368 10.7706 4.3586 8.19025 7.56607 5.02654 4.14556 6.78985 7.50349 3.99201 3.82942 4.86384 3.79605 3.85023 3.43721
threshold=0.30794200000000005 0.31471900000000003 0.29512900000000003 2.5000000000000004 0.054539500000000012 0.62149600000000016 0.58070100000000013 0.43736600000000009 0.68054500000000007 0.48368100000000008 0.58870750000000005 0.60163750000000016 0.46327700000000005 0.38329850000000004 4.5000000000000009
decision_type=2 2 2 2 2 2 2 2 2 2 2 2 2 2 2
left_child=2 -2 4 5 -1 -4 7 -3 10 -10 11 -9 -12 -14 -6
right_child=1 6 3 -5 14 -7 -8 8 9 -11 12 -13 13 -15 -16
leaf_value=-0.017710807968918389 -0.021745891846279085 0.0002879727048833676 0.0064832879282981318 -0.0073895160055808895 0.0013898738327800075 0.031235118771951162 0.012149829777900705 -0.015807087638303203 0.017220684157953938 -0.0057072020634615066 -0.031847726459563089 0.010131735251734733 -0.020068521046626549 -0.00041389499831488149 -0.0050272193372454853
leaf_weight=19.659910533577204 20.121717330999672 1104.9056813968346 15.904899735003712 16.021273968741298 683.71247896878049 13.9593732021749 23.2186857778579 11.945461495779456 12.693955004215242 12.899465970695017 11.947798967361448 12.126906760036944 21.394077597185969 15.035699749365447 83.395079117268324
leaf_count=149 168 6786 94 162 5232 80 151 107 83 83 80 86 152 100 761
internal_value=0 -0.000505206 0.000734797 0.00962084 0.000204994 0.0186901 -0.000139204 -0.000386295 -0.00791119 0.00588462 -0.0127984 -0.002857 -0.0175872 -0.0121842 0.000686611
internal_weight=0 1246.29 832.653 45.8855 786.767 29.8643 1226.17 1202.95 98.0434 25.5934 72.4499 24.0724 48.3776 36.4298 767.108
internal_count=14274 7796 6478 336 6142 174 7628 7477 691 166 525 193 332 252 5993
is_linear=0
shrinkage=0.03


Tree=335
num_leaves=16
num_cat=0
split_feature=13 13 13 5 13 0 13 13 13 2 2 2 0 10 2
split_gain=0.852583 1.31861 5.58433 3.79103 5.0982 6.50804 5.67505 4.17656 3.87527 3.52572 5.40365 4.67405 6.47639 6.35894 3.43553
threshold=0.98640400000000017 0.86725850000000004 0.87809400000000004 6.5000000000000009 0.84730250000000018 0.55243100000000012 0.83978700000000017 0.7249850000000001 0.79784100000000013 0.15026900000000001 0.086797000000000013 0.26864000000000005 0.54297400000000018 0.21770950000000003 0.20932550000000003
decision_type=2 2 2 2 2 2 2 2 2 2 2 2 2 2 2
left_child=1 3 -3 4 6 -6 8 -5 -1 10 -10 -11 13 -13 -4
right_child=-2 2 14 7 5 -7 -8 -9 9 11 -12 12 -14 -15 -16
leaf_value=7.2810495182796713e-06 -0.0055669766384048944 0.015119982823987937 0.0055028704288425188 -0.00065093058072673404 0.0012426209913755394 -0.023479212857258423 0.016760662610088007 0.024528199926879195 -0.0016748107656172346 0.010692091621139614 -0.027977315163594158 -0.013415289468209888 -0.020880226397348579 0.01497166460378826 -0.0020606672362833717
leaf_weight=1628.1285210722126 23.546489411965013 25.433076319284737 81.953266406431794 12.004375125281515 18.834429984912276 18.313030941411853 16.671597888693213 10.618870304897426 13.926627036184074 16.957868838682771 13.479281280189751 12.108744196593763 17.807183124125004 14.523579364642499 154.162856050767
leaf_count=11257 157 164 500 104 133 113 104 84 83 108 78 111 111 99 1068
internal_value=0 5.73711e-05 0.00204308 -0.000233206 -0.000392258 -0.0112408 -0.000153451 0.0117056 -0.000327349 -0.00639426 -0.0151409 -0.00230995 -0.00739757 0.00204674 0.000576688
internal_weight=0 2054.92 261.549 1793.37 1770.75 37.1475 1733.6 22.6232 1716.93 88.8033 27.4059 61.3974 44.4395 26.6323 236.116
internal_count=14274 14117 1732 12385 12197 246 11951 188 11847 590 161 429 321 210 1568
is_linear=0
shrinkage=0.03


Tree=336
num_leaves=16
num_cat=0
split_feature=0 0 2 0 2 2 2 5 1 1 1 0 13 3 2
split_gain=0.830273 2.0036 2.59094 1.81009 1.49046 1.73713 6.82865 5.90767 5.52112 5.8146 5.36346 4.93483 3.74199 4.18916 3.65794
threshold=0.16396650000000004 0.22206000000000004 0.092409000000000005 0.24105600000000002 0.0066115000000000002 0.15026900000000001 0.16441850000000002 1.0000000180025095e-35 0.55230650000000014 0.38329850000000004 0.25976800000000005 0.82190000000000007 0.19600500000000001 0.87500000000000011 0.17128050000000003
decision_type=2 2 2 2 2 2 2 2 2 2 2 2 2 2 2
left_child=-1 2 -2 -3 -5 7 8 12 9 -7 -9 14 -6 -14 -8
right_child=1 3 -4 4 5 6 11 10 -10 -11 -12 -13 13 -15 -16
leaf_value=-0.0066515924662505005 0.017765488967562575 -0.010801709946332236 0.0015318629016873701 0.008257468218938125 0.0017900652894988444 0.016589648085424395 -0.011035079830877294 -0.016762662720100224 0.025870548031128576 -0.0063664194695736802 0.00048717728600884935 -0.014970797925815526 -0.024659251533058427 -0.006730150410614426 0.00040350774805378563
leaf_weight=15.797855686396359 11.83943213149905 13.097736977739258 29.169885191135108 18.415442245081067 18.139753293246031 17.862059828825295 24.607899693772197 15.971028684638439 14.730112342163919 20.144468186423182 366.92574235331267 18.54291357845068 19.204994905740023 30.609045498073101 1443.1318180072121
leaf_count=114 80 115 207 103 110 127 157 132 87 114 2206 98 109 172 10343
internal_value=0 4.5177e-05 0.00652986 -8.95463e-05 -1.43421e-05 -9.50035e-05 0.000384935 -0.00173054 0.010891 0.00457104 -0.000274122 5.0832e-06 -0.009814 -0.0139917 0.000204347
internal_weight=0 2062.39 41.0093 2021.38 2008.29 1989.87 1539.02 450.851 52.7366 38.0065 382.897 1486.28 67.9538 49.814 1467.74
internal_count=14274 14160 287 13873 13758 13655 10926 2729 328 241 2338 10598 391 281 10500
is_linear=0
shrinkage=0.03


Tree=337
num_leaves=16
num_cat=0
split_feature=1 0 13 4 2 13 0 0 13 13 13 4 1 2 3
split_gain=0.820407 1.64032 5.87322 11.3621 7.59544 6.31276 3.37103 8.00248 7.94927 10.5922 9.56728 6.4778 3.65996 4.34881 5.58288
threshold=0.81198350000000008 0.75720300000000007 0.20811650000000004 0.85416650000000016 0.16672450000000003 0.63605300000000009 0.70498900000000009 0.71770300000000009 0.50558250000000016 0.31272250000000007 0.7307220000000002 0.96875000000000011 0.58126300000000009 0.061293500000000008 0.87500000000000011
decision_type=2 2 2 2 2 2 2 2 2 2 2 2 2 2 2
left_child=1 6 -3 -4 -5 -6 12 11 9 -9 -10 -8 -1 14 -14
right_child=-2 2 3 4 5 -7 7 8 10 -11 -12 -13 13 -15 -16
leaf_value=0.00013250982895071525 0.0064296749139576169 0.0086460374105680853 -0.027072204367359704 0.011625004523912765 0.0038080322055656347 -0.018237731736051019 0.0027600305889429518 0.0015380378469014042 0.022230568859374685 -0.030210151650640633 -0.0058252569800142599 0.028049574317191132 -0.0069243477960189218 -0.012266460598562392 0.015025034064612201
leaf_weight=1735.4391373572871 16.659137111157179 26.63971908390522 19.099774908274412 24.762095818296075 20.264812923967838 25.717031264677644 17.036666782572865 26.805967884138227 21.741840066388249 13.538424158468841 20.439278595149517 19.220908675342798 28.716197645291686 46.888019606471062 15.072002828121184
leaf_count=12318 101 149 103 136 110 140 112 163 123 90 117 109 155 268 80
internal_value=0 -6.41825e-05 -0.0035066 -0.00716551 -0.00148858 -0.00864762 0.000143686 0.0050191 -0.000188764 -0.00958876 0.00881577 0.0165596 -0.000176017 -0.00601791 0.000797467
internal_weight=0 2061.38 116.483 89.8437 70.7439 45.9818 1944.9 118.783 82.5255 40.3444 42.1811 36.2576 1826.12 90.6762 43.7882
internal_count=14274 14173 638 489 386 250 13535 714 493 253 240 221 12821 503 235
is_linear=0
shrinkage=0.03


Tree=338
num_leaves=16
num_cat=0
split_feature=12 2 12 12 0 10 0 13 13 13 2 0 0 13 3
split_gain=0.80667 2.64618 2.39968 2.40938 2.19233 1.71304 2.33777 3.58345 1.22886 1.99575 3.3732 2.70182 4.59149 1.51345 8.41592
threshold=6.9180020000000004 0.08423700000000002 5.5940500000000002 4.9685970000000008 0.5976895000000001 0.11749550000000002 0.42468050000000007 0.38991850000000006 0.0092175000000000017 0.033667000000000009 0.12365850000000002 0.5815665000000001 0.46179200000000004 0.12692700000000004 0.62500000000000011
decision_type=2 2 2 2 2 2 2 2 2 2 2 2 2 2 2
left_child=2 -2 3 8 5 6 -3 -8 -1 10 -10 12 -12 14 -11
right_child=1 4 -4 -5 -6 -7 7 -9 9 13 11 -13 -14 -15 -16
leaf_value=-0.0082487898106659383 0.0149653105584367 0.0047072166799355889 -0.0095844354258674738 0.01255632213665682 0.0085034898078165441 0.0059744249156239611 0.0030115523089290427 -0.017237334430606502 -0.0081444497243357474 0.00093598174631521569 0.016197456633103232 0.022614586595497466 -0.0098255786656344796 6.6900070729602052e-05 -0.015056673379372616
leaf_weight=15.565771562978624 12.531795755028723 14.281848033890126 22.921791903208941 12.60442181304097 22.406302897259593 15.976026663556693 12.297550702467563 19.612269625067711 10.40342910774052 120.4917152703274 12.494969113264235 10.631638212129472 10.237331935670225 1727.094006797066 38.220482494682074
leaf_count=112 62 88 154 70 127 114 81 116 66 953 115 70 79 11833 234
internal_value=0 0.00264659 -0.00014027 -2.48585e-05 0.000667702 -0.00224636 -0.00515598 -0.00957934 -0.000112794 -4.29227e-05 0.0062175 0.0108025 0.00455796 -0.000191438 -0.00298547
internal_weight=0 97.1058 1980.67 1957.74 84.574 62.1677 46.1917 31.9098 1945.14 1929.57 43.7674 33.3639 22.7323 1885.81 158.712
internal_count=14274 588 13686 13532 526 399 285 197 13462 13350 330 264 194 13020 1187
is_linear=0
shrinkage=0.03


Tree=339
num_leaves=16
num_cat=0
split_feature=4 2 2 4 13 0 14 0 4 1 2 2 0 1 0
split_gain=0.815988 1.03454 7.92591 5.17249 5.32123 4.52853 4.85461 7.43531 6.32889 9.90344 4.45583 7.6706 5.63624 4.30555 6.29989
threshold=0.35416650000000005 0.53675050000000013 0.52471750000000006 0.53125000000000011 0.29994700000000002 0.6736025000000001 0.70833350000000006 0.56858000000000009 0.82291650000000016 0.24052150000000003 0.51801750000000013 0.48912250000000007 0.60935800000000007 0.26307050000000004 0.39532050000000002
decision_type=2 2 2 2 2 2 2 2 2 2 2 2 2 2 2
left_child=-1 2 10 4 -3 6 7 -5 9 -8 11 -2 -13 14 -10
right_child=1 3 -4 5 -6 -7 8 -9 13 -11 -12 12 -14 -15 -16
leaf_value=-0.0074104722881751014 0.00021856448810132512 0.0019775100976816987 -0.019451787264070833 0.014971372809304996 0.029865356827820138 0.015863971338903628 -0.0038897306685993149 -0.012268922006148384 0.010935366207253466 -0.034268923964305247 0.017198823451788074 -0.005902254634732298 -0.028749995196493856 0.0076308988010267724 -0.0053241860075530778
leaf_weight=12.317301484057678 1640.6549393257592 13.784281190019103 18.142650836613029 35.746182300150394 10.358152892440556 15.354561856016515 41.26916520530358 11.11490338668227 25.407416915521026 11.74007777776569 12.388616475276647 50.766255342401564 11.276244761422275 53.631397821009159 113.72915994282812
leaf_count=99 10823 124 161 282 64 97 372 72 235 98 110 408 89 343 897
internal_value=0 3.94213e-05 -0.000254731 0.0015706 0.0146546 0.000500885 -0.000356487 0.00838894 -0.00205117 -0.0111278 -4.0443e-05 -0.000175895 -0.010445 0.000489359 -0.00229822
internal_weight=0 2065.36 1733.23 332.135 24.1424 307.993 292.638 46.8611 245.777 53.0092 1715.09 1702.7 62.0425 192.768 139.137
internal_count=14274 14175 11591 2584 188 2396 2299 354 1945 470 11430 11320 497 1475 1132
is_linear=0
shrinkage=0.03


Tree=340
num_leaves=16
num_cat=0
split_feature=13 1 1 2 4 0 13 1 0 0 13 0 1 2 3
split_gain=0.825839 3.5448 6.17469 6.22225 7.6175 4.55495 4.4018 4.91595 8.69693 5.26721 9.42937 7.18633 10.861 7.84927 6.67354
threshold=0.40556650000000005 0.14831000000000003 0.13525250000000003 0.31496800000000008 0.89583350000000006 0.34075600000000006 0.39885150000000008 0.18665800000000002 0.42468050000000007 0.44819900000000007 0.15252450000000004 0.47155150000000007 0.25976800000000005 0.32381050000000006 0.62500000000000011
decision_type=2 2 2 2 2 2 2 2 2 2 2 2 2 2 2
left_child=1 2 3 -1 -5 -6 7 -3 -9 10 -10 13 14 -11 -13
right_child=-2 6 -4 4 5 -7 -8 8 9 11 -12 12 -14 -15 -16
leaf_value=0.012307834106082181 -0.00048251350571548702 0.010850547100041418 -0.025901278671734102 0.00025309791765826804 -0.0043051161172284755 -0.034848710046818346 0.01679300548779385 -0.0078359052348783813 -0.0063248013604235691 0.00010358997007121166 0.024286171302126271 0.024273350221820866 0.00061542773956608089 -0.030399990913014503 -0.0018338248842925241
leaf_weight=19.867955578491092 1275.6325697288848 42.608335664495826 9.9835291150957328 43.833364905323833 7.780425418168309 10.141108321957288 15.473489681258796 96.184029338415712 14.099979704245923 17.792739402502779 22.706859988160431 28.696749380789697 447.87102872040123 12.234394704923032 12.340670762583612
leaf_count=152 8529 340 78 451 70 118 101 745 99 114 155 210 2937 101 74
internal_value=0 0.000745591 -0.00477672 -0.0019107 -0.00660836 -0.0225169 0.0014638 0.00109863 0.00044563 0.00189044 0.0127026 0.00110061 0.00198532 -0.0129041 0.0165656
internal_weight=0 801.615 91.6064 81.6229 61.7549 17.9215 710.008 694.535 651.926 555.742 36.8068 518.936 488.908 30.0271 41.0374
internal_count=14274 5745 869 791 639 188 4876 4775 4435 3690 254 3436 3221 215 284
is_linear=0
shrinkage=0.03


Tree=341
num_leaves=16
num_cat=0
split_feature=3 13 0 0 4 4 2 0 0 1 1 2 7 1 2
split_gain=0.851818 2.6425 3.91444 3.40291 2.9774 5.98021 3.15504 7.57183 5.05135 4.21882 5.49182 4.09057 4.2579 3.49605 3.43847
threshold=0.37500000000000006 0.033667000000000009 0.34688750000000007 0.71770300000000009 0.96875000000000011 0.85416650000000016 0.39948850000000008 0.61794000000000004 0.40876600000000002 0.22554100000000002 0.27395300000000006 0.099631500000000012 1.0000000180025095e-35 0.46466600000000008 0.33024400000000004
decision_type=2 2 2 2 2 2 2 2 2 2 2 2 2 2 2
left_child=1 -1 -3 4 5 6 11 8 -8 -10 -11 -4 14 -14 -13
right_child=-2 2 3 -5 -6 -7 7 -9 9 10 -12 12 13 -15 -16
leaf_value=0.0087208135660601961 0.00020289393980980869 -0.01839601925612265 0.0086257662748904524 -0.015090152099458834 0.011588966360885645 -0.021610221924295688 0.020342139465707346 0.028258972140150013 -0.014890490907506682 0.016605142533999216 -0.012521855446215742 0.002000392104026152 -0.0074179949651309819 -0.032239984563411282 -0.016607997105493936
leaf_weight=18.837115522939712 1852.9258120455779 12.463158315280451 19.1759611107409 14.589488015044479 15.724168986082075 11.537495434284208 8.218471101485191 9.6911662714555842 17.409783977083862 12.786901328247042 9.1563234641216678 42.357325952500105 13.923051959369333 7.9103730730712405 10.273161723278461
leaf_count=172 12064 241 128 127 153 121 99 87 178 104 125 337 149 78 111
internal_value=0 -0.00175158 -0.00275048 -0.00164914 -0.000470406 -0.00170152 -4.71207e-05 0.00544554 0.000311915 -0.00427163 0.00443519 -0.00342804 -0.00660531 -0.0174292 -0.0018738
internal_weight=0 224.054 205.217 192.754 178.164 162.44 150.903 57.2626 47.5715 39.353 21.9432 93.6399 74.4639 21.8334 52.6305
internal_count=14274 2210 2038 1797 1670 1517 1396 593 506 407 229 803 675 227 448
is_linear=0
shrinkage=0.03


Tree=342
num_leaves=16
num_cat=0
split_feature=3 1 0 1 2 2 2 4 13 13 14 13 2 13 13
split_gain=0.808247 2.59192 6.38801 2.66714 2.85823 4.71104 4.12966 5.4 5.46067 4.86333 6.88996 5.37393 4.81033 4.12157 3.92629
threshold=0.37500000000000006 0.69749300000000014 0.71770300000000009 0.11690300000000002 0.036242000000000003 0.063634500000000011 0.15632400000000002 0.96875000000000011 0.43822650000000002 0.31272250000000007 0.87500000000000011 0.20811650000000004 0.11337600000000002 0.35177250000000004 0.52878700000000012
decision_type=2 2 2 2 2 2 2 2 2 2 2 2 2 2 2
left_child=1 2 3 -1 -5 -6 12 8 9 10 -8 -12 -7 -11 -10
right_child=-2 -3 -4 4 5 6 7 -9 14 13 11 -13 -14 -15 -16
leaf_value=-0.015482582467857839 0.00019680387183991917 0.013108746598990674 -0.026574353236668413 -0.016818578890217255 0.020582488316874453 0.00070727187038774873 -0.020458955132968481 0.020838317973755637 -0.027468701456851465 0.027301187210001639 0.0073838485227190253 -0.010875813980517273 -0.023585325852329635 0.0028045768481069337 -0.0039673209531821685
leaf_weight=10.26904805889353 1852.9865785492584 9.1701104715466482 8.4103688374161703 8.1773110292851907 8.7986256526783091 15.012837895192208 12.537223099730907 10.65350037999451 8.7881326833739895 10.647347784601154 56.180969171226025 18.478060857392848 13.242254327982662 13.7234551012516 19.702916644513607
leaf_count=228 12064 60 86 58 64 128 185 103 80 98 498 173 129 126 194
internal_value=0 -0.00170801 -0.00239895 -0.00128946 -0.000470783 0.000326501 -0.000778188 0.00121635 -0.000413337 0.00260021 -0.000754925 0.00278058 -0.0110949 0.0141611 -0.011902
internal_weight=0 223.792 214.622 206.212 195.943 187.765 178.967 150.712 140.058 111.567 87.1963 74.659 28.2551 24.3708 28.491
internal_count=14274 2210 2150 2064 1836 1778 1714 1457 1354 1080 856 671 257 224 274
is_linear=0
shrinkage=0.03


Tree=343
num_leaves=16
num_cat=0
split_feature=13 13 0 0 6 13 2 13 1 5 0 0 0 0 14
split_gain=0.807968 1.29527 4.96209 4.17559 5.78213 3.82861 2.71998 1.72038 1.91507 5.88414 2.45607 3.24217 4.66525 5.19564 4.34718
threshold=0.98640400000000017 0.95102850000000017 0.6736025000000001 0.48050300000000007 2.5000000000000004 0.94102200000000014 0.31181400000000009 0.93263050000000003 0.023252500000000002 2.5000000000000004 0.22206000000000004 0.35462050000000006 0.35970200000000002 0.36439500000000008 0.87500000000000011
decision_type=2 2 2 2 2 2 2 2 2 2 2 2 2 2 2
left_child=1 5 3 4 -3 7 -5 8 9 -1 -10 14 -13 -14 -12
right_child=-2 2 -4 6 -6 -7 -8 -9 10 -11 11 12 13 -15 -16
leaf_value=-0.021254744940814356 -0.0054241657212811207 -0.0020441101254187756 0.020018476921427771 -0.013921371514087028 0.024548609200664352 -0.013895911421984358 0.0016476328001964172 0.0094196977642148697 0.0067895232057942198 0.00890811110034497 -0.016784808799339933 0.017827602775153575 -0.017723935277105727 0.0002909505248179333 -0.002244764692803367
leaf_weight=12.724400097969921 23.512765565887094 17.752880856394771 12.992651687934993 18.660119609907269 11.402847906574605 16.937037214636803 20.379749670624733 16.396625647321343 46.41733446996659 9.347565768286584 20.117167383665219 12.522221963386981 13.533886495977638 1669.9618563167751 153.78383475472219
leaf_count=129 157 106 78 109 99 109 139 109 322 117 226 97 103 11143 1231
internal_value=0 5.47965e-05 0.00374484 0.000399879 0.00882551 -9.89655e-05 -0.00595581 2.76194e-05 -5.66424e-05 -0.00864822 4.67725e-05 -0.000124144 0.000276743 0.00013569 -0.00401313
internal_weight=0 2052.93 81.1882 68.1956 29.1557 1971.74 39.0399 1954.8 1938.41 22.072 1916.34 1869.92 1696.02 1683.5 173.901
internal_count=14274 14117 531 453 205 13586 248 13477 13368 246 13122 12800 11343 11246 1457
is_linear=0
shrinkage=0.03


Tree=344
num_leaves=16
num_cat=0
split_feature=0 0 2 0 1 4 2 1 5 0 0 13 1 13 13
split_gain=0.823988 1.74692 2.40903 1.70076 1.48753 4.08098 3.47948 2.30476 6.25431 6.62781 6.48204 4.2962 4.1155 1.89062 3.12035
threshold=0.16396650000000004 0.22206000000000004 0.092409000000000005 0.24105600000000002 0.057089000000000008 0.85416650000000016 0.66831600000000013 0.1141515 3.5000000000000004 0.31239800000000001 0.37421200000000004 0.46980150000000004 0.092558500000000016 0.0092175000000000017 0.033667000000000009
decision_type=2 2 2 2 2 2 2 2 2 2 2 2 2 2 2
left_child=-1 2 -2 -3 5 -5 -7 8 9 -6 -11 -12 -10 -9 -15
right_child=1 3 -4 4 7 6 -8 13 12 10 11 -13 -14 14 -16
leaf_value=-0.0066310771249825703 0.016906432861912079 -0.010493405903036934 0.0012799425163079797 -0.0094760362540699996 0.016164378723491728 0.020362483851418138 -0.00068433434414276993 -0.010109998376891341 -0.0040710932128008781 -0.025990041114333295 -0.011411286375917781 0.0092855931953562815 -0.035127192472122731 0.0081373295633848861 -1.8904740186248933e-05
leaf_weight=15.778072405606506 11.879915576428173 13.022393934195859 29.182718522846699 10.630831036251037 14.6091052130796 16.032497847452763 11.977621821686624 15.244793238118289 7.1409687893465152 10.478518670657648 15.325161756016312 19.189669531770051 8.1232917034067196 42.208665519021451 1835.4196753241122
leaf_count=114 80 115 207 143 128 137 137 104 95 107 135 151 89 307 12225
internal_value=0 4.42263e-05 0.00609533 -8.17731e-05 -9.00275e-06 0.00574479 0.0116491 -0.000124852 -0.005252 -0.0007398 -0.00646061 3.32808e-05 -0.021742 8.06027e-05 0.00016868
internal_weight=0 2060.47 41.0626 2019.4 2006.38 38.641 28.0101 1967.74 74.8667 59.6025 44.9933 34.5148 15.2643 1892.87 1877.63
internal_count=14274 14160 287 13873 13758 417 274 13341 705 521 393 286 184 12636 12532
is_linear=0
shrinkage=0.03


Tree=345
num_leaves=16
num_cat=0
split_feature=1 1 2 1 13 5 2 2 2 0 2 0 13 2 2
split_gain=0.806745 7.58374 5.29603 3.90558 4.39084 5.14746 7.198 3.80459 6.40444 7.06148 3.74144 3.69063 4.67269 3.67993 3.61282
threshold=0.30579500000000009 0.31471900000000003 0.054539500000000012 0.29178450000000006 0.83538150000000011 1.5000000000000002 0.35604800000000009 0.58070100000000013 0.43736600000000009 0.68054500000000007 0.48368100000000008 0.58870750000000005 0.60163750000000016 0.46327700000000005 0.092409000000000005
decision_type=2 2 2 2 2 2 2 2 2 2 2 2 2 2 2
left_child=2 -2 -1 14 5 -5 -7 8 -3 11 -11 12 -10 -13 -4
right_child=1 7 3 4 -6 6 -8 -9 9 10 -12 13 -14 -15 -16
leaf_value=-0.013612387610659504 -0.015894278265013297 0.00028107567242866612 0.013357872099977677 0.014993563659178564 0.024479951894131269 0.011382293908111839 -0.022361268503510456 0.011643552616672255 -0.015467102036417832 0.01664611379158204 -0.0055642473232317196 -0.031274448572678998 0.01000312097588576 -0.011854516007053808 0.00022838753007453763
leaf_weight=21.579979542642832 27.117343646474183 1103.9897559694946 18.361870617605746 18.916514351963997 11.630538837984203 10.201583288609983 10.69265356659889 23.190907707437873 11.843048822600396 12.702249467372896 12.855438697151838 11.847963368520139 12.133271642029284 36.192012318409979 732.76259331824258
leaf_count=164 223 6786 129 116 76 81 97 151 107 83 83 80 86 252 5760
internal_value=0 -0.000489782 0.000718297 0.00112009 0.00903585 0.00403464 -0.00611864 -0.000136022 -0.000372868 -0.00769963 0.00568551 -0.0124627 -0.00269339 -0.0171841 0.000566682
internal_weight=0 1251.87 824.146 802.566 51.4413 39.8108 20.8942 1224.75 1201.56 97.574 25.5577 72.0163 23.9763 48.04 751.124
internal_count=14274 7851 6423 6259 370 294 178 7628 7477 691 166 525 193 332 5889
is_linear=0
shrinkage=0.03


Tree=346
num_leaves=16
num_cat=0
split_feature=4 2 2 4 13 2 2 5 0 14 0 4 1 13 13
split_gain=0.802974 0.974406 7.50925 4.80644 4.84855 4.26472 7.25825 5.64161 4.14465 4.55322 7.08406 5.92549 9.66806 4.1324 7.07926
threshold=0.35416650000000005 0.53675050000000013 0.52471750000000006 0.53125000000000011 0.29500250000000006 0.51801750000000013 0.48912250000000007 3.5000000000000004 0.6736025000000001 0.70833350000000006 0.56858000000000009 0.82291650000000016 0.24052150000000003 0.22566750000000005 0.32436150000000008
decision_type=2 2 2 2 2 2 2 2 2 2 2 2 2 2 2
left_child=-1 2 5 4 -3 6 -2 -8 9 10 -5 12 -11 -13 -15
right_child=1 3 -4 8 -6 -7 7 -9 -10 11 -12 13 -14 14 -16
leaf_value=-0.0073637394316003217 0.0002097895159953656 0.0019404179761519111 -0.019024395404869873 0.014547664799499377 0.028563999930704017 0.016805322311875811 -0.015056502343156532 0.0061284065005057734 0.015169454144500976 -0.0036560287739534573 -0.012074384374252366 0.012939968396652823 -0.033835265751182404 -0.020933857720768008 0.00078894816794928613
leaf_weight=12.278573150280861 1639.6319831223227 13.673682790715249 17.960454858839512 35.787832278758287 10.438271970488129 12.41958785522729 47.612635142169893 14.133868681266902 15.396040527150033 41.116681458894163 11.06857345998287 20.322614620439708 11.567138083279131 13.753766413778065 158.46985994838178
leaf_count=99 10823 121 161 282 67 110 364 133 97 372 72 153 98 114 1208
internal_value=0 3.72321e-05 -0.000248271 0.00152454 0.0141445 -4.0519e-05 -0.000173288 -0.0101869 0.000492272 -0.000330488 0.00813802 -0.00197506 -0.010789 0.000479855 -0.00105667
internal_weight=0 2063.35 1731.76 331.594 24.112 1713.8 1701.38 61.7465 307.483 292.086 46.8564 245.23 52.6838 192.546 172.224
internal_count=14274 14175 11591 2584 188 11430 11320 497 2396 2299 354 1945 470 1475 1322
is_linear=0
shrinkage=0.03


Tree=347
num_leaves=16
num_cat=0
split_feature=13 12 1 3 2 4 1 13 13 5 13 10 0 13 13
split_gain=0.818435 3.33985 3.1665 8.68368 8.40182 11.984 6.98104 5.18669 14.4208 9.79258 6.53745 5.4236 4.85088 3.90204 2.97787
threshold=0.40556650000000005 1.6030085000000003 0.6391285000000001 0.87500000000000011 0.049066500000000006 0.89583350000000006 0.54212850000000012 0.65806450000000016 0.56484250000000014 1.5000000000000002 0.87075050000000009 0.18572750000000002 0.75206350000000011 0.73882100000000006 0.39885150000000008
decision_type=2 2 2 2 2 2 2 2 2 2 2 2 2 2 2
left_child=1 14 6 4 -4 -6 -2 8 9 -8 11 -9 -5 -14 -1
right_child=2 -3 3 12 5 -7 7 10 -10 -11 -12 -13 13 -15 -16
leaf_value=-0.00039477300738065876 -0.000144637239443286 0.0052241465926256741 -0.020503882575362897 0.022994981267010779 0.016613549615427985 -0.016017546926538326 0.0048295323647409077 -0.0089812983452452998 0.01791319591664594 -0.025062055039760448 -0.0026361854458888264 -0.03296251816902851 -0.0060576836158857386 0.014225996768796004 0.013109836049553601
leaf_weight=661.35237076762132 1037.8380408417434 125.04689749493264 17.610478568822145 22.811862768605351 24.623373658861965 15.787448262795804 16.95202973112464 16.958298966288567 21.487732775509357 21.704349787905812 28.195482535287738 18.317763777449727 15.010481711477039 17.553067581728101 14.028976121917365
leaf_count=4816 7198 836 91 126 135 89 91 97 123 139 159 104 79 98 93
internal_value=0 0.000741222 -0.000482066 0.00428087 -0.00380855 0.00378648 -0.00095037 -0.0076596 -0.00130005 -0.0121624 -0.0135721 -0.0219994 0.012674 0.00497413 -9.52886e-05
internal_weight=0 800.428 1274.85 113.397 58.0213 40.4108 1161.45 123.616 60.1441 38.6564 63.4715 35.2761 55.3754 32.5635 675.381
internal_count=14274 5745 8529 618 315 224 7911 713 353 230 360 201 303 177 4909
is_linear=0
shrinkage=0.03


Tree=348
num_leaves=16
num_cat=0
split_feature=10 13 10 13 5 10 10 10 13 0 1 10 1 0 3
split_gain=0.790756 2.4663 3.41099 4.43882 2.90853 2.29046 2.30296 4.11157 1.99521 1.29401 1.82917 4.38848 2.81311 2.97785 2.32164
threshold=51.160083500000006 0.55650800000000011 52.979579500000007 0.73882100000000006 2.5000000000000004 50.186343500000007 49.209645000000009 48.857221500000009 0.58936650000000013 0.16396650000000004 0.052321500000000007 0.42579000000000006 0.075568500000000011 0.30093550000000008 0.62500000000000011
decision_type=2 2 2 2 2 2 2 2 2 2 2 2 2 2 2
left_child=5 4 -3 -4 -2 6 7 9 -8 -1 11 14 13 -12 -11
right_child=1 2 3 -5 -6 -7 8 -9 -10 10 12 -13 -14 -15 -16
leaf_value=-0.0085286643182693536 0.0032512430343862239 0.012432688719094618 -0.024797734833646046 0.0034463573237432064 0.025588454581778868 -0.010725723162745573 0.016548199833446145 -0.016249820192476241 -0.00015562441578091042 -0.012856186864599972 0.00118866277522721 0.017958836260427005 6.1823749794441684e-05 -0.018880910749491216 0.0052978460962785461
leaf_weight=14.912323775701223 16.746532427147034 8.4402431640774029 8.1788457520306128 10.557604044675825 6.8865883182734242 17.107151543721557 13.014316638931634 13.128525324165819 11.866878194734452 9.2934966064058244 12.035089481389152 16.101893716724589 1887.6184517962392 13.578021295834331 15.566291457973421
leaf_count=102 249 100 85 144 112 150 115 90 95 130 93 142 12358 158 151
internal_value=0 0.00364967 -0.00249906 -0.00951453 0.0105348 -0.000103707 -7.87675e-06 -0.000123902 0.00888326 -8.19283e-06 6.11552e-05 0.00625715 -7.46987e-05 -0.0097603 -0.0017235
internal_weight=0 50.8098 27.1767 18.7364 23.6331 2024.22 2007.12 1982.23 24.8812 1969.11 1954.19 40.9617 1913.23 25.6131 24.8598
internal_count=14274 690 329 229 361 13584 13434 13224 210 13134 13032 423 12609 251 281
is_linear=0
shrinkage=0.03


Tree=349
num_leaves=16
num_cat=0
split_feature=1 5 1 1 13 0 2 2 0 1 0 0 6 2 3
split_gain=0.800938 3.45626 2.82705 1.41355 4.20943 2.57511 1.96826 1.86345 4.90165 14.2685 5.28158 4.33345 4.3767 2.71456 2.48731
threshold=0.012388500000000002 2.5000000000000004 0.040732500000000012 0.075568500000000011 0.26568700000000006 0.18019000000000004 0.61446550000000011 0.66216550000000007 0.5815665000000001 0.21786650000000005 0.52731850000000013 0.48198500000000005 2.5000000000000004 0.69367650000000014 0.62500000000000011
decision_type=2 2 2 2 2 2 2 2 2 2 2 2 2 2 2
left_child=1 -1 -2 4 -4 -5 -6 -7 9 10 11 12 -9 -10 -12
right_child=2 -3 3 5 6 7 -8 8 13 -11 14 -13 -14 -15 -16
leaf_value=-0.017843898059926776 0.011412132698550466 0.0063624997069286525 0.0092379175521730954 0.013317195688101581 -0.004916936665329239 -0.00024567809665726611 -0.020887267630382993 0.019297701592134141 0.0022269393511162262 0.038180946601547236 0.02206904612142609 -0.013943511638947611 -0.0071475649085631305 -0.017252755407007703 0.0028614792060296925
leaf_weight=9.6426936304196733 18.518014834728092 9.8213675543665868 11.629359912360085 12.089857263490556 18.275647907052193 1883.5506547689438 11.124491888098417 9.418821532279253 12.494163015857341 10.702343334443865 12.125555962324144 20.223766913637519 11.432390350848436 11.855112783610819 11.920316722244023
leaf_count=100 168 110 129 91 156 12664 112 54 85 77 87 141 126 96 78
internal_value=0 -0.00591555 4.89646e-05 -5.98934e-05 -0.0055046 5.47384e-05 -0.0114481 -3.27591e-05 0.00393363 0.0076762 0.00216125 -0.00436687 0.00513463 -0.00756374 0.0130417
internal_weight=0 19.4641 2055.36 2036.84 41.0295 1995.81 29.4001 1983.72 100.172 75.8232 65.1209 41.075 20.8512 24.3493 24.0459
internal_count=14274 210 14064 13896 397 13499 268 13408 744 563 486 321 180 181 165
is_linear=0
shrinkage=0.03


Tree=350
num_leaves=16
num_cat=0
split_feature=13 13 13 0 4 2 2 3 2 13 1 0 13 0 5
split_gain=0.783758 1.21005 3.70462 4.72552 4.59569 6.16174 13.5 10.5484 9.12214 8.62081 8.06733 6.79407 6.62568 5.1073 3.58336
threshold=0.98640400000000017 0.85938800000000015 0.89326150000000004 0.38912550000000007 0.89583350000000006 0.46055850000000004 0.51801750000000013 0.87500000000000011 0.19494950000000003 0.96839150000000018 0.49490350000000005 0.50508450000000005 0.9210965000000001 0.43955750000000005 1.5000000000000002
decision_type=2 2 2 2 2 2 2 2 2 2 2 2 2 2 2
left_child=1 -1 3 -3 -4 7 -7 8 -6 10 12 -10 -9 -14 -5
right_child=-2 2 4 14 5 6 -8 9 11 -11 -12 -13 13 -15 -16
leaf_value=-0.00023320377526079241 -0.0053451387608276328 0.022465134300241531 -0.012802883222791927 0.014983905969732859 -0.0011984199984431704 -0.033110837294640191 0.0020186888260925601 0.00094124921416854023 0.03954016649569958 0.013652861705810556 0.0062275442659890743 0.010147620394082445 -0.0090927926307665125 -0.036669792761472593 -0.0011519451884323571
leaf_weight=1774.7189005019609 23.480219231918454 14.424196943640707 22.043097008485347 16.656499121338129 17.411623680964112 12.611336303874848 35.212043536826968 14.319275632500647 14.997788380831482 23.662077685818076 24.404595941305161 14.351145476102827 12.033957272768022 13.201245471835135 41.079101501964033
leaf_count=12277 157 110 142 99 110 90 262 94 105 142 142 95 86 80 283
internal_value=0 5.46869e-05 0.00189731 0.00768998 -0.000176705 0.00141235 -0.00773363 0.00470028 0.0160439 -0.0014662 -0.00718367 0.0259756 -0.0154077 -0.0243669 0.00367904
internal_weight=0 2051.13 276.408 72.1598 204.248 182.205 47.8234 134.382 46.7606 87.6212 63.9591 29.3489 39.5545 25.2352 57.7356
internal_count=14274 14117 1840 492 1348 1206 352 854 310 544 402 200 260 166 382
is_linear=0
shrinkage=0.03


Tree=351
num_leaves=16
num_cat=0
split_feature=11 12 11 2 10 2 10 10 1 13 0 13 4 13 13
split_gain=0.778337 2.1763 2.10906 1.24603 1.09203 3.46847 3.45281 4.1313 3.386 3.79165 4.59648 4.82707 3.36353 3.14457 9.20014
threshold=6.5478245000000008 1.0000000180025095e-35 8.3508430000000011 0.28680700000000009 4.3523135000000002 0.63553800000000005 3.7458590000000007 3.4374970000000005 0.40405200000000008 0.13893150000000001 0.5464150000000001 0.58466000000000007 0.85416650000000016 0.5365080000000001 0.7249850000000001
decision_type=2 2 2 2 2 2 2 2 2 2 2 2 2 2 2
left_child=4 2 -2 -4 6 8 7 -1 9 -6 11 12 -11 -10 -15
right_child=1 -3 3 -5 5 -7 -8 -9 13 10 -12 -13 -14 14 -16
leaf_value=-0.00021746678012304587 -0.013990914736700924 -0.019517449180695798 -0.0017030960804903738 0.019854947659114434 -0.015085692734608686 0.012346493974032355 -0.010293248266778073 0.013327013585745857 0.0093598483306639255 -0.0007020456268162945 -0.012121753827816367 -0.0042056955661220023 0.014676776391825845 -0.012887418358524317 0.010023301800124349
leaf_weight=1717.0044744829647 4.2550538312643793 5.9056198219768694 4.3256203010678274 4.0720947906374931 17.366055183112621 24.383273486979306 29.177208880893886 19.509664623066783 58.538285901769996 21.070507917553186 23.798898346722126 51.955076925456524 31.264280471950769 27.699035404250026 34.028955584391952
leaf_count=11213 81 111 84 76 145 200 186 124 525 167 186 412 277 203 284
internal_value=0 -0.00596506 0.0013267 0.0097509 4.7974e-05 0.00175047 -0.00023258 -5.77125e-05 0.00073551 -0.00233753 -0.000505683 0.00223505 0.00858804 0.00444079 -0.00029892
internal_weight=0 18.5584 12.6528 8.39772 2055.8 290.104 1765.69 1736.51 265.721 145.455 128.089 104.29 52.3348 120.266 61.728
internal_count=14274 352 241 160 13922 2399 11523 11337 2199 1187 1042 856 444 1012 487
is_linear=0
shrinkage=0.03


Tree=352
num_leaves=16
num_cat=0
split_feature=0 0 2 13 1 0 13 0 0 13 2 13 2 0 2
split_gain=0.787886 8.36398 14.5076 11.3033 10.8354 7.10662 9.11293 4.63285 8.13235 5.86812 9.01851 9.299 8.52464 8.03197 6.58131
threshold=0.64162550000000007 0.61585650000000014 0.42966850000000006 0.60807500000000014 0.47932400000000003 0.62168050000000008 0.39885150000000008 0.68054500000000007 0.67604800000000009 0.47413050000000007 0.111363 0.36757900000000004 0.16923000000000002 0.75720300000000007 0.072519000000000014
decision_type=2 2 2 2 2 2 2 2 2 2 2 2 2 2 2
left_child=1 -1 4 -4 -3 -6 -7 8 -2 10 14 12 -12 -11 -9
right_child=7 2 3 -5 5 6 -8 9 -10 13 11 -13 -14 -15 -16
leaf_value=-0.0002906013908888845 -0.0028091820744183126 0.028441873431328323 0.0058186241835673841 -0.030713355825498147 0.023343845552913089 0.015572119819640415 -0.013193552427289658 -0.00057673687543620552 -0.024153327950938663 0.010134855329275995 -0.024056324009184924 -0.027121469066709602 0.0003677907057555174 -0.0027633815139183021 0.023665036707057982
leaf_weight=1493.6864262719173 125.91684289742261 30.568990100175142 17.539437900297347 12.140515763312576 14.312064444646238 16.430167768150568 21.982938464730978 28.595881940796971 17.482597904279828 100.00151305086911 14.64493529871106 18.202268626540899 72.118821538984776 75.647779599763453 14.527088092640041
leaf_count=10769 778 194 134 77 82 106 131 153 110 591 86 122 437 419 85
internal_value=0 0.000306936 0.0081405 -0.00963871 0.0145149 0.00606123 -0.000806887 -0.00109156 -0.00556061 0.000899025 -0.00348705 -0.00821264 -0.00398191 0.00459571 0.00794099
internal_weight=0 1606.66 112.974 29.68 83.2942 52.7252 38.4131 467.138 143.399 323.738 148.089 104.966 86.7638 175.649 43.123
internal_count=14274 11493 724 211 513 319 237 2781 888 1893 883 645 523 1010 238
is_linear=0
shrinkage=0.03


Tree=353
num_leaves=16
num_cat=0
split_feature=2 5 2 13 13 2 2 0 13 13 13 0 2 2 5
split_gain=0.800038 6.67988 4.45236 8.92414 12.0436 5.35873 4.30309 7.86769 5.24728 4.46074 3.98363 3.6914 4.3105 4.17007 3.6165
threshold=0.14540600000000004 1.0000000180025095e-35 0.16441850000000002 0.8012060000000002 0.61662650000000008 0.17128050000000003 0.19187950000000001 0.82190000000000007 0.47909300000000005 0.76821800000000018 0.31701850000000004 0.45485350000000008 0.072519000000000014 0.067995500000000014 1.0000000180025095e-35
decision_type=2 2 2 2 2 2 2 2 2 2 2 2 2 2 2
left_child=1 11 3 4 -2 -4 8 14 10 -10 -7 13 -13 -1 -8
right_child=2 -3 5 -5 -6 6 7 -9 9 -11 -12 12 -14 -15 -16
leaf_value=0.0101112821816506 0.0036845323524943904 0.00044700496786953325 -0.012933953531367176 -0.014530280932818 0.032987569421821676 0.0067655367834982862 0.0040962142606777094 -0.0231617664434088 -0.0094336929995190964 0.0089890471346653275 0.027031511008354381 -0.024541518584083537 -0.0060459991789498018 -0.011777719318943582 -0.00053673393485219366
leaf_weight=14.772551322355868 43.604955760762095 410.83479385916144 27.438358837738633 12.758145084604619 16.944199862889946 22.717808650806546 172.16003968939185 12.280307993292807 22.218008477240801 23.114269960671663 14.213378716260193 20.02714179456234 26.573130708187819 14.566209429875014 1219.229963891441
leaf_count=96 275 2533 171 75 106 148 1007 66 134 145 84 108 150 92 9084
internal_value=0 -0.00107121 0.000317921 0.00748748 0.0122875 -3.40847e-05 0.000212655 -0.00018028 0.00683898 -4.89347e-05 0.0150721 -0.00918388 -0.0143433 -0.000786246 3.90421e-05
internal_weight=0 486.774 1586.68 73.3073 60.5492 1513.37 1485.93 1403.67 82.2635 45.3323 36.9312 75.939 46.6003 29.3388 1391.39
internal_count=14274 2979 11295 456 381 10839 10668 10157 511 279 232 446 258 188 10091
is_linear=0
shrinkage=0.03


Tree=354
num_leaves=16
num_cat=0
split_feature=2 0 2 14 0 13 4 13 2 12 13 2 0 2 5
split_gain=0.783286 5.15308 5.79161 10.8338 12.057 13.6339 6.30437 7.58417 4.85601 5.20204 4.47133 4.33446 4.23818 5.30192 4.2143
threshold=0.33724900000000008 0.7146475000000001 0.39948850000000008 0.87500000000000011 0.38536150000000008 0.69913750000000008 0.89583350000000006 0.79784100000000013 0.33219800000000005 37.479372000000005 0.18949450000000004 0.40447750000000005 0.58380200000000004 0.36148400000000008 1.5000000000000002
decision_type=2 2 2 2 2 2 2 2 2 2 2 2 2 2 2
left_child=8 2 3 -2 5 -5 10 12 9 -1 -6 -3 13 -8 -12
right_child=1 11 -4 4 6 -7 7 -9 -10 -11 14 -13 -14 -15 -16
leaf_value=-0.00050168917440619851 -0.011952739158510852 -0.020573659067288228 -0.0001503050204895035 -0.026832649862219064 -0.008195032995024271 0.01446878765103967 0.028664162144842738 0.0021823245445124983 -0.016842136731886722 0.017949494198267794 0.021629450994790019 -0.00081807764490679535 0.031486785218977985 0.0045728887046069594 -0.00017120356105397455
leaf_weight=1166.0415081102401 25.547117554116994 17.336806898936629 655.36680528195575 15.544606680050494 17.158199374563992 11.873331227805464 13.59685029927641 21.853379263542593 15.160648460499941 12.916287969797848 14.604433720931413 22.163131201639771 27.919588757678866 19.893998628482223 16.302295761182904
leaf_count=7450 233 107 5073 140 121 82 87 142 112 67 92 142 168 136 122
internal_value=0 0.000670687 0.0011735 0.00585649 0.00877942 -0.00906731 0.0125457 0.0174976 -0.000508637 -0.000284503 0.00378572 -0.00978284 0.0228253 0.0149011 0.0104853
internal_weight=0 879.161 839.661 184.294 158.747 27.4179 131.329 83.2638 1194.12 1178.96 48.0649 39.4999 61.4104 33.4908 30.9067
internal_count=14274 6645 6396 1323 1090 222 868 533 7629 7517 335 249 391 223 214
is_linear=0
shrinkage=0.03


Tree=355
num_leaves=16
num_cat=0
split_feature=1 0 13 4 2 13 1 2 2 1 2 0 1 13 13
split_gain=0.785313 1.4362 5.46031 10.697 6.89553 6.07755 3.10887 2.52088 6.07595 6.62765 5.52808 4.28518 4.9854 6.77056 7.60584
threshold=0.81198350000000008 0.75720300000000007 0.20811650000000004 0.85416650000000016 0.16672450000000003 0.63605300000000009 0.69749300000000014 0.089436500000000016 0.067995500000000014 0.32468550000000007 0.093707500000000013 0.29041800000000006 0.37049550000000003 0.25652200000000008 0.67788150000000014
decision_type=2 2 2 2 2 2 2 2 2 2 2 2 2 2 2
left_child=1 6 -3 -4 -5 -6 7 8 11 -10 -9 -1 -13 -14 -15
right_child=-2 2 3 4 5 -7 -8 10 9 -11 -12 12 13 14 -16
leaf_value=-0.01257822511948449 0.0062982350471479679 0.0084553520835168976 -0.026166595950716593 0.011207196274157633 0.0040926145442548266 -0.017574588147164217 0.012036057708420998 0.017571256080934652 0.0057739717572551693 -0.016549088056157284 0.00024809632202896123 0.013550812330514301 0.010451712951162945 -0.012048261778290589 0.0049163482392433466
leaf_weight=20.519041772931814 16.622577959671617 26.50930312089622 19.037584095727652 24.676677253097296 20.170045353472233 25.605974325910211 18.548626150935888 15.746088847517965 15.494721729308365 45.93596781603992 1668.3146320329979 25.535926198586822 34.722870776429772 54.761937949806452 40.721828259527683
leaf_count=153 101 149 103 136 110 140 100 100 108 271 11891 175 201 308 228
internal_value=0 -6.18071e-05 -0.00328975 -0.00682394 -0.00130414 -0.00814409 0.000132768 1.16786e-05 -0.00287377 -0.0109162 0.000420401 -2.50375e-05 0.00169854 -0.000711475 -0.00483724
internal_weight=0 2056.3 116 89.4903 70.4527 45.776 1940.3 1921.75 237.692 61.4307 1684.06 176.262 155.743 130.207 95.4838
internal_count=14274 14173 638 489 386 250 13535 13435 1444 379 11991 1065 912 737 536
is_linear=0
shrinkage=0.03


Tree=356
num_leaves=16
num_cat=0
split_feature=4 0 4 1 0 2 13 13 0 13 5 1 13 13 5
split_gain=0.765967 0.938458 5.8954 6.32802 5.63646 5.44378 4.36801 8.0885 7.617 5.50169 6.75777 6.30268 5.14732 7.58008 11.9583
threshold=0.35416650000000005 0.50991400000000009 0.57291650000000016 0.28093200000000007 0.50659650000000012 0.25130050000000004 0.81696200000000008 0.7931990000000001 0.25410050000000006 0.97519950000000011 1.5000000000000002 0.20823450000000002 0.7724930000000001 0.59486050000000013 4.5000000000000009
decision_type=2 2 2 2 2 2 2 2 2 2 2 2 2 2 2
left_child=-1 4 3 -3 6 -5 7 12 -8 10 11 -10 13 -2 -15
right_child=1 2 -4 5 -6 -7 8 -9 9 -11 -12 -13 -14 14 -16
leaf_value=-0.0071978797057944601 0.00053885249683866931 0.027485902783255883 -3.897822935857367e-05 0.010909238775940435 -0.01699235984893329 -0.0045725371690848162 -0.016938994435629712 -0.020683577390872027 -0.0189066655467022 -0.0088883129152123388 0.011784954061821592 0.0054284725791030981 0.014720471209784309 -0.0039278080373446409 -0.02932731986608228
leaf_weight=12.248367547057567 520.08923281449825 11.714842201210557 1042.4257034827024 49.415790051221848 17.659949633292854 33.63440272770822 13.631256196647881 18.004677971825004 13.096635321155189 19.708303783088923 103.22003983519971 28.978973936289549 17.615367548540235 153.46586540224962 17.7898726076819
leaf_count=99 4033 87 6554 308 116 275 97 139 97 137 768 172 132 1082 178
internal_value=0 3.87461e-05 0.000615397 0.00773883 -0.000671419 0.00465949 -0.000334755 -0.00136825 0.0038553 0.00566484 0.00768613 -0.00240926 -0.000849275 -0.00126668 -0.00672122
internal_weight=0 2060.45 1137.19 94.765 923.26 83.0502 905.6 726.965 178.635 165.004 145.296 42.0756 708.96 691.345 171.256
internal_count=14274 14175 7224 670 6951 583 6835 5564 1271 1174 1037 269 5425 5293 1260
is_linear=0
shrinkage=0.03


Tree=357
num_leaves=16
num_cat=0
split_feature=1 0 1 10 0 0 13 6 13 6 1 10 2 2 2
split_gain=0.800502 10.902 7.72374 5.08444 4.32577 5.41867 3.8957 9.76537 8.79055 6.34397 5.3537 4.4043 4.27647 4.1985 10.9686
threshold=0.20424150000000005 0.30093550000000008 0.19691750000000002 0.47411350000000002 0.55243100000000012 0.52731850000000013 0.88253450000000011 2.5000000000000004 0.75097750000000019 2.5000000000000004 0.11066250000000001 0.89767350000000012 0.096576000000000009 0.40645000000000003 0.45855650000000003
decision_type=2 2 2 2 2 2 2 2 2 2 2 2 2 2 2
left_child=2 -2 4 -4 5 6 8 10 12 -10 -8 -11 -1 -14 -15
right_child=1 -3 3 -5 -6 -7 7 -9 9 11 -12 -13 13 14 -16
leaf_value=0.01440327256963083 -0.022557318667844259 -4.0862613544559433e-05 0.026336938362941053 0.0017116508856757095 -0.014556298487254104 0.017910864056761944 -0.0048210718554220263 0.0085158866838841892 0.020957971333228475 -0.012966693569171024 -0.030922509391011342 0.015804473319434978 -0.0070314770428617276 0.018502038423874777 -0.0024015668107373427
leaf_weight=14.377652028575538 18.586102525703609 1626.5600147452205 16.369384696707133 13.604450579732655 16.514723151922226 14.767282986082135 13.733367202803494 18.753097021952271 30.304765604436398 10.816118558868768 14.602382332086561 7.0575566310435525 90.794806114165112 25.919717921875417 139.60353749874048
leaf_count=102 150 10578 124 103 146 116 84 182 191 145 82 58 734 222 1257
internal_value=0 -0.000308792 0.00114726 0.0155762 2.21621e-05 0.000691 -5.07685e-05 -0.00801184 0.00114623 0.0128148 -0.0188676 -0.00137072 -0.000970069 -0.00188503 0.000963234
internal_weight=0 1645.15 427.219 29.9738 397.245 380.73 365.963 47.0888 318.874 48.1784 28.3357 17.8737 270.696 256.318 165.523
internal_count=14274 10728 3546 227 3319 3173 3057 348 2709 394 166 203 2315 2213 1479
is_linear=0
shrinkage=0.03


Tree=358
num_leaves=16
num_cat=0
split_feature=3 13 13 0 1 13 2 13 1 1 5 4 1 1 13
split_gain=0.785486 2.4216 2.41942 3.62692 3.13867 6.98901 7.93326 4.40297 4.69795 4.74903 2.91817 3.98419 3.2461 8.29839 5.15698
threshold=0.37500000000000006 0.017249000000000004 0.033667000000000009 0.34688750000000007 0.49763200000000007 0.14934800000000001 0.070019000000000012 0.078998500000000013 0.39125400000000005 0.36531700000000006 5.5000000000000009 0.78125000000000011 0.27894700000000006 0.32291100000000006 0.18949450000000004
decision_type=2 2 2 2 2 2 2 2 2 2 2 2 2 2 2
left_child=2 -2 -1 -4 7 -6 -7 -5 9 10 11 12 14 -14 -9
right_child=1 -3 3 4 5 6 -8 8 -10 -11 -12 -13 13 -15 -16
leaf_value=0.0083329905351523098 -0.0093338795172528827 0.00031886208511474067 -0.017896477629939945 -0.013333786929437779 0.0088845596987417712 0.0052175360283103472 -0.025640194326320871 -0.0099112550113182527 0.01117193793606058 -0.022131478679711214 0.016503882449242516 -0.017526769890208151 -0.028129631147565795 0.0079487428997742898 0.013183387502916507
leaf_weight=18.836370492354035 22.694413473829627 1826.45687367348 12.146273363148792 16.926597584970295 14.225421486422418 10.669919870793818 22.078771841246635 11.275356505531816 38.386981036514044 7.8447781326249233 8.6555900555103999 10.201119729783384 8.8511625183746236 12.967132045887409 29.908787167165428
leaf_count=172 149 11915 241 152 115 64 201 124 313 80 100 124 123 131 270
internal_value=0 0.000195414 -0.00168566 -0.00264622 -0.00159369 -0.0082458 -0.0157297 0.000602781 0.00253346 -0.00124562 0.000998866 -0.00103215 0.00187071 -0.00727874 0.00677549
internal_weight=0 1849.15 222.974 204.138 191.992 46.9741 32.7487 145.018 128.091 89.7039 81.8591 73.2036 63.0024 21.8183 41.1841
internal_count=14274 12064 2210 2038 1797 380 265 1417 1265 952 872 772 648 254 394
is_linear=0
shrinkage=0.03


Tree=359
num_leaves=16
num_cat=0
split_feature=1 1 1 6 2 13 2 2 0 2 0 13 2 1 2
split_gain=0.771655 9.84404 4.03213 7.49005 6.77566 4.63178 3.65039 5.73244 6.39907 3.52563 3.48677 4.55401 3.614 3.6251 3.3062
threshold=0.30794200000000005 0.31471900000000003 0.29512900000000003 2.5000000000000004 0.054539500000000012 0.62149600000000016 0.58070100000000013 0.43736600000000009 0.68054500000000007 0.48368100000000008 0.58870750000000005 0.60163750000000016 0.46327700000000005 0.38329850000000004 0.28275000000000006
decision_type=2 2 2 2 2 2 2 2 2 2 2 2 2 2 2
left_child=2 -2 4 5 -1 -4 7 14 10 -10 11 -9 -12 -14 -3
right_child=1 6 3 -5 -6 -7 -8 8 9 -11 12 -13 13 -15 -16
leaf_value=-0.016941122706357326 -0.02094014304042836 -0.00075728147616255638 0.0061708861677484241 -0.0071065564116626493 0.00064160986570340047 0.029930635015740309 0.011408386868437589 -0.015077742143842571 0.016057200315464652 -0.0055086269898560148 -0.03050200129688968 0.0101191701624135 -0.018955676421271876 0.00018840017952012327 0.0029214331568694165
leaf_weight=19.247054200619459 19.813175978139043 800.26231237966567 15.866766117513182 15.867546219378708 764.45516317035072 13.98327994905412 23.176685964688659 11.731766641139986 12.701714478433134 12.832585741765795 11.72035185061395 12.131318740546702 21.004695698618889 14.917624110355971 302.04192674579099
leaf_count=149 168 4807 94 162 5993 80 151 107 83 83 80 86 152 100 1979
internal_value=0 -0.000481661 0.00069939 0.00926143 0.000188754 0.0179106 -0.00013325 -0.000365604 -0.00731728 0.00541988 -0.0118777 -0.00237655 -0.0164899 -0.0112158 0.000252456
internal_weight=0 1242.33 829.42 45.7176 783.702 29.85 1222.52 1199.34 97.0401 25.5343 71.5058 23.8631 47.6427 35.9223 1102.3
internal_count=14274 7796 6478 336 6142 174 7628 7477 691 166 525 193 332 252 6786
is_linear=0
shrinkage=0.03


Tree=360
num_leaves=16
num_cat=0
split_feature=1 5 1 1 5 4 10 10 1 1 0 13 6 13 1
split_gain=0.766654 3.3185 2.67551 1.35673 5.63429 4.75869 3.22827 4.5186 3.19895 1.988 10.2187 8.26846 12.6646 7.58827 9.40567
threshold=0.012388500000000002 2.5000000000000004 0.040732500000000012 0.10457050000000001 3.5000000000000004 0.64583350000000006 2.6709805000000002 0.19503800000000002 0.079027500000000014 0.20424150000000005 0.30093550000000008 0.88253450000000011 2.5000000000000004 0.66988700000000012 0.19691750000000002
decision_type=2 2 2 2 2 2 2 2 2 2 2 2 2 2 2
left_child=1 -1 -2 4 5 -4 7 -7 -6 11 -11 13 -13 14 -5
right_child=2 -3 3 9 8 6 -8 -9 -10 10 -12 12 -14 -15 -16
leaf_value=-0.017573099062127721 0.011094700864730437 0.0061972760289853998 -0.017200289385361812 -0.0012655935383397159 -0.0046154313161552813 -0.00041823547309718435 -0.0082811165545981971 0.018180826684555375 -0.031122842810643259 -0.021979544437750975 -4.060804523501555e-05 -0.028419004101133866 0.0086043465684719697 0.012526766981780183 0.01941122844209622
leaf_weight=9.5437574572861212 18.545960964169353 9.8303479538299126 11.220778400544075 175.30668720323592 8.0886785637121665 29.146850650198758 15.592717808671294 18.653873286675662 8.2504115914925915 18.334900963120162 1625.9263343042694 17.406971417367462 14.500948777422307 69.729936654679477 21.308254653122276
leaf_count=100 168 110 131 1400 104 259 121 129 105 150 10578 98 135 522 164
internal_value=0 -0.0057999 4.83494e-05 -5.78012e-05 -0.00361857 -3.82464e-05 0.00321941 0.00706373 -0.0190233 0.000110699 -0.000298456 0.00235982 -0.0118431 0.00409926 0.00106216
internal_weight=0 19.3741 2052.01 2033.47 90.9533 74.6142 63.3934 47.8007 16.3391 1942.51 1644.26 298.253 31.9079 266.345 196.615
internal_count=14274 210 14064 13896 849 640 509 388 209 13047 10728 2319 233 2086 1564
is_linear=0
shrinkage=0.03


Tree=361
num_leaves=16
num_cat=0
split_feature=2 2 13 2 0 2 1 13 13 1 0 2 5 2 5
split_gain=0.766858 2.10766 4.23127 2.9586 1.86753 1.81341 2.18914 8.86841 10.564 7.75328 3.44693 2.07523 8.53656 5.36302 7.89715
threshold=0.010465500000000001 0.020496500000000004 0.50558250000000016 0.026810500000000004 0.56716600000000017 0.033149000000000005 0.71137950000000016 0.48348550000000007 0.73882100000000006 0.75720150000000019 0.8053800000000001 0.089436500000000016 2.5000000000000004 0.067995500000000014 1.5000000000000002
decision_type=2 2 2 2 2 2 2 2 2 2 2 2 2 2 2
left_child=4 2 -2 -3 -1 -5 10 9 -9 -8 11 12 13 14 -7
right_child=1 3 -4 5 -6 6 7 8 -10 -11 -12 -13 -14 -15 -16
leaf_value=-0.0025977611388610334 -0.019771779188071201 0.011325212751019888 0.0028147252283721291 -0.0091019381876855515 0.011977916540236952 0.012930806074878469 0.030719855605646905 -0.02026271189294053 0.011864712926681115 0.0019696175453498641 -0.015168682357394466 0.00023516567961631062 -0.014323771120324272 -0.0071364975628195101 -0.0071931171528748514
leaf_weight=15.397432973608376 13.293665047734978 19.677313350141048 15.172165628522633 18.857740262523293 14.662572199478744 48.366714332252741 15.761827297508715 18.530492082238197 16.525203203782439 17.303761938586831 12.710752800107 1728.5419831050094 44.642718996852636 45.35361891053617 26.430701522156596
leaf_count=97 80 116 93 115 79 288 92 95 93 97 71 12248 281 273 156
internal_value=0 -8.09341e-05 -0.0080463 3.56606e-05 0.00466865 -8.14258e-05 9.30492e-06 0.005254 -0.00520886 0.0161739 -0.000180795 -7.22207e-05 -0.00327841 0.000909911 0.00581866
internal_weight=0 2041.17 28.4658 2012.7 30.06 1993.03 1974.17 68.1213 35.0557 33.0656 1906.05 1893.34 164.794 120.151 74.7974
internal_count=14274 14098 173 13925 176 13809 13694 377 188 189 13317 13246 998 717 444
is_linear=0
shrinkage=0.03


Tree=362
num_leaves=16
num_cat=0
split_feature=11 0 10 2 0 10 10 10 10 10 1 10 6 13 13
split_gain=0.754948 3.46014 1.72502 1.50973 1.30981 1.23336 2.40876 2.18359 2.13313 4.0316 7.46278 4.66264 2.08039 1.90347 1.81536
threshold=5.3344820000000004 0.55100950000000004 55.832424500000009 0.33973600000000004 0.39532050000000002 52.979579500000007 51.160083500000006 50.186343500000007 49.209645000000009 48.307167500000013 0.43028250000000007 19.677713000000004 2.5000000000000004 0.58936650000000013 0.58162700000000012
decision_type=2 2 2 2 2 2 2 2 2 2 2 2 2 2 2
left_child=2 4 5 -4 -2 6 7 8 9 11 -11 -1 -8 -10 -13
right_child=1 -3 3 -5 -6 -7 12 -9 13 10 -12 14 -14 -15 -16
leaf_value=-5.6375434015656505e-05 -0.0013161354748491782 0.0074415164641338351 0.019134626041879585 -0.00025085388390205419 -0.020542502182860686 -0.0088953425817994928 0.00076679368288795678 -0.010400537529602346 0.016197204992324483 -0.019369471165009408 0.0090227612111928226 0.019290125921544676 0.02274330572911664 -0.0001752450092009215 0.0033465673763448112
leaf_weight=1901.3843470059801 4.8442653547972467 10.591001021675764 6.9646235741674882 6.5749261025339365 9.2241873797029239 12.992190672084687 7.8531460426747781 17.1748699080199 12.828284529969098 23.737297933548689 11.836390163749455 14.337599433958532 6.7983836345374584 11.843075219541786 11.926140138879417
leaf_count=12512 96 204 88 76 164 176 97 150 115 161 83 97 83 95 77
internal_value=0 -0.00512355 5.44294e-05 0.0103511 -0.0144489 -1.92108e-05 4.22602e-05 -4.92274e-05 4.53895e-05 -6.69242e-05 -0.00993416 0.000120227 0.0117656 0.00863721 0.0124386
internal_weight=0 24.6595 2046.25 13.5395 14.0685 2032.71 2019.72 2005.07 1987.89 1963.22 35.5737 1927.65 14.6515 24.6714 26.2637
internal_count=14274 464 13810 164 260 13646 13470 13290 13140 12930 244 12686 180 210 174
is_linear=0
shrinkage=0.03


Tree=363
num_leaves=16
num_cat=0
split_feature=6 0 4 14 0 13 13 13 2 2 1 13 0 0 2
split_gain=0.741281 4.28086 5.92559 5.57009 6.19344 3.38773 4.67969 3.29032 3.2482 2.71379 6.14465 5.88604 2.94461 2.26486 1.59306
threshold=3.5000000000000004 0.53242800000000012 0.96875000000000011 0.87500000000000011 0.44613450000000004 0.28753550000000005 0.17233100000000004 0.70391700000000013 0.27364950000000005 0.33724900000000008 0.39989900000000006 0.60540700000000014 0.58734350000000013 0.49143850000000006 0.66216550000000007
decision_type=2 2 2 2 2 2 2 2 2 2 2 2 2 2 2
left_child=14 2 5 13 7 6 -2 -5 -3 -10 11 12 -11 -4 -1
right_child=1 8 3 4 -6 -7 -8 -9 9 10 -12 -13 -14 -15 -16
leaf_value=-8.4979077659297478e-05 -0.027488162079074313 -0.01316164736791391 -0.024810433048051101 0.0020301247302275788 -0.014242822143774361 -0.034890900461153382 0.012001385426682592 0.030103137257572781 0.022002042085805695 -0.015640105258008508 -0.020550403076575796 0.021334323622526592 0.0083408295920327554 0.0014071252423949352 0.0036175469174812096
leaf_weight=1854.8322542775422 4.3433728916570562 8.0645584883168322 8.1653226446360332 6.6041390001773861 6.8618545448407522 8.4918957352638227 4.615151877515018 8.2166766524314863 7.3757981793023637 8.1904459353536385 7.0391278220340601 15.619909044355152 8.336721449159084 4.2319694869220248 109.83464344404638
leaf_count=11797 151 115 169 94 119 236 89 85 83 122 106 163 110 70 765
internal_value=0 -0.00243855 -0.00856249 -0.00111518 0.00797584 -0.0222581 -0.0079821 0.0185128 0.00338838 0.00647131 0.00307329 0.00871 -0.0037578 -0.0164237 0.000123746
internal_weight=0 106.157 51.5304 34.08 21.6827 17.4504 8.95852 14.8208 54.6266 46.562 39.1862 32.1471 16.5272 12.3973 1964.67
internal_count=14274 1712 1013 537 298 476 240 179 699 584 501 395 232 239 12562
is_linear=0
shrinkage=0.03


Tree=364
num_leaves=16
num_cat=0
split_feature=13 1 3 2 4 0 0 13 13 0 0 2 5 1 5
split_gain=0.744627 3.16118 7.89028 8.00387 11.4303 6.36004 10.4744 8.91896 13.202 19.7922 8.51139 7.65805 5.67136 8.7845 7.46103
threshold=0.40556650000000005 0.6391285000000001 0.87500000000000011 0.049066500000000006 0.89583350000000006 0.63069450000000005 0.68054500000000007 0.48838400000000004 0.66069000000000011 0.7146475000000001 0.61161100000000002 0.32091750000000008 3.5000000000000004 0.55689150000000009 2.5000000000000004
decision_type=2 2 2 2 2 2 2 2 2 2 2 2 2 2 2
left_child=-1 5 3 -3 -5 10 12 -8 11 -10 -2 -9 13 14 -7
right_child=1 2 -4 4 -6 6 7 8 9 -11 -12 -13 -14 -15 -16
leaf_value=0.00070819987283177123 -0.00063190464144665911 -0.019731932929622487 0.012325658014188648 0.016552146089291734 -0.015389793917237542 -0.0077953523577932666 -0.020967841277878936 0.0036696466120250434 0.01264521911741979 -0.02636487314413144 0.011365048882341282 0.031762409132888497 -0.023830392309585335 -0.02349922118371247 0.017560566850939589
leaf_weight=798.47909385967068 910.03471245616674 17.56519091501832 55.142415205016732 24.521779834292829 15.709540067240594 38.110568444244564 12.727164313197134 16.590178458020091 24.392082963138819 20.782748263329268 55.525514740496874 18.157009581103921 27.909511314705014 21.627825206145644 13.252831643447278
leaf_count=5745 6374 91 303 135 89 227 85 96 152 124 349 112 179 124 89
internal_value=0 -0.000459994 0.00430888 -0.00341931 0.0040087 -0.000927967 -0.00587649 0.00140933 0.00518785 -0.00548374 6.90367e-05 0.0188273 -0.0125147 -0.00792431 -0.00104258
internal_weight=0 1272.05 112.939 57.7965 40.2313 1159.11 193.55 92.6492 79.922 45.1748 965.56 34.7472 100.901 72.9912 51.3634
internal_count=14274 8529 618 315 224 7911 1188 569 484 276 6723 208 619 440 316
is_linear=0
shrinkage=0.03


Tree=365
num_leaves=16
num_cat=0
split_feature=4 4 0 1 2 1 1 2 13 0 3 13 4 3 5
split_gain=0.733341 0.872977 7.94175 5.92332 5.27339 6.5639 13.9301 4.80127 3.59947 4.03905 3.54492 3.27951 1.55344 4.77007 6.61318
threshold=0.35416650000000005 0.53125000000000011 0.49928100000000003 0.28093200000000007 0.25130050000000004 0.44903100000000001 0.38052850000000005 0.42708850000000004 0.14934800000000001 0.60779700000000003 0.37500000000000006 0.31272250000000007 0.60416650000000016 0.37500000000000006 2.5000000000000004
decision_type=2 2 2 2 2 2 2 2 2 2 2 2 2 2 2
left_child=-1 2 7 -4 8 6 -6 10 -5 -10 11 -2 13 14 -3
right_child=1 12 3 4 5 -7 -8 -9 9 -11 -12 -13 -14 -15 -16
leaf_value=-0.0070612651541877448 -0.025812576841493323 -0.01471046856754183 0.025254815142900473 0.019448314038747052 -0.019901169691819945 -0.022380387330647719 0.025125082752488231 0.0070298391506753528 0.015417116138236322 -0.0063248760966624429 -0.002098905428388489 -0.0027756392391101014 -4.0007325803549272e-05 -0.018216935938987718 0.024930586938440486
leaf_weight=12.188543260795994 16.483694704249505 6.4773645056411624 13.485249148681758 21.647012980654836 10.441621562466027 11.255335281603037 12.506064349785445 18.108701940625906 12.805057561025025 16.479796901345253 23.045420002192259 8.5424341810867173 1865.0043824720196 14.789697728585452 6.7599628162570298
leaf_count=99 182 87 89 137 100 85 88 157 79 100 139 83 12609 129 111
internal_value=0 3.55313e-05 0.00212292 0.0074875 0.00441265 -0.00462005 0.0046618 -0.00586368 0.0104507 0.00337715 -0.010765 -0.0183579 -0.000147214 -0.00703396 0.0058624
internal_weight=0 2057.83 164.8 98.6201 85.1349 34.203 22.9477 66.1803 50.9319 29.2849 48.0715 25.0261 1893.03 28.027 13.2373
internal_count=14274 14175 1239 678 589 273 188 561 316 179 404 265 12936 327 198
is_linear=0
shrinkage=0.03


Tree=366
num_leaves=16
num_cat=0
split_feature=1 5 1 1 5 4 1 10 10 1 0 13 6 13 1
split_gain=0.729977 3.15821 2.50643 1.28536 5.39042 4.47896 3.10677 3.03874 4.26307 1.87821 9.65948 7.84789 11.9549 7.06275 8.82585
threshold=0.012388500000000002 2.5000000000000004 0.040732500000000012 0.10457050000000001 3.5000000000000004 0.64583350000000006 0.079027500000000014 2.6709805000000002 0.19503800000000002 0.20424150000000005 0.30093550000000008 0.88253450000000011 2.5000000000000004 0.66988700000000012 0.19691750000000002
decision_type=2 2 2 2 2 2 2 2 2 2 2 2 2 2 2
left_child=1 -1 -2 4 5 -4 -6 8 -7 11 -11 13 -13 14 -5
right_child=2 -3 3 9 6 7 -8 -9 -10 10 -12 12 -14 -15 -16
leaf_value=-0.017220444400622856 0.010723690618439285 0.0060037074184350189 -0.016749088965634751 -0.001209877165453627 -0.0044977353483553377 -0.00042655794859120498 -0.030714624319513561 -0.0080304070565470967 0.017627644558900965 -0.021478388205461198 -4.0871771922466162e-05 -0.02774377643764479 0.0082296283527773569 0.012101301568581534 0.01878500068530916
leaf_weight=9.4679257241077739 18.598236571531743 9.8455750150606018 11.142728579230605 175.09275920968503 8.0684765405021626 29.151868179440498 8.121114570880307 15.629410688765345 18.690446946304291 18.139715181663632 1624.4682116848417 17.307407367974523 14.571081595495341 69.940093877725303 21.398664314765483
leaf_count=100 168 110 131 1400 104 259 105 121 129 150 10578 98 135 522 164
internal_value=0 -0.00566858 4.65153e-05 -5.64503e-05 -0.00352517 -3.5521e-05 -0.0186706 0.0031129 0.00684314 0.000107562 -0.000290535 0.00229329 -0.0115508 0.00398672 0.00105173
internal_weight=0 19.3135 2050.32 2031.72 90.804 74.6145 16.1896 63.4717 47.8423 1940.92 1642.61 298.31 31.8785 266.432 196.491
internal_count=14274 210 14064 13896 849 640 209 509 388 13047 10728 2319 233 2086 1564
is_linear=0
shrinkage=0.03


Tree=367
num_leaves=16
num_cat=0
split_feature=13 13 2 2 2 1 5 13 0 13 1 13 5 1 0
split_gain=0.746628 5.31097 4.60897 9.4289 8.32536 3.90643 3.53165 5.01441 5.84058 5.14038 3.97973 3.76289 3.47559 11.1142 8.71564
threshold=0.86725850000000004 0.87809400000000004 0.054539500000000012 0.20932550000000003 0.18774500000000002 0.41118950000000004 6.5000000000000009 0.84730250000000018 0.55243100000000012 0.83978700000000017 0.36175950000000007 0.79784100000000013 1.5000000000000002 0.22148500000000002 0.34342450000000008
decision_type=2 2 2 2 2 2 2 2 2 2 2 2 2 2 2
left_child=6 -2 -3 4 -4 12 7 9 -9 11 -8 -1 13 -5 -14
right_child=1 2 3 5 -6 -7 10 8 -10 -11 -12 -13 14 -15 -16
leaf_value=9.9432036765456876e-06 0.014233781408442949 -0.013449429951055955 0.0051352001696229801 -0.025528159827409812 0.030686891911510243 -0.010635676366602283 -0.00092523728333492126 0.00062543774889848886 -0.022834077082382144 0.015946627089506869 0.023620835979696692 -0.0063156778670923897 0.026665827661568376 0.008670598082223686 -0.00052397640409853913
leaf_weight=1620.6358370909002 25.397389650344849 19.773602746427059 57.02471025288105 15.895810969173906 13.560897197574375 40.073108213953674 11.842545560561122 18.938772935420275 18.163212904706597 16.663916090503335 10.791927399113773 88.299876891076565 11.123437371104954 16.558732042089105 84.729546855203807
leaf_count=11257 164 115 349 107 88 244 110 133 113 104 78 590 88 98 636
internal_value=0 0.00141541 0.000107226 0.00128036 0.0104043 -0.00258325 -0.000237713 -0.000391953 -0.011157 -0.000154167 0.0112824 -0.000320401 -5.51416e-06 -0.00834189 0.00287406
internal_weight=0 284.137 258.74 238.966 70.5856 168.381 1785.34 1762.7 37.102 1725.6 22.6345 1708.94 128.308 32.4545 95.853
internal_count=14274 1889 1725 1610 437 1173 12385 12197 246 11951 188 11847 929 205 724
is_linear=0
shrinkage=0.03


Tree=368
num_leaves=16
num_cat=0
split_feature=2 2 13 2 0 2 1 13 13 1 0 2 5 2 2
split_gain=0.736998 1.9448 4.09903 2.87385 1.74363 1.66399 1.97353 8.42659 9.96494 7.33043 3.31438 1.93134 8.03337 5.43617 5.07768
threshold=0.010465500000000001 0.020496500000000004 0.50558250000000016 0.026810500000000004 0.56716600000000017 0.033149000000000005 0.71137950000000016 0.48348550000000007 0.73882100000000006 0.75720150000000019 0.8053800000000001 0.089436500000000016 2.5000000000000004 0.093707500000000013 0.067995500000000014
decision_type=2 2 2 2 2 2 2 2 2 2 2 2 2 2 2
left_child=4 2 -2 -3 -1 -5 10 9 -9 -8 11 12 14 -13 -7
right_child=1 3 -4 5 -6 6 7 8 -10 -11 -12 13 -14 -15 -16
leaf_value=-0.0024491865030656875 -0.01931302292520011 0.011164267195538542 0.002940501397763804 -0.0087355408678784705 0.011652980184404313 0.0056729510780751833 0.029855039363204217 -0.019834021144339634 0.011429190088258974 0.0018535655324477243 -0.014888694207195786 0.017230760433188285 -0.013910262254774351 6.0373656900160447e-05 -0.0069417899489590471
leaf_weight=15.364000456407668 13.237196927890183 19.660000115633011 15.149119876325129 18.802453050389886 14.62569798901677 74.711901485919952 15.667694723233579 18.500613152980804 16.427965978160501 17.277958208695054 12.681389793753622 15.757471434772013 44.435664771124721 1711.7235349684488 45.280056284740567
leaf_count=97 80 116 93 115 79 444 92 95 93 97 71 100 281 12148 273
internal_value=0 -7.90228e-05 -0.00774091 3.29264e-05 0.00458241 -8.25232e-05 4.34608e-06 0.00499325 -0.00522114 0.0156572 -0.000175971 -6.95391e-05 -0.00316621 0.000226874 0.000894634
internal_weight=0 2039.31 28.3863 2010.93 29.9897 1991.27 1972.46 67.8742 34.9286 32.9457 1904.59 1891.91 164.428 1727.48 119.992
internal_count=14274 14098 173 13925 176 13809 13694 377 188 189 13317 13246 998 12248 717
is_linear=0
shrinkage=0.03


Tree=369
num_leaves=16
num_cat=0
split_feature=0 2 2 0 1 2 0 0 13 13 13 4 0 2 1
split_gain=0.734751 5.75659 8.07419 3.85631 5.53928 7.07237 2.88747 7.33006 7.16266 9.78764 8.74124 5.91352 3.5737 4.77085 10.1974
threshold=0.75720300000000007 0.111363 0.051625500000000012 0.82190000000000007 0.63460050000000012 0.21917050000000002 0.70498900000000009 0.71770300000000009 0.50558250000000016 0.31272250000000007 0.7307220000000002 0.96875000000000011 0.66266250000000015 0.39426800000000006 0.446552
decision_type=2 2 2 2 2 2 2 2 2 2 2 2 2 2 2
left_child=6 2 -2 4 -3 -6 12 11 9 -9 -10 -8 -1 -14 -15
right_child=1 3 -4 -5 5 -7 7 8 10 -11 -12 -13 13 14 -16
leaf_value=0.0002217727872803528 -0.0076500176200665444 -0.015076144812162656 0.016734156600591955 -0.016346325828800187 -0.006073482842147788 0.019508168093982214 0.0025286908200831681 0.0013799273753597131 0.021047820931551841 -0.02933801991012747 -0.0058289004131614345 0.026755490647864744 -0.0086226589819131012 -0.0076642482561606537 0.021912054862786291
leaf_weight=1683.3164075934328 21.024675590917468 19.689009783789515 26.766433989629149 25.577690033242106 23.847862808033824 15.049089576117693 16.940640504471958 26.660842192359269 21.686935175210238 13.296464496292172 20.287172220647335 19.096937872469425 92.723661648109555 27.315754532814026 15.699557630345224
leaf_count=11993 117 116 152 138 130 86 112 163 123 90 117 109 543 181 104
internal_value=0 -0.00216633 0.00606993 -0.00685953 -0.00251293 0.00406485 0.000139075 0.00466709 -0.000335582 -0.00930872 0.00822425 0.0157427 -0.000156978 -0.00482119 0.00338297
internal_weight=0 131.955 47.7911 84.1637 58.586 38.897 1937.02 117.969 81.9314 39.9573 41.9741 36.0376 1819.06 135.739 43.0153
internal_count=14274 739 269 470 332 216 13535 714 493 253 240 221 12821 828 285
is_linear=0
shrinkage=0.03


Tree=370
num_leaves=16
num_cat=0
split_feature=12 12 0 2 12 0 5 13 13 2 1 13 13 1 5
split_gain=0.730047 4.76831 2.22672 3.1248 2.19569 1.87215 1.63041 1.14255 1.70586 3.18849 2.54415 7.28325 1.50367 10.1989 7.43124
threshold=6.269263500000001 5.5940500000000002 0.6736025000000001 0.39948850000000008 4.9685970000000008 0.48448250000000004 1.5000000000000002 0.0092175000000000017 0.033667000000000009 0.12365850000000002 0.38866950000000006 0.025184000000000002 0.065355500000000025 0.56170650000000011 1.5000000000000002
decision_type=2 2 2 2 2 2 2 2 2 2 2 2 2 2 2
left_child=1 4 3 5 7 -2 -5 -1 9 -9 11 -11 13 14 -10
right_child=2 -3 -4 6 -6 -7 -8 8 12 10 -12 -13 -14 -15 -16
leaf_value=-0.0079891242752270289 0.010242252823891407 -0.018310242340233537 0.01219707615142805 -0.01531280065345871 0.012003452145375718 -0.00051540103440329778 -0.0016969145573261346 -0.0082193769277194156 3.4801358565168674e-05 -0.011702827860210367 0.020678651254322718 0.022080783768483471 -3.5735455833361172e-05 0.018971239441209254 -0.026364443578951489
leaf_weight=15.402013483457266 27.531056559178978 11.914101631380616 16.472337609156966 11.446981856599448 12.573174327611921 29.545784519985318 22.545625951141119 10.364131612703202 19.761869747657329 11.810388337355109 12.04684019833803 9.4468607762828452 1829.2358959375415 10.978586141020058 17.651778153842315
leaf_count=112 162 84 85 69 70 167 175 66 135 105 76 83 12638 74 173
internal_value=0 -0.000140969 0.00238652 0.000498818 -2.05856e-05 0.00476057 -0.00658862 -0.000104801 -3.74733e-05 0.00575671 0.0102188 0.00362835 -0.000175222 -0.00534037 -0.0127825
internal_weight=0 1961.19 107.542 91.0694 1949.27 57.0768 33.9926 1936.7 1921.3 43.6682 33.3041 21.2572 1877.63 48.3922 37.4136
internal_count=14274 13616 658 573 13532 329 244 13462 13350 330 264 188 13020 382 308
is_linear=0
shrinkage=0.03


Tree=371
num_leaves=16
num_cat=0
split_feature=0 0 2 13 13 0 2 2 3 5 13 13 0 13 0
split_gain=0.727727 1.79241 2.31934 1.61918 4.46907 5.61288 4.34073 7.40757 4.0875 3.48493 5.02734 5.06835 5.02158 3.79227 3.45219
threshold=0.16396650000000004 0.22206000000000004 0.092409000000000005 0.86725850000000004 0.87809400000000004 0.32933250000000008 0.22062850000000003 0.109366 0.62500000000000011 6.5000000000000009 0.84730250000000018 0.83978700000000017 0.55243100000000012 0.7249850000000001 0.36730450000000009
decision_type=2 2 2 2 2 2 2 2 2 2 2 2 2 2 2
left_child=-1 2 -2 9 -5 -6 7 -7 -8 10 11 14 -12 -11 -3
right_child=1 3 -4 4 5 6 8 -9 -10 13 12 -13 -14 -15 -16
leaf_value=-0.0062609933647971919 0.016832113352472339 -0.0043604566023324152 0.0014433902295413888 0.013777180239063545 0.015881822620131335 -0.0060478020167941994 0.0073586608614944152 0.012052184182713126 -0.0057778107973258134 -0.00081287768408694469 -0.00031022143875128819 0.015693875283357805 -0.022255761226011649 0.023144518712819247 -2.342065842105138e-05
leaf_weight=15.617493926081805 11.802194790914653 185.03326297109015 28.995843091979623 25.420508619397879 19.430933941155672 32.838201727718115 24.775593223050237 50.516578750684857 124.75278879329562 11.949912072159352 18.558071175590158 16.557940291240811 18.042505068704486 10.709078176878391 1473.5022443011403
leaf_count=114 80 1587 207 164 143 190 187 315 846 104 130 103 113 84 9907
internal_value=0 4.23747e-05 0.00619129 -8.53172e-05 0.00203713 0.00080461 -0.000515905 0.0049344 -0.00356678 -0.000426179 -0.000583901 -0.000340179 -0.0114326 0.0110095 -0.000509615
internal_weight=0 2052.89 40.798 2012.09 277.735 252.314 232.883 83.3548 149.528 1734.35 1711.69 1675.09 36.6006 22.659 1658.54
internal_count=14274 14160 287 13873 1845 1681 1538 505 1033 12028 11840 11597 243 188 11494
is_linear=0
shrinkage=0.03


Tree=372
num_leaves=16
num_cat=0
split_feature=13 13 0 0 0 0 13 2 2 0 13 2 1 2 5
split_gain=0.744313 3.12713 3.64267 7.9885 8.70866 5.77991 5.5174 6.79808 10.4093 5.51255 8.43582 5.90673 6.17412 5.25833 4.10559
threshold=0.40556650000000005 0.39885150000000008 0.56497300000000006 0.68580050000000015 0.70498900000000009 0.55243100000000012 0.23985550000000003 0.36866700000000002 0.18583900000000003 0.71770300000000009 0.20811650000000004 0.12621600000000002 0.64261400000000013 0.46612850000000006 1.5000000000000002
decision_type=2 2 2 2 2 2 2 2 2 2 2 2 2 2 2
left_child=1 2 5 6 -5 -1 -4 8 -8 -6 11 -11 -13 -9 -12
right_child=-2 -3 3 4 9 -7 7 13 -10 10 14 12 -14 -15 -16
leaf_value=-0.00054731334278949613 -0.00045794962462014101 0.013301337275873838 0.00230212092750615 -0.020453293837023503 0.016225692627048618 -0.016802684142822606 0.0010956586575220273 -0.014448957954615678 0.028990103701258787 0.019116616658841228 -0.024944350603763137 0.011555284149085297 -0.015424175833601259 0.010248952202580248 -0.0045253286976315787
leaf_weight=442.36680881935172 1270.6567578299437 16.368683077394962 117.22167330700904 20.702184857800603 15.77923145983368 19.608009207993746 18.854037972167134 11.158245692029597 32.715468529611826 17.430886190384626 14.718177434056996 13.672795591875913 14.9519827067852 20.461115878075361 21.609241707250476
leaf_count=3431 8529 112 797 122 101 143 110 74 215 104 73 90 83 157 133
internal_value=0 0.000710631 0.000430165 0.00288947 -0.00325519 -0.00127206 0.00653198 0.0123941 0.0190066 0.000541526 -0.0026211 0.00586196 -0.00258223 0.00135748 -0.0132448
internal_weight=0 797.619 781.25 319.275 118.864 461.975 200.411 83.1889 51.5695 98.1623 82.3831 46.0557 28.6248 31.6194 36.3274
internal_count=14274 5745 5633 2059 706 3574 1353 556 325 584 483 277 173 231 206
is_linear=0
shrinkage=0.03


Tree=373
num_leaves=16
num_cat=0
split_feature=1 1 1 6 2 13 2 2 0 5 3 3 13 1 5
split_gain=0.761001 9.32475 3.83769 7.05026 6.11136 4.38444 3.49738 5.40436 6.43084 3.3108 5.71772 5.03275 4.49049 3.91758 3.78395
threshold=0.30794200000000005 0.31471900000000003 0.29512900000000003 2.5000000000000004 0.054539500000000012 0.62149600000000016 0.58070100000000013 0.44803600000000005 0.68054500000000007 4.5000000000000009 0.87500000000000011 0.37500000000000006 0.89639600000000008 0.16595800000000002 5.5000000000000009
decision_type=2 2 2 2 2 2 2 2 2 2 2 2 2 2 2
left_child=2 -2 4 5 -1 -4 7 -3 -9 -6 11 14 13 -13 -11
right_child=1 6 3 -5 9 -7 -8 8 -10 10 -12 12 -14 -15 -16
leaf_value=-0.016219382171293286 -0.020473841881143918 0.00020366165704628628 0.0060054934761724259 -0.0068713082262258718 0.0013166526645671747 0.029120940299857657 0.011161538208822007 -0.012361636730895282 0.0057034080995201179 -0.0085381434804526115 0.0089613346277826675 -0.0063911780449265381 0.001111437960803166 -0.02724756392226833 0.019472037384482801
leaf_weight=18.889858737587929 19.638641778379679 1108.9873775471933 15.858813846483828 15.799244289286433 680.77010385482572 13.994363468140362 23.162350917235017 64.203596929088235 23.682523952797055 8.0566114301327598 19.363165680319071 13.914780449122189 12.874742275103925 21.378867201507092 7.4609585124999276
leaf_count=149 168 6845 94 162 5232 80 151 477 155 99 153 150 92 175 92
internal_value=0 -0.0004772 0.000696621 0.00905554 0.000198145 0.017434 -0.000138815 -0.000366639 -0.00748428 0.00062484 -0.00499428 -0.00931031 -0.0140267 -0.0194274 0.00529288
internal_weight=0 1239.67 828.362 45.6524 782.709 29.8532 1220.04 1196.87 87.8861 763.819 83.0491 63.686 48.1684 35.2936 15.5176
internal_count=14274 7796 6478 336 6142 174 7628 7477 632 5993 761 608 417 325 191
is_linear=0
shrinkage=0.03


Tree=374
num_leaves=16
num_cat=0
split_feature=3 13 13 1 4 4 13 1 1 0 13 2 1 13 13
split_gain=0.732806 2.26194 2.22968 3.24781 6.71158 5.15013 4.16386 5.87545 3.70876 3.5869 2.9817 2.70558 4.55918 4.51269 4.22928
threshold=0.37500000000000006 0.017249000000000004 0.047692000000000005 0.49763200000000007 0.60416650000000016 0.39583350000000006 0.078998500000000013 0.39125400000000005 0.36531700000000006 0.34688750000000007 0.31701850000000004 0.54357500000000003 0.20424150000000005 0.30929450000000008 0.41950250000000006
decision_type=2 2 2 2 2 2 2 2 2 2 2 2 2 2 2
left_child=2 -2 -1 6 5 -5 -4 8 9 10 -8 14 13 -13 -11
right_child=1 -3 3 4 -6 -7 7 -9 -10 11 -12 12 -14 -15 -16
leaf_value=0.006152577295975882 -0.0090370258256483177 0.00030835715199167911 -0.016431143818157811 -0.014591835447065035 -0.024821611198550551 0.010599097785701188 -0.03101156725704924 0.010685530317802238 -0.021695836747210782 0.010393543134330448 0.00048462927632666634 -0.013748475367786754 -0.020630598094859592 0.016283475855825406 -0.0073067064631773052
leaf_weight=27.925479607423767 22.611473171040416 1823.1295411833562 12.725401383126153 12.273755127564074 15.854436995461581 15.245704405941067 5.2002773187123221 38.502580923959613 7.7015165342017999 37.269721415825188 4.745058503234759 6.9436449878849151 11.014899178408085 9.4662548848427814 16.95737719675526
leaf_count=254 149 11915 136 77 155 123 115 313 80 385 85 97 107 96 187
internal_value=0 0.000189039 -0.00163221 -0.00277919 -0.00991243 -0.000753824 -0.000671912 0.000891284 -0.00297506 -0.00118371 -0.017313 0.000966562 -0.00656682 0.00351605 0.00482641
internal_weight=0 1845.74 221.826 193.901 43.3739 27.5195 150.527 137.801 99.2988 91.5972 9.94534 81.6519 27.4248 16.4099 54.2271
internal_count=14274 12064 2210 1956 355 200 1601 1465 1152 1072 200 872 300 193 572
is_linear=0
shrinkage=0.03


Tree=375
num_leaves=16
num_cat=0
split_feature=0 0 0 13 5 10 1 0 13 0 1 1 1 0 4
split_gain=0.728213 7.2461 7.52434 5.4447 7.76399 4.87258 4.34235 3.98661 2.65202 5.54705 2.20336 7.56055 6.83366 6.9776 7.7341
threshold=0.33214400000000005 0.35462050000000006 0.35970200000000002 0.24647600000000003 1.5000000000000002 0.05176250000000001 0.16124600000000003 0.36439500000000008 0.65097650000000018 0.25410050000000006 0.30321200000000004 0.32675200000000004 0.24773900000000001 0.38742850000000006 0.89583350000000006
decision_type=2 2 2 2 2 2 2 2 2 2 2 2 2 2 2
left_child=5 3 -3 -2 -5 -1 -6 -4 -7 -10 12 -12 -9 -14 -15
right_child=1 2 7 4 6 8 -8 10 9 -11 11 -13 13 14 -16
leaf_value=-0.0031006056214536752 -0.029747182970663269 0.020872229113616428 -0.015219582313440519 0.011084761457890259 -0.00018317227754530198 0.0099091321236171991 -0.023775763626665145 -0.00077396771365372799 -0.012853743850139184 0.0097360180702031011 -0.010041144257408555 -3.4420308873569e-05 0.024052006878151198 -0.003541255214974125 0.0094071607232371658
leaf_weight=96.664060713257641 10.114509281702338 14.608397219330071 14.452540179248897 14.925071438774465 11.272881139069797 64.375544655369595 17.685166637413204 358.55041967798024 16.284455318935215 21.542651679366827 71.16008931118995 1165.8159589339048 17.003721006214619 67.336188557557762 105.5214086342603
leaf_count=841 105 112 112 100 111 499 142 2813 108 160 545 7245 118 522 741
internal_value=0 -0.000192527 0.000132574 -0.0109205 -0.0060151 0.00171266 -0.0149042 -4.72557e-05 0.00625101 -6.93922e-05 8.40138e-05 -0.000617728 0.00166508 0.0062511 0.00437179
internal_weight=0 1868.45 1814.45 53.9976 43.8831 198.867 28.958 1799.84 102.203 37.8271 1785.39 1236.98 548.412 189.861 172.858
internal_count=14274 12666 12208 458 353 1608 253 12096 767 268 11984 7790 4194 1381 1263
is_linear=0
shrinkage=0.03


Tree=376
num_leaves=16
num_cat=0
split_feature=13 2 2 2 13 0 14 0 0 3 1 0 13 2 2
split_gain=0.717954 3.07748 4.95277 3.63035 3.58529 4.02007 8.2974 9.08053 8.28123 14.8353 6.61014 6.31463 5.17369 5.42428 12.6052
threshold=0.40556650000000005 0.71041900000000013 0.78682700000000005 0.66216550000000007 0.39885150000000008 0.56497300000000006 0.70833350000000006 0.6888105000000001 0.51427950000000011 0.87500000000000011 0.36024100000000009 0.70498900000000009 0.21899900000000003 0.18352850000000001 0.11337600000000002
decision_type=2 2 2 2 2 2 2 2 2 2 2 2 2 2 2
left_child=1 3 -3 4 5 8 -7 12 -1 10 -10 -9 13 14 -8
right_child=-2 2 -4 -5 -6 6 7 11 9 -11 -12 -13 -14 -15 -16
leaf_value=0.00057737196403679562 -0.00045140701385222955 -0.019469390500044037 0.0073080460386326616 0.013199528555736738 0.014359971415679015 -0.010801520143638745 -0.0057551541128561482 -0.01894705507011564 -0.004807439216987004 0.020504051486428396 -0.022968412833256728 0.0010353430953066009 0.01452936934417861 -0.0014970026569286218 0.032799633901449743
leaf_weight=345.00557968986686 1269.9121786486357 15.447211290709676 9.3114032200537604 20.4725690651685 15.874684819951652 33.871514184400439 14.329777266830208 15.896807933226226 33.525682047940791 11.589369028806685 39.778307024389505 89.731256059370935 80.334300162270665 57.019874714314938 14.730462320148943
leaf_count=2685 8529 146 100 154 103 226 80 92 263 69 273 531 530 397 96
internal_value=0 0.000696734 -0.00950598 0.00103575 0.000687364 0.000373297 0.00299672 0.00474798 -0.00149614 -0.00983149 -0.0148389 -0.00212146 0.00909485 0.00391447 0.014229
internal_weight=0 796.919 24.7586 772.16 751.688 735.813 305.914 272.042 429.899 84.8934 73.304 105.628 166.414 86.0801 29.0602
internal_count=14274 5745 246 5499 5345 5242 1952 1726 3290 605 536 623 1103 573 176
is_linear=0
shrinkage=0.03


Tree=377
num_leaves=16
num_cat=0
split_feature=11 1 10 2 1 1 10 10 10 10 10 6 13 10 2
split_gain=0.719579 3.27418 1.62673 1.61481 1.5788 3.11008 1.16199 2.25601 2.06862 2.01948 3.8142 2.01829 1.79346 1.44645 4.07756
threshold=5.3344820000000004 0.43424000000000001 55.832424500000009 0.34287750000000006 0.34346200000000005 0.21293600000000004 52.979579500000007 51.160083500000006 50.186343500000007 49.209645000000009 48.857221500000009 2.5000000000000004 0.58936650000000013 7.022974500000001 0.10270900000000001
decision_type=2 2 2 2 2 2 2 2 2 2 2 2 2 2 2
left_child=2 4 6 -4 5 -2 7 8 9 10 13 -9 -11 -1 -15
right_child=1 -3 3 -5 -6 -7 -8 11 -10 12 -12 -13 -14 14 -16
leaf_value=-0.00015409790583079832 -0.019741484089332868 0.0093512730696464225 0.019107035196556089 -0.00096552070163354639 -0.02615141833060796 0.0090891473932969702 -0.0086183363767922301 0.00065441442153574975 -0.010100217131563036 0.015856875251688718 -0.015540845571779534 0.022409166721077664 -9.7046662549072889e-05 0.015929666675003232 0.00078365492475047504
leaf_weight=1831.2691256628605 5.8587190876714939 8.5096923355013114 6.9872629530727846 6.4103105580434203 4.4759374782443038 5.7647347310557961 13.03713074326515 7.8249335847794992 17.246401611715555 12.635412190109493 13.223037714138625 6.6522894604131579 11.832701785489915 18.205060984939337 96.493736441247165
leaf_count=12040 116 165 90 74 80 103 176 97 150 115 90 83 95 135 665
internal_value=0 -0.0050057 5.45129e-05 0.010103 -0.0126975 -0.00585542 -1.6802e-05 4.30863e-05 -4.51461e-05 4.73202e-05 -6.17568e-05 0.0114527 0.00844074 5.13531e-05 0.00330454
internal_weight=0 24.6091 2041.82 13.3976 16.0994 11.6235 2028.42 2015.38 2000.91 1983.66 1959.19 14.4772 24.4681 1945.97 114.699
internal_count=14274 464 13810 164 299 219 13646 13470 13290 13140 12930 180 210 12840 800
is_linear=0
shrinkage=0.03


Tree=378
num_leaves=16
num_cat=0
split_feature=1 5 1 0 13 10 1 5 13 5 2 2 1 13 0
split_gain=0.712025 2.98857 2.37512 1.22986 4.85503 2.7682 1.80262 7.39155 5.46751 4.72502 7.76749 3.34476 3.01792 2.18681 1.76994
threshold=0.012388500000000002 2.5000000000000004 0.040732500000000012 0.22206000000000004 0.68458450000000004 0.060269500000000011 0.1141515 3.5000000000000004 0.46980150000000004 1.5000000000000002 0.52471750000000006 0.57783350000000011 0.092558500000000016 0.30525500000000005 0.25410050000000006
decision_type=2 2 2 2 2 2 2 2 2 2 2 2 2 2 2
left_child=1 -1 -2 4 5 -4 7 8 11 -10 -11 13 -9 -5 -8
right_child=2 -3 3 6 -6 -7 14 12 9 10 -12 -13 -14 -15 -16
leaf_value=-0.016926805852726486 0.010433729673672291 0.0056986904626339461 0.0016017786469982758 -0.0096884505652902377 -0.010274260660066623 0.018623836392690322 -0.0094201473498367865 -0.0079508075662974957 -0.0034621775802911427 0.037180923572251556 0.0010567045091959915 -0.019037652236139062 -0.034207856459249487 0.010259587312512067 0.00011895960076621246
leaf_weight=9.3741150144487637 18.626906075514853 9.8891031709499639 16.531286153942347 9.3030972050037253 13.140081500634549 17.394491664133966 16.670781021937728 8.4748346586711722 19.224949431605637 8.5024513164535183 12.418774183839558 14.951084436150266 7.925988897914066 8.5125343021936697 1875.2464794008993
leaf_count=100 168 110 102 107 94 131 134 128 136 70 122 146 91 70 12565
internal_value=0 -0.0056036 4.7753e-05 -5.27214e-05 0.00468895 0.0106127 -0.000167673 -0.00430834 -0.000114058 0.00722952 0.0167641 -0.00905914 -0.0218766 -0.000118326 2.99729e-05
internal_weight=0 19.2632 2046.92 2028.3 47.0659 33.9258 1981.23 89.3137 72.9129 40.1462 20.9212 32.7667 16.4008 17.8156 1891.92
internal_count=14274 210 14064 13896 327 233 13569 870 651 328 192 323 219 177 12699
is_linear=0
shrinkage=0.03


Tree=379
num_leaves=16
num_cat=0
split_feature=1 0 1 10 0 0 1 2 0 1 3 1 6 13 1
split_gain=0.715287 9.05032 6.30354 4.51764 4.27127 5.01254 3.75473 4.57401 7.70723 5.14637 11.8971 12.0755 6.10474 5.98027 5.45697
threshold=0.20424150000000005 0.30093550000000008 0.19691750000000002 0.47411350000000002 0.55243100000000012 0.52731850000000013 0.21023900000000004 0.66831600000000013 0.59125400000000006 0.24052150000000003 0.87500000000000011 0.21957050000000003 2.5000000000000004 0.69913750000000008 0.30579500000000009
decision_type=2 2 2 2 2 2 2 2 2 2 2 2 2 2 2
left_child=2 -2 4 -4 5 -1 -3 9 -9 10 11 -8 -13 -12 -11
right_child=1 6 3 -5 -6 -7 7 8 -10 14 13 12 -14 -15 -16
leaf_value=6.8556369077005617e-06 -0.020974373180374248 -0.013185371901458375 0.023941473937361568 0.0008887596178171821 -0.014453476230907201 0.017239816832848167 0.018240008929847954 0.02934011984436093 -0.0018158893268707466 0.0044087813097338641 -0.0079513021432185693 0.0009262289770804572 -0.020682498562787508 -0.038476770635601468 -0.00049194767760745697
leaf_weight=364.4676314991666 17.824195721186697 18.359253532253206 16.846766864880923 13.531605612486599 16.450997143983841 14.851501708850263 20.460340267978609 11.773559804074468 15.973038688302038 243.77942460309714 11.312675103545191 25.759881818667054 20.535257393494248 12.375723715871571 1241.5545209003612
leaf_count=3057 150 150 124 103 146 116 152 83 110 1755 78 141 203 86 7820
internal_value=0 -0.000292531 0.00108568 0.0140285 5.93667e-05 0.000725134 -5.24572e-05 0.00010603 0.0119651 -0.000110244 -0.00701782 -0.000430672 -0.00889345 -0.0248115 0.000314806
internal_weight=0 1639.71 426.149 30.3784 395.77 379.319 1621.88 1603.52 27.7466 1575.78 90.4439 66.7555 46.2951 23.6884 1485.33
internal_count=14274 10728 3546 227 3319 3173 10578 10428 193 10235 660 496 344 164 9575
is_linear=0
shrinkage=0.03


Tree=380
num_leaves=16
num_cat=0
split_feature=6 2 2 1 2 2 1 13 2 7 14 0 1 2 5
split_gain=0.707555 4.10028 6.39313 5.34919 4.54551 6.6574 3.7312 3.56983 3.37814 3.19219 3.18186 3.02096 1.72542 1.4836 6.79053
threshold=3.5000000000000004 0.69367650000000014 0.5975315000000001 0.27009400000000006 0.54357500000000003 0.45855650000000003 0.29178450000000006 0.24331000000000005 0.36148400000000008 0.41666650000000005 0.87500000000000011 0.59626350000000017 0.17543950000000003 0.66216550000000007 1.5000000000000002
decision_type=2 2 2 2 2 2 2 2 2 2 2 2 2 2 2
left_child=13 2 4 12 5 7 -7 8 -2 10 11 -9 -4 -1 -15
right_child=1 -3 3 -5 -6 6 -8 9 -10 -11 -12 -13 -14 14 -16
leaf_value=-8.0551827873200747e-05 -0.0076428626802443091 -0.021366109835832234 0.011389572582733045 0.033318199163639289 -0.021898886076855605 0.022117642348102949 -0.0053939374596157783 -0.0064132316403150806 0.026583437869804202 -0.025987453214664134 -0.014512422465570846 0.021304183311733664 -0.0085327053186708569 -0.0070652165504206275 0.0086691443192156974
leaf_weight=1850.3776068612933 4.7209809746127558 8.348616674076764 7.4682153535541165 7.005982835777103 10.615936493733896 12.479672407731416 6.1164910807274273 8.0560844680294412 3.9707620302215219 9.1307937360834313 16.463534471578896 4.8858451074920586 6.3160248789936304 35.965275414288044 73.757474523037672
leaf_count=11797 102 187 117 63 172 193 98 159 90 127 263 63 78 236 529
internal_value=0 -0.00238865 -0.000558246 0.0138029 -0.00459201 -0.00151486 0.0132553 -0.00748491 0.00912274 -0.0113667 -0.00612139 0.0048282 0.00230136 0.00012125 0.00349445
internal_weight=0 105.579 97.2303 20.7902 76.4401 65.8242 18.5962 47.228 8.69174 38.5363 29.4055 12.9419 13.7842 1960.1 109.723
internal_count=14274 1712 1525 258 1267 1095 291 804 192 612 485 222 195 12562 765
is_linear=0
shrinkage=0.03


Tree=381
num_leaves=16
num_cat=0
split_feature=1 0 5 5 1 1 1 2 2 5 0 1 1 2 2
split_gain=0.708842 1.43775 4.71521 8.30207 7.2654 9.15325 2.78718 2.07246 1.85727 8.13259 6.55256 6.18475 9.33528 8.19072 7.20239
threshold=0.81198350000000008 0.75720300000000007 2.5000000000000004 3.5000000000000004 0.6510355000000001 0.75720150000000019 0.69749300000000014 0.17813500000000002 0.15026900000000001 1.0000000180025095e-35 0.45485350000000008 0.55230650000000014 0.53578550000000014 0.18015600000000001 0.27809050000000007
decision_type=2 2 2 2 2 2 2 2 2 2 2 2 2 2 2
left_child=1 6 4 -4 -3 7 8 -6 9 10 -1 12 -10 -13 -15
right_child=-2 2 3 -5 5 -7 -8 -9 11 -11 -12 13 -14 14 -16
leaf_value=-0.00092548803392292689 0.0060039962673407513 -0.025471847526213967 0.01693880701623891 -0.0092381970885230848 -0.001214863313852257 -0.019609453533944797 0.011448007469292854 0.01233447318061524 0.00037803788206011225 3.8639659626020716e-05 -0.02007500749090458 0.025508767758923429 -0.017198809818337477 -0.002166368086734339 0.01972531793007043
leaf_weight=29.326456371694803 16.501260973513126 15.422324296087025 22.113598737865686 19.753575437702239 20.506529714912176 18.549118621274829 18.40450725890696 18.825277369469404 1376.6727883837884 359.3095552129671 34.882633741945028 18.262934025377035 26.742549726739526 53.127833804115653 17.072840546257794
leaf_count=190 101 85 132 116 106 95 100 104 10065 2272 193 111 171 318 115
internal_value=0 -5.92803e-05 -0.00330081 0.0046607 -0.00784956 -0.00280126 0.00013538 0.00541525 2.07631e-05 -0.00173017 -0.0114771 0.000518648 3.10974e-05 0.00816651 0.00335996
internal_weight=0 2048.97 115.17 41.8672 73.3033 57.8809 1933.8 39.3318 1915.4 423.519 64.2091 1491.88 1403.42 88.4636 70.2007
internal_count=14274 14173 638 248 390 305 13535 210 13435 2655 383 10780 10236 544 433
is_linear=0
shrinkage=0.03


Tree=382
num_leaves=16
num_cat=0
split_feature=3 13 4 2 2 13 13 2 13 1 1 6 4 0 7
split_gain=0.701486 2.63477 2.79004 3.61232 9.12521 5.28602 4.89847 5.97704 5.63577 2.78687 7.42742 3.13393 3.6363 3.38495 3.41051
threshold=0.37500000000000006 0.85206150000000014 0.96875000000000011 0.099631500000000012 0.045850000000000009 0.60540700000000014 0.52878700000000012 0.13406400000000004 0.43822650000000002 0.55689150000000009 0.47227700000000006 3.5000000000000004 0.71875000000000011 0.58055100000000015 0.58333350000000006
decision_type=2 2 2 2 2 2 2 2 2 2 2 2 2 2 2
left_child=1 2 3 4 -1 6 7 -5 9 10 11 13 -13 14 -9
right_child=-2 -3 -4 5 -6 -7 -8 8 -10 -11 -12 12 -14 -15 -16
leaf_value=-0.013570578922397623 0.00018402965337922531 -0.01746938612138935 0.011460721639156339 -0.025104260002405093 0.019406775432811042 -0.022706152428777649 0.0178137452130347 -0.0024150166312204152 -0.022400661131058243 0.01466848084781831 -0.022196830753712128 -0.028861170620579701 0.008188362987270905 0.013398528365672647 0.01637612762355635
leaf_weight=11.051503710448744 1843.9876282238401 8.0362646388821286 14.230877619236706 9.689627990126608 19.585933508351445 11.101108841830863 9.4079600321128947 67.901987778488547 10.006941482424734 9.6577921407297236 12.621467141434549 5.1999775455333275 3.289894534740597 20.590904273092747 8.9477419136092049
leaf_count=80 12064 75 144 91 146 127 93 619 96 90 123 186 73 164 103
internal_value=0 -0.00159978 -0.000923094 -0.00186131 0.00745827 -0.00359071 -0.0021069 -0.00348512 -0.00180008 -3.12576e-05 -0.00134145 0.00132779 -0.0151542 0.0029032 -4.48808e-05
internal_weight=0 221.32 213.284 199.053 30.6374 168.415 157.314 147.906 138.217 128.21 118.552 105.931 8.48987 97.4406 76.8497
internal_count=14274 2210 2135 1991 226 1765 1638 1545 1454 1358 1268 1145 259 886 722
is_linear=0
shrinkage=0.03


Tree=383
num_leaves=16
num_cat=0
split_feature=2 2 13 2 0 13 11 0 2 13 0 1 1 1 5
split_gain=0.706373 1.76503 3.86111 2.7871 1.60278 1.52405 1.51484 2.05752 1.64479 1.52631 1.51405 1.20504 10.9473 6.14518 5.86103
threshold=0.010465500000000001 0.020496500000000004 0.50558250000000016 0.026810500000000004 0.56716600000000017 0.99106200000000011 5.2450720000000013 0.55100950000000004 0.033149000000000005 0.98374950000000017 0.63069450000000005 0.55230650000000014 0.54212850000000012 0.5771035000000001 2.5000000000000004
decision_type=2 2 2 2 2 2 2 2 2 2 2 2 2 2 2
left_child=4 2 -2 -3 -1 6 8 -8 -5 11 -9 12 -10 14 -13
right_child=1 3 -4 5 -6 -7 7 10 9 -11 -12 13 -14 -15 -16
leaf_value=-0.0022684789331047467 -0.018664941702695257 0.011009477859050324 0.0029743041211036732 -0.0087350165476480016 0.011285592960169137 0.0094029107060609515 -0.01466138560497764 0.014536148599183958 8.1718502828128953e-05 -0.0091063865260307287 -0.006748075110677933 0.018238567953046615 -0.020257243115309881 -5.4924238649583898e-05 -0.003940558853328141
leaf_weight=15.284115603193642 13.154764683917167 19.594189368188381 15.106999740004538 18.483251590281725 14.56621967628598 14.12502454780042 13.799959357362242 4.2799767944961769 1589.3861138210632 15.333782412111757 6.0625430187210441 33.812796791084111 23.179503973573446 253.66794404061511 15.0498118866235
leaf_count=97 80 116 93 111 79 98 256 77 11212 98 125 186 145 1400 101
internal_value=0 -7.67706e-05 -0.00739158 2.98754e-05 0.004497 -8.38697e-05 -0.000156514 -0.00747325 -6.20907e-05 2.54294e-05 0.00256486 0.00010326 -0.000223013 0.00183739 0.0114653
internal_weight=0 2035.04 28.2618 2006.77 29.8503 1987.18 1973.06 24.1425 1948.91 1930.43 10.3425 1915.1 1612.57 302.531 48.8626
internal_count=14274 14098 173 13925 176 13809 13711 458 13253 13142 202 13044 11357 1687 287
is_linear=0
shrinkage=0.03


Tree=384
num_leaves=16
num_cat=0
split_feature=13 1 0 0 2 6 1 0 8 13 5 0 1 2 0
split_gain=0.700863 3.95718 10.6201 10.5027 10.1544 6.00161 6.00275 5.93559 5.30579 5.24187 5.74217 4.46784 4.2114 3.7245 3.66387
threshold=0.85938800000000015 0.21023900000000004 0.47011800000000004 0.49769500000000005 0.30104200000000009 2.5000000000000004 0.11066250000000001 0.57880200000000015 1.0000000180025095e-35 0.89326150000000004 3.5000000000000004 0.39385750000000003 0.69749300000000014 0.52109200000000011 0.70897550000000009
decision_type=2 2 2 2 2 2 2 2 2 2 2 2 2 2 2
left_child=-1 5 4 -4 11 6 -2 9 13 -5 -11 -3 14 -7 -9
right_child=1 2 3 7 -6 8 -8 12 -10 10 -12 -13 -14 -15 -16
leaf_value=-0.00023601829511064561 0.00034894141885577869 0.014610886791057371 -0.022295160028813894 0.026587123084113092 0.03368389393899969 0.010387617781121046 -0.024422656805076621 -0.001416135847989167 0.022572035139236793 -0.0039054270813560737 0.019050383955739259 -0.0053772151909225923 0.012594868794850696 -0.014726513202357638 -0.01614750567694203
leaf_weight=1766.0947455912828 15.702836271375416 21.808209771290421 16.832030661404133 12.211142240092157 16.271336307749152 8.4067927226424235 18.959289159625769 78.150016697123647 9.0400848947465438 25.768978108651936 14.576942770741878 17.283786611631513 14.393625464290379 11.349150276742874 17.934482472017407
leaf_count=12277 98 147 113 84 113 91 110 480 58 165 109 112 81 133 103
internal_value=0 0.00133297 0.00312672 -0.000431645 0.0144899 -0.00526157 -0.0135054 0.00194774 0.00478183 0.0101471 0.00464864 0.00585983 -0.00200892 -0.00405406 -0.0043038
internal_weight=0 298.689 235.231 179.867 55.3633 63.4582 34.6621 163.035 28.796 52.5571 40.3459 39.092 110.478 19.7559 96.0845
internal_count=14274 1997 1507 1135 372 490 208 1022 282 358 274 259 664 224 583
is_linear=0
shrinkage=0.03


Tree=385
num_leaves=16
num_cat=0
split_feature=1 0 1 10 5 13 0 10 10 2 13 1 2 0 1
split_gain=0.689001 8.65065 5.91651 4.20471 4.15753 6.8103 8.22567 5.01693 8.07659 4.40331 5.49749 3.56133 4.23142 7.2625 5.0098
threshold=0.20424150000000005 0.30093550000000008 0.19691750000000002 0.47411350000000002 4.5000000000000009 0.83978700000000017 0.39385750000000003 0.30310950000000009 0.62504050000000011 0.68085700000000016 0.56484250000000014 0.21023900000000004 0.66831600000000013 0.59125400000000006 0.24052150000000003
decision_type=2 2 2 2 2 2 2 2 2 2 2 2 2 2 2
left_child=2 -2 4 -4 7 6 -6 -1 -9 -10 -11 -3 14 -14 -13
right_child=1 11 3 -5 5 -7 -8 8 9 10 -12 12 13 -15 -16
leaf_value=-0.0023258315339102571 -0.020591867782252929 -0.012883150294319077 0.023047984221290681 0.00085479977969048031 -0.017556047140408308 -0.025727571731080524 0.014295230413813224 0.019507412474771689 0.0044198051115584922 -0.021567894685961205 0.0048751604254691988 -0.006933379929582162 0.028316688877933895 -0.0018887893287005009 0.00031139756240020457
leaf_weight=183.36163169960491 17.669148426502943 18.24096232932061 17.037467835471038 13.523088828660546 12.352870896691458 13.242814231663941 15.090894708409904 27.116212982684374 117.55841825576499 13.598436238709839 13.146106318570672 90.176286305766553 11.823100775480272 15.970410518348215 1484.6053931042552
leaf_count=1609 150 150 124 103 145 111 164 167 914 107 102 660 83 110 9575
internal_value=0 -0.000287169 0.00106574 0.0135657 6.79979e-05 -0.00889576 -0.000154712 0.00111808 0.00479405 0.00191402 -0.00886275 -5.32588e-05 0.000100718 0.0114975 -0.000107595
internal_weight=0 1638.49 426.028 30.5606 395.467 40.6866 27.4438 354.781 171.419 144.303 26.7445 1620.82 1602.58 27.7935 1574.78
internal_count=14274 10728 3546 227 3319 420 309 2899 1290 1123 209 10578 10428 193 10235
is_linear=0
shrinkage=0.03


Tree=386
num_leaves=16
num_cat=0
split_feature=0 0 0 13 5 10 1 0 13 0 13 1 2 1 3
split_gain=0.701764 6.8599 7.07598 5.23769 7.28159 4.28057 4.22568 3.78422 2.41189 5.29501 3.03617 1.96982 8.2173 7.19084 5.93209
threshold=0.33214400000000005 0.35462050000000006 0.35970200000000002 0.24647600000000003 1.5000000000000002 0.05176250000000001 0.16124600000000003 0.36439500000000008 0.65097650000000018 0.25410050000000006 0.84304750000000006 0.30321200000000004 0.20129950000000002 0.32675200000000004 0.62500000000000011
decision_type=2 2 2 2 2 2 2 2 2 2 2 2 2 2 2
left_child=5 3 -3 -2 -5 -1 -6 -4 -7 -10 -11 12 -9 14 -13
right_child=1 2 7 4 6 8 -8 11 9 10 -12 13 -14 -15 -16
leaf_value=-0.0028456645129309129 -0.029236094531000806 0.020221493081990914 -0.014855572786938028 0.010664342716813498 -8.5749963413240835e-06 0.0094301468088400942 -0.02333680626852893 0.027265831385552729 -0.012589371050181932 -0.0017571760153543888 0.020154642591575001 -0.021229742057500906 0.0010496192098530665 -1.4851718873819027e-05 -0.0032171804622926664
leaf_weight=96.040616295184009 9.99238044163212 14.63643437437713 14.398229218088089 14.962634162977336 11.23558001406491 64.250866044312716 17.490242310333997 9.983448922634123 16.262287680990994 10.853209608234467 10.634071400389074 25.062280696351081 537.96640331950039 1164.4274940094911 45.850059885531664
leaf_count=841 105 112 112 100 111 499 142 69 108 81 79 242 4125 7245 303
internal_value=0 -0.000188246 0.000127553 -0.0106573 -0.00584887 0.00168564 -0.0145196 -4.7199e-05 0.00593839 -9.46841e-05 0.00950103 8.06221e-05 0.00157607 -0.000583439 -0.00978998
internal_weight=0 1866.01 1812.32 53.6808 43.6885 198.041 28.7258 1797.69 102 37.7496 21.4873 1783.29 547.95 1235.34 70.9123
internal_count=14274 12666 12208 458 353 1608 253 12096 767 268 160 11984 4194 7790 545
is_linear=0
shrinkage=0.03


Tree=387
num_leaves=16
num_cat=0
split_feature=13 1 0 0 2 13 1 0 13 6 13 5 0 1 2
split_gain=0.683939 3.6858 10.0629 9.96181 9.53525 5.93303 7.0038 5.59153 5.36186 9.45496 4.92686 5.41046 4.2368 3.98246 3.6505
threshold=0.85938800000000015 0.21023900000000004 0.47011800000000004 0.49769500000000005 0.30104200000000009 0.93694450000000018 0.095540500000000014 0.57880200000000015 0.88645900000000011 2.5000000000000004 0.89326150000000004 3.5000000000000004 0.39385750000000003 0.69749300000000014 0.16080350000000002
decision_type=2 2 2 2 2 2 2 2 2 2 2 2 2 2 2
left_child=-1 5 4 -4 12 8 -7 10 -2 -10 -5 -12 -3 14 -9
right_child=1 2 3 7 -6 6 -8 13 9 -11 11 -13 -14 -15 -16
leaf_value=-0.00023258660784946652 0.0040021479917147565 0.014232431759878501 -0.02179812934631312 0.025738954815236324 0.032638678742612309 0.021596377267619444 -0.0069392136948129152 -0.015356873551521818 -0.040109373883732605 -0.0016876443540068009 -0.0038135501419121086 0.018448610167357739 -0.0052344246049827329 0.01226295119092995 -0.001139944468867744
leaf_weight=1765.2933292319067 10.162362947128711 21.825212420895696 16.706472719088197 12.261248193681238 16.353013388812542 11.747118279337885 18.858327955007553 19.720133706927299 11.127367561683061 11.161067463457583 25.75092398840934 14.628675955347715 17.265850214287639 14.356918374076484 76.312240595463663
leaf_count=12277 86 147 113 84 113 83 140 107 68 113 165 109 112 81 476
internal_value=0 0.0013184 0.00304552 -0.000422344 0.0140958 -0.00507025 0.00435021 0.00188767 -0.0138194 -0.0217681 0.00983657 0.00450249 0.00571816 -0.00195716 -0.00418755
internal_weight=0 298.237 235.181 179.737 55.4441 63.0562 30.6054 163.03 32.4508 22.2884 52.6408 40.3796 39.0911 110.389 96.0324
internal_count=14274 1997 1507 1135 372 490 223 1022 267 181 358 274 259 664 583
is_linear=0
shrinkage=0.03


Tree=388
num_leaves=16
num_cat=0
split_feature=0 2 2 0 1 2 1 2 1 1 0 2 2 2 1
split_gain=0.687962 5.26905 7.55416 3.67483 4.98418 6.78599 2.57597 1.7089 5.04941 4.93522 6.22126 5.44773 4.71358 8.32104 4.94593
threshold=0.75720300000000007 0.111363 0.051625500000000012 0.82190000000000007 0.63460050000000012 0.21917050000000002 0.69749300000000014 0.111363 0.16595800000000002 0.25779650000000004 0.33214400000000005 0.10270900000000001 0.092409000000000005 0.067995500000000014 0.56170650000000011
decision_type=2 2 2 2 2 2 2 2 2 2 2 2 2 2 2
left_child=6 2 -2 4 -3 -6 7 8 -1 -10 -11 12 13 -12 -15
right_child=1 3 -4 -5 5 -7 -8 -9 9 10 11 -13 -14 14 -16
leaf_value=0.013507920946803895 -0.0074666863322731935 -0.014309672765729047 0.016160925612277305 -0.015860057947255011 -0.0060489858906599726 0.01902179335361865 0.011023469815241776 0.00041462386053978551 -0.016367696792345461 0.015397290187922923 0.00054883242223338494 -0.017563003823438155 0.01010240888123045 -0.0068214785564931811 -0.026248737457339699
leaf_weight=16.736174372956157 20.987558143213391 19.556027385406196 26.596652422100306 25.525216665118933 23.80898529291153 15.03609181800857 18.362549776211381 1611.0253531020135 21.871288827620447 16.642660591751337 145.36744917184114 20.280146984383464 26.019417928531766 38.830982998013496 16.659968126565218
leaf_count=122 117 116 152 138 130 86 100 11558 169 122 839 128 159 250 88
internal_value=0 -0.00209842 0.00580051 -0.00659248 -0.00234312 0.00388921 0.00013607 2.58838e-05 -0.0020396 -0.0029944 -0.00182802 -0.00304527 -0.00167619 -0.00324449 -0.0130155
internal_weight=0 131.511 47.5842 83.9263 58.4011 38.8451 1931.8 1913.43 302.408 285.672 263.801 247.158 226.878 200.858 55.491
internal_count=14274 739 269 470 332 216 13535 13435 1877 1755 1586 1464 1336 1177 338
is_linear=0
shrinkage=0.03


Tree=389
num_leaves=16
num_cat=0
split_feature=0 0 2 13 13 2 2 0 2 14 1 1 1 6 1
split_gain=0.701319 1.66401 2.32003 1.49465 3.91358 4.82624 7.69703 4.46446 5.74532 4.28901 3.98765 4.76089 8.69105 7.10721 4.15374
threshold=0.16396650000000004 0.22206000000000004 0.092409000000000005 0.86725850000000004 0.89326150000000004 0.26864000000000005 0.054539500000000012 0.50857850000000016 0.17649900000000004 0.87500000000000011 0.41118950000000004 0.23846350000000002 0.098222000000000018 2.5000000000000004 0.30579500000000009
decision_type=2 2 2 2 2 2 2 2 2 2 2 2 2 2 2
left_child=-1 2 -2 -3 -5 6 -6 8 -8 -7 11 12 -11 -14 -13
right_child=1 3 -4 4 5 9 7 -9 -10 10 -12 14 13 -15 -16
leaf_value=-0.0061686310621896162 0.016702649551856255 -0.00040855207272051441 0.0012476576914499376 0.0089431516306281971 -0.012257883345383816 -0.015804638526095215 0.0061307407938015254 0.003745020055588427 0.033559136824601023 0.014111887649475024 -0.013877424701269261 0.01773987061887047 -0.027161013848936363 0.0022443765656400007 -0.00036790771571854552
leaf_weight=15.494961799588053 11.652057329192756 1730.2994599412195 28.877904904074967 56.350437268614769 17.618567828088999 20.8803336545825 15.871509259566666 50.296302389353514 11.930884297937153 12.86696615628898 17.362235898151994 20.69224052503705 16.32215574756265 12.66325015760958 23.94868294056505
leaf_count=114 80 12028 207 380 100 182 100 302 85 98 104 133 89 109 163
internal_value=0 4.21297e-05 0.00598605 -8.08186e-05 0.00196194 0.000145133 0.00518279 0.00922253 0.0186576 -0.00373104 -0.00117604 0.00150304 -0.00569707 -0.0146679 0.00823031
internal_weight=0 2047.63 40.53 2007.1 276.804 220.453 95.7173 78.0987 27.8024 124.736 103.856 86.4933 41.8524 28.9854 44.6409
internal_count=14274 14160 287 13873 1845 1465 587 487 185 878 696 592 296 198 296
is_linear=0
shrinkage=0.03


Tree=390
num_leaves=16
num_cat=0
split_feature=1 1 0 13 1 5 2 0 0 0 13 13 13 2 0
split_gain=0.716082 5.26792 8.53567 5.99436 4.02602 3.88077 9.72258 6.50517 9.85918 8.46194 6.80813 21.2013 9.69668 9.41447 5.9405
threshold=0.41952850000000003 0.43687500000000007 0.55444850000000012 0.50915250000000012 0.44178150000000005 1.0000000180025095e-35 0.072519000000000014 0.52731850000000013 0.51154050000000006 0.54928850000000018 0.65806450000000016 0.71835400000000005 0.7724930000000001 0.27364950000000005 0.59316950000000013
decision_type=2 2 2 2 2 2 2 2 2 2 2 2 2 2 2
left_child=-1 2 -2 -4 -3 6 -6 8 -7 -9 -11 -12 -13 14 -14
right_child=1 4 3 -5 5 7 -8 9 -10 10 11 12 13 -15 -16
leaf_value=-0.00044782375242350211 -0.0022665163934814836 -0.013762467460126406 0.0051988216400914913 0.029459388190546019 -0.023442379001207766 -0.0013076434606032854 -0.00044811310653443799 -0.016483344052185375 0.029280343755936408 0.0036532415716956507 -0.027158150885785746 0.015225678687174928 -0.012204980917822288 -0.017081018380305481 0.0056355593635472497
leaf_weight=1271.4229781597387 34.830672681331635 17.839817296713591 17.742387259379029 19.17927304841578 19.753206588327885 19.80084692966193 81.904747415333986 24.512468189001083 17.058797907084227 351.844412622042 27.685490444302559 32.464730143547058 20.523632567375898 30.748961081728339 75.699255304411054
leaf_count=9529 215 114 111 119 106 120 447 150 106 2162 157 189 123 192 434
internal_value=0 0.000700922 0.00839419 0.0182457 -7.6513e-05 0.00029037 -0.00510097 0.00121027 0.0132481 0.000400753 0.00119775 -0.00341416 0.000852463 -0.0029128 0.00174391
internal_weight=0 791.589 71.7523 36.9217 719.836 701.997 101.658 600.339 36.8596 563.479 538.966 187.122 159.437 126.972 96.2229
internal_count=14274 4745 445 230 4300 4186 553 3633 226 3407 3257 1095 938 749 557
is_linear=0
shrinkage=0.03


Tree=391
num_leaves=16
num_cat=0
split_feature=13 13 1 1 1 1 2 2 13 1 13 1 1 0 13
split_gain=0.688495 3.18667 7.72979 9.74225 16.2741 13.8131 4.10221 4.82769 4.18901 2.97621 4.403 6.0777 7.78904 6.25304 7.65226
threshold=0.37821950000000004 0.33206050000000004 0.52876800000000013 0.45582000000000006 0.38479050000000004 0.31319200000000008 0.71041900000000013 0.66216550000000007 0.22897150000000002 0.070318000000000006 0.32030450000000005 0.14831000000000003 0.19014300000000003 0.38010700000000003 0.11780900000000001
decision_type=2 2 2 2 2 2 2 2 2 2 2 2 2 2 2
left_child=1 6 3 4 5 -3 7 9 -8 -1 11 -11 -13 14 -14
right_child=-2 2 -4 -5 -6 -7 8 -9 -10 10 -12 12 13 -15 -16
leaf_value=0.012393931898703007 -0.00042092983403815609 0.0025208071776336672 -0.012566879436078215 0.03188863162450619 -0.023314545980359442 0.034174708520685312 -0.001502097030671095 0.015810642711528423 -0.028315818104472926 -0.011736689275310387 -0.013322471041442597 0.015244046079281147 -0.02855564117056698 0.00095924896918218167 -0.0012469609738420229
leaf_weight=15.74634456716012 1313.7060579129029 44.100533531047404 16.832299658097327 13.242626901715992 14.064749022014437 16.364378171041608 12.535572045017036 16.71256959438324 8.1651792805641872 35.613306005252525 21.920900285243988 31.02018138859421 13.773671727161853 463.94398591807112 24.891085998155177
leaf_count=162 8867 344 99 83 92 116 122 125 80 346 150 261 111 3119 197
internal_value=0 0.00071819 0.00554868 0.00912517 0.00471185 0.0115043 -7.34142e-05 0.000372186 -0.0128959 -7.82545e-05 -0.000430835 8.81e-05 0.000897739 -1.62027e-05 -0.0114499
internal_weight=0 748.927 104.605 87.7723 74.5297 60.4649 644.323 623.622 20.7008 606.909 591.163 569.242 533.629 502.609 38.6648
internal_count=14274 5407 734 635 552 460 4673 4471 202 4346 4184 4034 3688 3427 308
is_linear=0
shrinkage=0.03


Tree=392
num_leaves=16
num_cat=0
split_feature=3 1 0 2 1 1 13 0 5 13 13 6 13 4 7
split_gain=0.698601 2.10479 6.01515 2.34896 5.03904 4.96215 4.36361 3.39555 4.51385 7.29009 9.26509 4.81066 2.10269 2.17561 4.98527
threshold=0.37500000000000006 0.69749300000000014 0.71770300000000009 0.036242000000000003 0.59527150000000006 0.49763200000000007 0.23985550000000003 0.65605500000000017 5.5000000000000009 0.60540700000000014 0.52878700000000012 3.5000000000000004 0.017249000000000004 0.53125000000000011 0.41666650000000005
decision_type=2 2 2 2 2 2 2 2 2 2 2 2 2 2 2
left_child=1 2 3 -1 5 7 -7 8 9 10 11 -5 -2 14 -14
right_child=12 -3 -4 4 -6 6 -8 -9 -10 -11 -12 -13 13 -15 -16
leaf_value=-0.016112722704578652 -0.0087135452860822842 0.011838224431003439 -0.02595018657193509 -0.00050367997744450873 0.021703809341352579 -3.089468828967091e-05 -0.026831335938410358 0.018606297502093819 0.015520986026968256 -0.02213139515314453 0.028388550959513363 -0.022755426790713788 -0.00012727249937646945 0.00010614977854566869 0.018115835713577957
leaf_weight=8.0225274041295034 22.598158890381455 9.043449458666144 8.2039140299893898 114.76036209566519 7.8270596321672192 9.8996823728084582 11.219483465887604 7.6355468723922959 13.084276252426205 13.925678670173509 8.5980259426869434 8.4700484105851483 41.012703582644463 1759.0852450081147 19.072721492499113
leaf_count=58 149 60 86 1043 61 84 99 69 153 151 88 258 214 11554 147
internal_value=0 -0.00159827 -0.00222537 -0.00114641 -0.000453094 -0.00148774 -0.0148379 0.000284368 -0.000707285 -0.00225992 -9.99124e-06 -0.00220398 0.000184232 0.000299488 0.00586534
internal_weight=0 220.69 211.647 203.443 195.42 187.593 21.1192 166.474 158.838 145.754 131.828 123.23 1841.77 1819.17 60.0854
internal_count=14274 2210 2150 2064 2006 1945 183 1762 1693 1540 1389 1301 12064 11915 361
is_linear=0
shrinkage=0.03


Tree=393
num_leaves=16
num_cat=0
split_feature=1 5 1 1 13 0 2 2 0 1 0 0 6 2 2
split_gain=0.692118 2.80781 2.18386 1.29058 4.18913 2.46741 1.77782 1.44803 4.53393 12.145 4.35892 3.91753 4.18331 2.42271 2.34724
threshold=0.012388500000000002 2.5000000000000004 0.040732500000000012 0.075568500000000011 0.26568700000000006 0.18019000000000004 0.61446550000000011 0.66216550000000007 0.5815665000000001 0.21786650000000005 0.52731850000000013 0.48198500000000005 2.5000000000000004 0.69367650000000014 0.60536450000000008
decision_type=2 2 2 2 2 2 2 2 2 2 2 2 2 2 2
left_child=1 -1 -2 4 -4 -5 -6 14 9 10 11 12 -9 -10 -7
right_child=2 -3 3 5 6 7 -8 8 13 -11 -12 -13 -14 -15 -16
leaf_value=-0.016577385832038011 0.010002763792381374 0.0054179557097070122 0.0095053965438293281 0.013141229057929393 -0.0050037012991865351 -5.0571189382674271e-06 -0.020295240349215104 0.018862614814896827 0.0016610504492700915 0.035174108113500746 0.011836604326174328 -0.013174678450889455 -0.0070547848697156265 -0.016842491714296332 -0.0056262670209027317
leaf_weight=9.2853456758894044 18.640500861220062 9.8656917507760209 11.496453844010828 11.893909613601862 18.20870027970523 1803.6717512474861 10.943345147650687 9.408993111923337 12.443474743515255 10.732760425657032 24.034649256616831 19.992731152102351 11.315716821700335 11.703742574900387 68.429685723036528
leaf_count=100 168 110 129 91 156 12167 112 54 85 77 165 141 126 96 497
internal_value=0 -0.00553988 4.73046e-05 -4.92637e-05 -0.00527567 6.04402e-05 -0.0112267 -2.50873e-05 0.00348066 0.00708504 0.00196509 -0.00400591 0.00503832 -0.00762042 -0.00021342
internal_weight=0 19.151 2042.92 2024.28 40.6485 1983.63 29.152 1971.73 99.6321 75.4849 64.7521 40.7174 20.7247 24.1472 1872.1
internal_count=14274 210 14064 13896 397 13499 268 13408 744 563 486 321 180 181 12664
is_linear=0
shrinkage=0.03


Tree=394
num_leaves=16
num_cat=0
split_feature=0 0 2 13 0 13 2 2 3 6 5 13 13 0 1
split_gain=0.699541 1.54603 2.13398 1.48204 3.7342 4.90211 3.87855 7.33403 3.48769 5.81232 3.17487 4.72797 4.72248 4.62866 3.89782
threshold=0.16396650000000004 0.22206000000000004 0.092409000000000005 0.86725850000000004 0.32933250000000008 0.87809400000000004 0.20932550000000003 0.109366 0.62500000000000011 2.5000000000000004 6.5000000000000009 0.84730250000000018 0.83978700000000017 0.55243100000000012 0.36175950000000007
decision_type=2 2 2 2 2 2 2 2 2 2 2 2 2 2 2
left_child=-1 2 -2 10 -5 -6 7 -7 9 -8 11 12 -3 -13 -12
right_child=1 3 -4 4 5 6 8 -9 -10 -11 14 13 -14 -15 -16
leaf_value=-0.0061626746310149173 0.016035959697151728 -0.00048053225202823253 0.0012222233963112485 0.014009290291535505 0.013449897839690608 -0.0057402396083048686 0.022731891744774892 0.012690601915760467 -0.0051998852181972463 -0.0052485473196815253 -0.0015200254819841884 -0.00041638915450870084 0.015189573416597213 -0.021538591400223794 0.022714489222527529
leaf_weight=15.481315271463243 11.67564360424876 1653.5623062265804 28.880002551712096 20.368223750963807 24.446404698304832 32.692681888118386 10.608899511396887 45.311181552708149 128.1706564584747 15.055947692133484 11.848818118683996 18.524048296734691 16.492263745516539 17.910251070745289 10.809326140210031
leaf_count=114 80 11494 207 152 155 190 62 280 874 132 110 130 103 113 78
internal_value=0 4.27699e-05 0.00577024 -7.58525e-05 0.00195879 0.000950358 -0.000419766 0.00499106 -0.00317789 0.00673628 -0.000402329 -0.000553327 -0.000316788 -0.0110976 0.0105128
internal_weight=0 2046.36 40.5556 2005.8 276.654 256.286 231.839 78.0039 153.836 25.6648 1729.15 1706.49 1670.05 36.4343 22.6581
internal_count=14274 14160 287 13873 1845 1693 1538 470 1068 194 12028 11840 11597 243 188
is_linear=0
shrinkage=0.03


Tree=395
num_leaves=16
num_cat=0
split_feature=2 2 13 2 0 13 11 0 2 0 13 1 1 1 0
split_gain=0.681314 1.65361 3.62728 2.71295 1.52349 1.38929 1.4442 1.9254 1.48121 1.43856 1.30139 1.15646 10.2491 5.88966 5.57258
threshold=0.010465500000000001 0.020496500000000004 0.50558250000000016 0.026810500000000004 0.56716600000000017 0.99106200000000011 5.2450720000000013 0.55100950000000004 0.033149000000000005 0.63069450000000005 0.98374950000000017 0.55230650000000014 0.54212850000000012 0.5771035000000001 0.68308900000000017
decision_type=2 2 2 2 2 2 2 2 2 2 2 2 2 2 2
left_child=4 2 -2 -3 -1 6 8 -8 -5 -9 11 12 -10 -13 -15
right_child=1 3 -4 5 -6 -7 7 9 10 -11 -12 13 -14 14 -16
leaf_value=-0.0021846617742227602 -0.018116225603884342 0.010871502082110662 0.0028740846157323113 -0.0083032910449418722 0.011046394457844401 0.0089888444027681532 -0.01422548381315065 0.014152101854273872 7.0469807810425952e-05 -0.0066046143691732926 -0.0084465343914452186 0.011228502829631915 -0.019680037434077424 -0.0091551576837073673 0.0021023551505578858
leaf_weight=15.238744994625451 13.102786717936398 19.562752842903137 15.119276277720926 18.415995772927999 14.539284029975532 14.082348234951494 13.843677040422337 4.25601036287844 1587.1940084781963 6.0859900396317244 15.185580771416424 48.791343564167619 23.004403838887811 47.971709104254842 205.23186909453943
leaf_count=97 80 116 93 111 79 98 256 77 11212 125 98 287 145 266 1134
internal_value=0 -7.26669e-05 -0.00715764 3.06493e-05 0.00442448 -8.16637e-05 -0.000151032 -0.00728887 -5.86119e-05 0.00243197 2.44305e-05 9.60819e-05 -0.000223739 0.00179644 -5.81073e-05
internal_weight=0 2031.85 28.2221 2003.63 29.778 1984.06 1969.98 24.1857 1945.79 10.342 1927.38 1912.19 1610.2 301.995 253.204
internal_count=14274 14098 173 13925 176 13809 13711 458 13253 202 13142 13044 11357 1687 1400
is_linear=0
shrinkage=0.03


Tree=396
num_leaves=16
num_cat=0
split_feature=0 2 2 0 1 2 0 10 0 13 13 13 10 0 2
split_gain=0.696877 4.9446 7.0283 3.49074 4.58536 6.46185 2.47309 7.23247 6.41996 5.62379 8.38867 5.39355 4.71716 3.18765 4.37618
threshold=0.75720300000000007 0.111363 0.051625500000000012 0.82190000000000007 0.63460050000000012 0.21917050000000002 0.70498900000000009 3.2055285000000002 0.71770300000000009 0.50558250000000016 0.7307220000000002 0.20811650000000004 11.993442000000002 0.66266250000000015 0.39426800000000006
decision_type=2 2 2 2 2 2 2 2 2 2 2 2 2 2 2
left_child=6 2 -2 4 -3 -6 13 8 -8 11 -11 -10 -9 -1 -15
right_child=1 3 -4 -5 5 -7 7 12 9 10 -12 -13 -14 14 -16
leaf_value=0.00022236111041090936 -0.0072231388488130707 -0.013827123470952786 0.015587668473936377 -0.015502361926018712 -0.0060364471654990124 0.018446202278671161 0.012059598498015507 0.030719742294503076 0.001272272302319394 0.0183002554327274 -0.011211340920766704 -0.023000268093343455 0.0030536957221955728 -0.0081964831308624919 0.0033141156854468315
leaf_weight=1677.346094539389 21.00541309453547 19.46612077858299 26.45303875207901 25.507328612729907 23.785556813701987 15.00268240785226 29.476463213562965 12.607928048819305 13.745867934077976 17.015908308327198 15.780686696991323 19.199922465719283 9.7725143413990718 92.409675823524594 42.9362613260746
leaf_count=11993 117 116 152 138 130 86 157 96 81 84 83 111 102 543 285
internal_value=0 -0.00211285 0.00555075 -0.00646922 -0.00231908 0.00365867 0.000138435 0.00433545 0.000657384 -0.00455904 0.00418864 -0.013134 0.0192865 -0.000136088 -0.00454741
internal_weight=0 131.22 47.4585 83.7617 58.2544 38.7882 1930.29 117.599 95.2188 65.7424 32.7966 32.9458 22.3804 1812.69 135.346
internal_count=14274 739 269 470 332 216 13535 714 516 359 167 192 198 12821 828
is_linear=0
shrinkage=0.03


Tree=397
num_leaves=16
num_cat=0
split_feature=1 1 2 6 1 5 2 0 0 0 13 13 13 2 5
split_gain=0.695653 4.93932 8.09179 5.76348 3.77925 3.72965 9.05903 6.13736 9.32298 8.1224 5.04807 19.5661 9.46023 9.41235 8.1821
threshold=0.41952850000000003 0.43687500000000007 0.11699500000000002 2.5000000000000004 0.44178150000000005 1.0000000180025095e-35 0.072519000000000014 0.52731850000000013 0.51154050000000006 0.54297400000000018 0.65806450000000016 0.71835400000000005 0.78860700000000017 0.27364950000000005 1.5000000000000002
decision_type=2 2 2 2 2 2 2 2 2 2 2 2 2 2 2
left_child=-1 2 -2 -4 -3 6 -6 8 -7 -9 -11 -12 -13 14 -14
right_child=1 4 3 -5 5 7 -8 9 -10 10 11 12 13 -15 -16
leaf_value=-0.00043994156985321915 -0.011611837437467173 -0.013346779741407326 0.019276046051175333 -0.001154897561330501 -0.02272249917060546 -0.0012909025810157451 -0.00050171653926053773 -0.019568310468501212 0.028438695705810743 0.0031539420550574914 -0.02561940101795699 0.014220790983523185 0.017569384562006352 -0.017235643890866747 -0.0030330976346986116
leaf_weight=1270.7680688471301 14.140113867819307 17.768423788249493 39.978191934525967 17.679379558190703 19.704726275056601 19.780741686932743 81.781376298516989 16.743634205311537 17.10818825289607 356.67408757656813 27.919507946819067 37.252005342394114 21.733427960425615 29.781342248898 72.387870572507381
leaf_count=9529 82 114 217 146 106 120 447 102 106 2194 160 219 123 185 424
internal_value=0 0.000692921 0.00813927 0.0130985 -6.1308e-05 0.000294042 -0.00499576 0.00119653 0.0128836 0.000408572 0.00105614 -0.00289699 0.00117331 -0.00283194 0.00185889
internal_weight=0 790.433 71.7977 57.6576 718.635 700.867 101.486 599.381 36.8889 562.492 545.748 189.074 161.155 123.903 94.1213
internal_count=14274 4745 445 363 4300 4186 553 3633 226 3407 3305 1111 951 732 547
is_linear=0
shrinkage=0.03


Tree=398
num_leaves=16
num_cat=0
split_feature=3 1 1 4 13 13 0 2 13 1 2 0 6 1 0
split_gain=0.696665 2.056 2.88055 3.99136 3.74125 8.70409 5.63718 6.53944 5.34166 4.92295 4.58142 3.44194 4.69572 3.30428 3.68178
threshold=0.37500000000000006 0.11690300000000002 0.27395300000000006 0.39583350000000006 0.11026500000000002 0.078998500000000013 0.71770300000000009 0.12621600000000002 0.37054850000000006 0.49763200000000007 0.15872750000000002 0.52621850000000014 2.5000000000000004 0.39125400000000005 0.45134250000000004
decision_type=2 2 2 2 2 2 2 2 2 2 2 2 2 2 2
left_child=1 -1 3 -3 5 9 7 8 -6 -4 -9 12 -5 14 -12
right_child=-2 2 4 11 6 -7 -8 10 -10 -11 13 -13 -14 -15 -16
leaf_value=-0.014333027962760876 0.00018534309918468673 -0.01200074489201125 -0.015325532216336462 0.012033498143885825 -0.0044418497286109679 0.022953395750701006 -0.026957304009908978 -0.028297869816941164 0.024099816693327867 0.009802093102955085 0.0050330024831031156 0.020987005422686972 -0.0067900140893435035 0.0006988770769827472 -0.019771838468851222
leaf_weight=9.8519531392957997 1840.4797071483918 10.725694513879715 16.835048502311114 24.582500180229545 11.306061189621689 13.595068975351749 9.8277075728401524 8.2136759236454946 10.775276507250963 10.698242560029028 6.8726397566497353 11.813820669427512 21.45158160594292 34.60110891237855 19.162957814987749
leaf_count=228 12064 85 150 176 88 124 88 70 82 79 66 97 330 298 249
internal_value=0 -0.00159611 -0.000934916 0.00407636 -0.00336842 0.00418583 -0.00646277 -0.00397863 0.00992665 -0.00556067 -0.00851652 0.00721052 0.003304 -0.00542136 -0.0132801
internal_weight=0 220.313 210.461 68.5736 141.888 41.1284 100.759 90.9317 22.0813 27.5333 68.8504 57.8479 46.0341 60.6367 26.0356
internal_count=14274 2210 1982 688 1294 353 941 853 170 229 683 603 506 613 315
is_linear=0
shrinkage=0.03


Tree=399
num_leaves=16
num_cat=0
split_feature=12 12 0 2 12 0 5 13 13 2 1 13 13 3 5
split_gain=0.686765 4.49545 2.10289 2.9262 2.04538 1.73309 1.51104 0.988623 1.6982 2.89385 2.35936 6.80872 1.42345 8.11334 7.63825
threshold=6.269263500000001 5.5940500000000002 0.6736025000000001 0.39948850000000008 4.9685970000000008 0.48448250000000004 1.5000000000000002 0.0092175000000000017 0.033667000000000009 0.12365850000000002 0.38866950000000006 0.025184000000000002 0.12692700000000004 0.62500000000000011 1.5000000000000002
decision_type=2 2 2 2 2 2 2 2 2 2 2 2 2 2 2
left_child=1 4 3 5 7 -2 -5 -1 9 -9 11 -11 13 -10 -15
right_child=2 -3 -4 6 -6 -7 -8 8 12 10 -12 -13 -14 14 -16
leaf_value=-0.0074572097233704298 0.0098563544288231362 -0.017829041704134824 0.011866324097674665 -0.014840153089539457 0.011597037883354696 -0.00049327294422438737 -0.0016840960593043812 -0.0075975821940400265 0.00098152484784928395 -0.011317098065372842 0.020079916237536698 0.021443905676260113 7.6275173298910457e-05 -0.024961847770700329 0.0024699421474248433
leaf_weight=15.297477941960095 27.625424091005698 11.838197075296192 16.425362979993224 11.350594356656073 12.549769669771193 29.454727364704013 22.430395587813109 10.317213589325545 118.7479513019789 11.677183815278115 12.040946949273346 9.4266459178179485 1713.4286170607666 23.548490270972252 14.284166732802985
leaf_count=112 162 84 85 69 70 167 175 66 953 105 76 83 11833 134 100
internal_value=0 -0.000135103 0.00231932 0.000483078 -1.80818e-05 0.00459916 -0.00640418 -9.96273e-05 -3.69418e-05 0.00575765 0.0100156 0.00362467 -0.000174623 -0.00290321 -0.0148078
internal_weight=0 1953.16 107.287 90.8611 1941.32 57.0802 33.781 1928.77 1913.47 43.462 33.1448 21.1038 1870.01 156.581 37.8327
internal_count=14274 13616 658 573 13532 329 244 13462 13350 330 264 188 13020 1187 234
is_linear=0
shrinkage=0.03


Tree=400
num_leaves=16
num_cat=0
split_feature=13 12 12 6 13 0 0 1 0 4 1 5 1 0 0
split_gain=0.685393 2.83873 3.03444 3.20786 4.24674 3.10735 3.02668 2.99321 4.07803 4.48148 6.83951 3.9812 3.31169 4.29511 3.00981
threshold=0.40556650000000005 1.6030085000000003 0.04293700000000001 2.5000000000000004 0.21899900000000003 0.46494250000000009 0.57880200000000015 0.14831000000000003 0.33850950000000007 0.89583350000000006 0.11843200000000002 1.5000000000000002 0.16345700000000002 0.31239800000000001 0.68580050000000015
decision_type=2 2 2 2 2 2 2 2 2 2 2 2 2 2 2
left_child=1 2 7 5 -5 -4 -7 8 11 10 -10 -1 -9 -14 -15
right_child=-2 -3 3 4 -6 6 -8 12 9 -11 -12 -13 13 14 -16
leaf_value=0.012499699489159456 -0.0004395131936200294 0.004824881340002583 0.0089110565883952931 -0.022877957963760645 -0.0017809030674495157 -0.016864706032044562 0.00073638622563488567 0.01652672755784157 0.0071439484790773809 -0.028885516624854998 -0.024426519982532709 -0.0076808915812643756 -0.013104478141490678 0.0027323768665843602 -0.0034254133598422909
leaf_weight=16.206121718510985 1266.0400213187095 124.49306426104158 18.801451379433274 16.332419861573726 17.383176296483725 12.937133494764565 23.608335427939892 11.844775799661873 15.241766381543131 9.4564380161464197 9.0309420339763147 17.054136053659022 17.480833147186786 398.36704729124904 86.105345565825701
leaf_count=130 8529 836 133 188 194 87 138 96 156 99 75 176 142 2777 518
internal_value=0 0.000684065 -9.15592e-05 -0.00521573 -0.0123653 -0.000718275 -0.00577765 0.000701836 -0.00521597 -0.0124112 -0.00510395 0.00222997 0.00148204 0.00109487 0.00163315
internal_weight=0 794.343 669.85 89.0625 33.7156 55.3469 36.5455 580.787 66.9894 33.7291 24.2727 33.2603 513.798 501.953 484.472
internal_count=14274 5745 4909 740 382 358 225 4169 636 330 231 306 3533 3437 3295
is_linear=0
shrinkage=0.03


Tree=401
num_leaves=16
num_cat=0
split_feature=1 0 1 0 0 10 1 2 0 1 3 1 4 13 0
split_gain=0.685701 8.11882 5.61812 4.02477 4.51353 3.89801 3.3454 3.73012 6.36118 4.80772 11.0939 11.3721 6.01645 5.81882 5.03506
threshold=0.20424150000000005 0.30093550000000008 0.19691750000000002 0.55243100000000012 0.52731850000000013 0.47411350000000002 0.21023900000000004 0.66831600000000013 0.59125400000000006 0.24052150000000003 0.87500000000000011 0.21957050000000003 0.78125000000000011 0.69913750000000008 0.41502450000000007
decision_type=2 2 2 2 2 2 2 2 2 2 2 2 2 2 2
left_child=2 -2 3 4 -1 -4 -3 9 -9 10 11 -8 -13 -12 -14
right_child=1 6 5 -5 -6 -7 7 8 -10 -11 13 12 14 -15 -16
leaf_value=4.8518291018467793e-05 -0.020100288291004909 -0.012537136826326912 0.022289168203810324 -0.01407731735120215 0.016392960633172027 0.00094354283780815251 0.017627033499301777 0.026483253421631388 -0.0017670003817623009 0.00030288579810456065 -0.007495745522419146 0.0054627780639955438 -0.00079528140050642881 -0.037684297545653778 -0.026158318075037396
leaf_weight=363.09521684318315 17.402350139804184 18.114233651198447 17.179663470014933 16.266200732439756 14.871064673177896 13.515865224413572 20.517653893213719 11.865582758560778 15.952056936919687 1482.163246933138 11.274931240826847 16.6980852605775 11.311838607769461 12.18760049343109 17.958716644905508
leaf_count=3057 150 150 124 146 116 103 152 83 110 9575 78 130 83 86 131
internal_value=0 -0.000286141 0.00106516 8.79918e-05 0.00073315 0.0132166 -6.07532e-05 8.8246e-05 0.010784 -0.000107743 -0.00680296 -0.000440777 -0.00870876 -0.0240766 -0.0167066
internal_weight=0 1635.45 424.928 394.232 377.966 30.6955 1618.04 1599.93 27.8176 1572.11 89.9488 66.4863 45.9686 23.4625 29.2706
internal_count=14274 10728 3546 3319 3173 227 10578 10428 193 10235 660 496 344 164 214
is_linear=0
shrinkage=0.03


Tree=402
num_leaves=16
num_cat=0
split_feature=3 13 0 0 13 13 13 6 2 0 0 13 2 5 2
split_gain=0.695729 2.05779 3.10526 2.91637 2.62762 7.73698 6.95482 4.93311 6.14019 4.62829 7.85937 9.42681 5.18899 8.47906 5.39911
threshold=0.37500000000000006 0.033667000000000009 0.34688750000000007 0.71770300000000009 0.28753550000000005 0.32030450000000005 0.24331000000000005 2.5000000000000004 0.57376700000000003 0.51427950000000011 0.47740850000000007 0.19257050000000003 0.39426800000000006 1.5000000000000002 0.53675050000000013
decision_type=2 2 2 2 2 2 2 2 2 2 2 2 2 2 2
left_child=1 -1 -3 4 6 -6 9 -7 -9 10 11 -4 13 -11 -14
right_child=-2 2 3 -5 5 7 -8 8 -10 12 -12 -13 14 -15 -16
leaf_value=0.0076872262201075443 0.00018345638257814944 -0.016964063836159071 -0.018971444654766367 -0.014201277448653319 0.027213403672309813 0.0055077872213772404 -0.025064316488336333 -0.019733716738750694 0.010221534478330935 0.0038162760598768738 0.023851204853042304 0.021390778374665031 0.020918764352671763 -0.029456046713302424 -0.010695647663140333
leaf_weight=18.639100613538176 1840.1315900473855 11.526562213432042 13.352929590269925 14.054177662823347 9.6781599912792426 49.521870339289308 11.211551264859734 18.154671746306125 8.3262599068693799 11.775932094082238 14.074148097541181 7.2027244139462701 8.795396448113026 14.9528700588271 8.7630734229460341
leaf_count=172 12064 241 176 127 75 314 111 306 100 80 115 61 86 148 98
internal_value=0 -0.00159784 -0.00249092 -0.00152799 -0.000440298 0.00330163 -0.00399477 -5.71468e-05 -0.0102858 -0.000725294 0.00737314 -0.00449224 -0.00708073 -0.0151883 0.00541452
internal_weight=0 220.029 201.39 189.864 175.81 85.681 90.1286 76.0028 26.4809 78.9171 34.6298 20.5557 44.2873 26.7288 17.5585
internal_count=14274 2210 2038 1797 1670 795 875 720 406 764 352 237 412 228 184
is_linear=0
shrinkage=0.03


Tree=403
num_leaves=16
num_cat=0
split_feature=2 2 13 2 13 1 13 13 1 0 2 5 2 4 2
split_gain=0.682522 1.53596 3.39533 2.6039 1.45804 1.32116 6.06792 8.27365 6.44687 3.13707 2.07152 8.14483 5.25302 4.42382 3.87423
threshold=0.010465500000000001 0.020496500000000004 0.50558250000000016 0.026810500000000004 0.50558250000000016 0.71137950000000016 0.48348550000000007 0.73882100000000006 0.75720150000000019 0.8053800000000001 0.089436500000000016 2.5000000000000004 0.093707500000000013 0.89583350000000006 0.067995500000000014
decision_type=2 2 2 2 2 2 2 2 2 2 2 2 2 2 2
left_child=4 2 -2 -3 -1 9 8 -8 -7 10 11 14 -12 -13 -5
right_child=1 3 -4 5 -6 6 7 -9 -10 -11 12 13 -14 -15 -16
leaf_value=0.010614561179002177 -0.017523997521254331 0.010650784188765576 0.0027953807637262343 0.0044386183743202962 -0.002347549498942364 0.026084072184330141 -0.017849701613519509 0.010584862951524061 0.00059236461797531215 -0.014643791736431599 0.016924065519494772 0.001734764706885518 2.4145475809086172e-05 -0.018837933973721795 -0.0063332277442106543
leaf_weight=15.242349168285729 13.075239177793266 19.542470974847674 15.114266343414782 85.79637804813683 14.469796897843478 15.927781656384466 18.949303429573774 16.203953152522445 18.996388083323836 12.502172899432479 15.715534778311847 12.430223999544976 1704.9749418363208 35.747834149748087 44.973724205046892
leaf_count=94 80 116 93 516 82 94 99 93 106 71 100 87 12148 222 273
internal_value=0 -7.47976e-05 -0.0069069 2.48151e-05 0.00443112 -8.52628e-05 0.00393097 -0.0048125 0.0126208 -0.00023443 -0.000131942 -0.00319459 0.000188237 -0.0136027 0.000714076
internal_weight=0 2029.95 28.1895 2001.76 29.7121 1982.22 70.0774 35.1533 34.9242 1912.14 1899.64 178.948 1720.69 48.1781 130.77
internal_count=14274 14098 173 13925 176 13809 392 192 200 13417 13346 1098 12248 309 789
is_linear=0
shrinkage=0.03


Tree=404
num_leaves=16
num_cat=0
split_feature=3 1 0 2 1 1 13 0 5 13 13 6 4 13 4
split_gain=0.663554 2.07324 5.57258 2.26998 4.6701 4.68926 4.2145 3.11157 4.26547 7.10272 8.70797 4.48416 2.02062 1.98145 1.99406
threshold=0.37500000000000006 0.69749300000000014 0.71770300000000009 0.036242000000000003 0.59527150000000006 0.49763200000000007 0.23985550000000003 0.65605500000000017 5.5000000000000009 0.60540700000000014 0.52878700000000012 3.5000000000000004 0.71875000000000011 0.017249000000000004 0.53125000000000011
decision_type=2 2 2 2 2 2 2 2 2 2 2 2 2 2 2
left_child=1 2 3 -1 5 7 -7 8 9 10 11 -5 -13 -2 -15
right_child=13 -3 -4 4 -6 6 -8 -9 -10 -11 -12 12 -14 14 -16
leaf_value=-0.015909015859045233 -0.0084674698549148889 0.011834766052565711 -0.025286355607363808 -0.00051908762122091141 0.02081770084543352 -2.4265977966898074e-06 -0.026450233530624152 0.017747423607797682 0.015057574838398535 -0.021976112674376873 0.027432918159804767 -0.031203461175494621 -0.00025749592958994734 0.0056234440797613338 0.00010563988720299336
leaf_weight=7.9704060368239871 22.54977073892951 8.9517556950449926 8.0007832925766689 114.35833457205445 7.8589570932090274 9.87927069142461 11.021062956191598 7.6721158903092137 13.098231951240448 13.730667955940588 8.6548093254677934 5.5672933416208235 2.6950030075386167 59.992764228954911 1757.3545684483834
leaf_count=58 149 60 86 1043 61 84 99 69 153 151 88 192 66 361 11554
internal_value=0 -0.00156274 -0.00218572 -0.00115328 -0.000470443 -0.00147281 -0.0145197 0.000249285 -0.000706033 -0.00222332 -6.76785e-06 -0.00214976 -0.0222271 0.000178899 0.000290782
internal_weight=0 219.459 210.507 202.506 194.536 186.677 20.9003 165.776 158.104 145.006 131.275 122.621 8.2623 1839.9 1817.35
internal_count=14274 2210 2150 2064 2006 1945 183 1762 1693 1540 1389 1301 258 12064 11915
is_linear=0
shrinkage=0.03


Tree=405
num_leaves=16
num_cat=0
split_feature=1 1 0 2 1 5 2 0 0 0 13 13 13 2 5
split_gain=0.662581 4.56565 7.69722 5.82538 3.59713 3.58284 8.58338 5.75799 8.89747 7.64648 4.80394 18.4016 8.983 8.49667 6.05236
threshold=0.41952850000000003 0.43687500000000007 0.55444850000000012 0.34791050000000007 0.44178150000000005 1.0000000180025095e-35 0.072519000000000014 0.52731850000000013 0.51154050000000006 0.54297400000000018 0.65806450000000016 0.71835400000000005 0.7724930000000001 0.27364950000000005 1.5000000000000002
decision_type=2 2 2 2 2 2 2 2 2 2 2 2 2 2 2
left_child=-1 2 -2 -4 -3 6 -6 8 -7 -9 -11 -12 -13 14 -14
right_child=1 4 3 -5 5 7 -8 9 -10 10 11 12 13 -15 -16
leaf_value=-0.00043198839697150548 -0.0022862826983441132 -0.013033361428203383 0.029816382290696386 0.0058820558412544834 -0.022169709717883766 -0.0013560677098456134 -0.00051929831600301018 -0.019023757822760112 0.027673421155555551 0.0030904849641985518 -0.024907076238006969 0.014745443870901473 0.015194248145838649 -0.016075368089007586 -0.0022844874968679994
leaf_weight=1269.6576000878122 34.842780590057373 17.71128911152482 16.674993308261037 20.275527406483889 19.657539105042815 19.773135083727539 81.753989070653915 16.642947163432837 17.136971913278103 356.20246496982872 27.791665338911116 33.37062306702137 22.335739629343152 30.456118075177073 74.768082289025187
leaf_count=9529 215 114 103 127 106 120 447 102 106 2194 160 194 126 192 439
internal_value=0 0.000674251 0.00783316 0.0171842 -5.18754e-05 0.000294759 -0.0048915 0.00118026 0.0124965 0.000415589 0.00104306 -0.00281726 0.00112776 -0.00252171 0.00184985
internal_weight=0 789.394 71.7933 36.9505 717.601 699.889 101.412 598.478 36.9101 561.568 544.925 188.722 160.931 127.56 97.1038
internal_count=14274 4745 445 230 4300 4186 553 3633 226 3407 3305 1111 951 757 565
is_linear=0
shrinkage=0.03


Tree=406
num_leaves=16
num_cat=0
split_feature=13 13 1 0 1 11 12 7 1 5 0 5 6 5 13
split_gain=0.699172 4.11663 3.81851 3.76437 5.16541 4.89267 7.16925 4.47524 2.79242 6.84388 4.61343 5.26847 4.30001 4.29222 7.40889
threshold=0.83538150000000011 0.79784100000000013 0.17991000000000004 0.79622000000000015 0.59949150000000018 0.17830350000000003 2.9948295000000003 0.70833350000000006 0.23846350000000002 5.5000000000000009 0.36935750000000006 1.5000000000000002 2.5000000000000004 1.5000000000000002 0.85938800000000015
decision_type=2 2 2 2 2 2 2 2 2 2 2 2 2 2 2
left_child=1 -1 -3 4 5 8 7 -7 10 13 11 -2 -12 -10 -15
right_child=3 2 -4 -5 -6 6 -8 -9 9 -11 12 -13 -14 14 -16
leaf_value=7.4156639564215349e-05 -0.01146768824899016 0.0055747165546252879 -0.01008693002758969 0.01663383552170827 -0.010737813141130882 -0.0018784419848262195 0.028281231376153609 0.021630687657732579 0.0072021287629914282 0.01718108152522984 -0.022219058578072427 0.011562009251984088 -0.0025494651637028034 -0.022168369104076314 -0.00020272340293612764
leaf_weight=1627.6101089901058 13.34919912368059 17.10991530213505 64.687926135025918 12.692072264850138 31.767575100064278 32.049946881830692 13.206330653280018 8.3827710039913637 47.355413734912872 22.496729644015431 17.779230074957013 22.832892492413521 22.038064217194915 15.33126671053469 89.997132823802531
leaf_count=11388 83 143 414 77 175 251 78 184 254 139 93 163 192 95 545
internal_value=0 -0.000257751 -0.00678317 0.00121342 0.000584391 0.00179562 0.00993147 0.00340005 2.57307e-05 0.0021085 -0.00474014 0.00298542 -0.0116615 -0.00020967 -0.00357839
internal_weight=0 1709.41 81.7978 349.279 336.587 304.819 53.639 40.4327 251.18 175.181 75.9994 36.1821 39.8173 152.684 105.328
internal_count=14274 11945 557 2329 2252 2077 513 435 1564 1033 531 246 285 894 640
is_linear=0
shrinkage=0.03


Tree=407
num_leaves=16
num_cat=0
split_feature=2 1 0 5 5 1 1 2 0 10 0 13 13 13 10
split_gain=0.689051 1.30161 1.49805 4.70803 7.53024 6.1179 9.40275 2.10852 1.63873 7.4341 5.05086 5.41418 5.65836 5.57828 4.76322
threshold=0.0066115000000000002 0.81198350000000008 0.75720300000000007 2.5000000000000004 3.5000000000000004 0.6510355000000001 0.75720150000000019 0.17813500000000002 0.70498900000000009 3.2055285000000002 0.71770300000000009 0.50558250000000016 0.71835400000000005 0.20811650000000004 11.993442000000002
decision_type=2 2 2 2 2 2 2 2 2 2 2 2 2 2 2
left_child=-1 2 8 5 -5 -4 7 -7 -2 10 -10 13 -13 -12 -11
right_child=1 -3 3 4 -6 6 -8 -9 9 14 11 12 -14 -15 -16
leaf_value=0.0054517034758877689 -0.00015339031145004858 0.0083769288348950789 -0.024320069216404089 0.016251246595708587 -0.0087823264950841941 -0.0017676808848317565 -0.020734685471771003 0.011920622120449909 0.010138143799128524 0.030294569847792094 0.0013140669756045785 0.016183945864987521 -0.0082484181172250808 -0.023494311655051288 0.00226853864859732
leaf_weight=19.603057896718383 1794.9404893924948 15.317046431824563 15.219316363334654 21.946526952087879 19.568830355070531 20.323100844398141 17.933801783248782 18.75578723475337 28.210704888217151 12.467556917108597 13.697997441515325 15.751387462019919 16.483230134472251 18.805682173930109 9.4685604088008386
leaf_count=115 12728 95 85 132 116 106 92 104 151 96 81 78 87 110 98
internal_value=0 -6.22513e-05 -0.000130236 -0.00345947 0.00452231 -0.00804611 -0.0033575 0.00493549 6.97565e-05 0.00352739 -0.000244493 -0.00485428 0.00381814 -0.0133122 0.0188237
internal_weight=0 2038.89 2023.57 113.747 41.5154 72.232 57.0127 39.0789 1909.83 114.885 92.949 64.7383 32.2346 32.5037 21.9361
internal_count=14274 14159 14064 635 248 387 302 210 13429 701 507 356 165 191 194
is_linear=0
shrinkage=0.03


Tree=408
num_leaves=16
num_cat=0
split_feature=13 13 1 0 1 11 12 7 1 5 0 5 0 2 13
split_gain=0.664831 3.88206 3.61164 3.5813 4.86413 4.63324 6.66175 4.29107 2.63411 6.44532 4.36316 4.55651 4.198 3.73161 3.56651
threshold=0.83538150000000011 0.79784100000000013 0.17991000000000004 0.79622000000000015 0.59949150000000018 0.17830350000000003 2.9948295000000003 0.70833350000000006 0.23846350000000002 5.5000000000000009 0.39208300000000007 1.5000000000000002 0.38742850000000006 0.5291490000000002 0.86725850000000004
decision_type=2 2 2 2 2 2 2 2 2 2 2 2 2 2 2
left_child=1 -1 -3 4 5 8 7 -7 10 12 11 -2 -10 14 -14
right_child=3 2 -4 -5 -6 6 -8 -9 9 -11 -12 -13 13 -15 -16
leaf_value=7.1617387636417176e-05 -0.011413419797767312 0.0054122028974318333 -0.0098130572045029112 0.0162513976128087 -0.010423539274668466 -0.0018215885494759455 0.027249111038347189 0.021312846029650358 0.015041272475589033 0.016654804669751243 -0.011989032586976473 0.0094298293125830417 -0.013797221740874036 0.011465749981573752 -0.0010468662106957204
leaf_weight=1627.3755821131635 13.466520786285399 17.13910401891917 64.547741731628776 12.646049641072748 31.722961251623929 32.014195628464222 13.330774903297423 8.2673219945281726 13.708334840834139 22.549989433959126 36.235270177014172 26.258675459772348 23.702375613152981 15.833596351556478 99.358518538065255
leaf_count=11388 84 143 414 77 175 251 78 184 87 139 257 190 138 93 576
internal_value=0 -0.000250535 -0.00659175 0.00118439 0.000571584 0.00174656 0.00966588 0.00332775 2.417e-05 0.00204695 -0.00460604 0.00225738 -0.000206013 -0.00180762 -0.00359409
internal_weight=0 1709.06 81.6868 349.095 336.449 304.726 53.6123 40.2815 251.113 175.153 75.9605 39.7252 152.603 138.894 123.061
internal_count=14274 11945 557 2329 2252 2077 513 435 1564 1033 531 274 894 807 714
is_linear=0
shrinkage=0.03


Tree=409
num_leaves=16
num_cat=0
split_feature=1 2 1 1 13 0 2 2 0 1 0 0 6 0 2
split_gain=0.67233 2.7102 2.04117 1.17397 3.98336 2.29558 1.69071 1.33194 4.24513 10.8886 3.95358 3.74181 3.9297 2.37665 2.10184
threshold=0.012388500000000002 0.57376700000000003 0.040732500000000012 0.075568500000000011 0.26568700000000006 0.18019000000000004 0.61446550000000011 0.66216550000000007 0.5815665000000001 0.21786650000000005 0.52731850000000013 0.48198500000000005 2.5000000000000004 0.63069450000000005 0.60536450000000008
decision_type=2 2 2 2 2 2 2 2 2 2 2 2 2 2 2
left_child=1 -1 -2 4 -4 -5 -6 14 9 10 11 12 -9 -10 -7
right_child=2 -3 3 5 6 7 -8 8 13 -11 -12 -13 -14 -15 -16
leaf_value=-0.017194767316113892 0.0096646800426767668 0.0045399541048484499 0.0093652766805126016 0.012674765188754541 -0.0048053957182608098 -7.0435611727344199e-06 -0.01975329320273091 0.018494312783547535 -0.016187427198468048 0.033366541513084727 0.01134525069679521 -0.012735159906251967 -0.0066759400886048257 0.0021592273138745098 -0.0053356482190250786
leaf_weight=8.4684965722262877 18.673486762680113 10.651484093628822 11.490464361733755 11.896923671476541 18.167614354053516 1800.1528531694785 10.846272313501684 9.3895142115652561 12.201664242893459 10.775030277669428 24.070870192721486 19.893213720992208 11.250264086760581 11.851293394342063 68.18200201028958
leaf_count=83 168 127 129 91 156 12167 112 54 92 77 165 141 126 89 497
internal_value=0 -0.0054628 4.81967e-05 -4.54313e-05 -0.00503885 5.92275e-05 -0.0108653 -2.34439e-05 0.00334218 0.00682929 0.00196211 -0.00374915 0.00510009 -0.00742236 -0.000204253
internal_weight=0 19.12 2038.84 2020.17 40.5044 1979.66 29.0139 1967.77 99.4319 75.3789 64.6039 40.533 20.6398 24.053 1868.33
internal_count=14274 210 14064 13896 397 13499 268 13408 744 563 486 321 180 181 12664
is_linear=0
shrinkage=0.03


Tree=410
num_leaves=16
num_cat=0
split_feature=0 0 13 13 13 0 2 2 2 10 3 6 5 13 13
split_gain=0.676977 1.44066 1.95645 1.40529 3.46278 4.54273 3.46547 6.91574 3.34654 3.30419 3.18024 5.43281 3.02816 4.14526 4.47132
threshold=0.16396650000000004 0.22206000000000004 0.41001850000000001 0.86725850000000004 0.87809400000000004 0.32933250000000008 0.20932550000000003 0.18352850000000001 0.054539500000000012 0.033602500000000007 0.62500000000000011 2.5000000000000004 6.5000000000000009 0.84730250000000018 0.83978700000000017
decision_type=2 2 2 2 2 2 2 2 2 2 2 2 2 2 2
left_child=-1 2 -2 12 -5 -6 7 8 -7 -10 11 -8 13 14 -3
right_child=1 3 -4 4 5 6 10 -9 9 -11 -12 -13 -14 -15 -16
leaf_value=-0.0060657683805138158 0.012959614156109767 -0.00047500659105741063 -0.00016030602018558544 0.012251246604081969 0.014359756387667455 -0.011033037227705269 0.02192592799399266 0.022740647562825369 -0.0045035654111340636 0.011212647785705323 -0.0049264471409264437 -0.0051220439530654692 0.01027932736341796 -0.010448875915453348 0.014820581639411924
leaf_weight=15.455544202588497 17.163049987517297 1650.605463761487 23.363512083888054 25.384533352218568 19.489014845341444 16.161087691783905 10.620574520900847 14.448781820014117 20.616232458502054 26.569044575095177 127.70304984971881 15.040127180982379 22.619276637211442 36.14664950221777 16.382166577503085
leaf_count=114 125 11494 162 164 143 91 62 94 115 170 874 132 188 243 103
internal_value=0 4.35637e-05 0.00557428 -7.11341e-05 0.00191239 0.000820791 -0.000377616 0.00474329 0.000348628 0.00439495 -0.00298914 0.00647521 -0.00038932 -0.000536959 -0.000315895
internal_weight=0 2042.31 40.5266 2001.79 276.032 250.648 231.159 77.7951 63.3464 47.1853 153.364 25.6607 1725.75 1703.13 1666.99
internal_count=14274 14160 287 13873 1845 1681 1538 470 376 285 1068 194 12028 11840 11597
is_linear=0
shrinkage=0.03


Tree=411
num_leaves=16
num_cat=0
split_feature=2 2 12 0 2 14 0 13 4 13 0 4 0 4 13
split_gain=0.679434 4.38244 4.63087 3.90968 5.53942 9.7421 10.9429 12.4582 5.59643 7.11645 4.24003 8.22888 8.98454 10.0468 6.78028
threshold=0.33724900000000008 0.33219800000000005 37.479372000000005 0.7146475000000001 0.39948850000000008 0.87500000000000011 0.38536150000000008 0.69913750000000008 0.89583350000000006 0.79784100000000013 0.57208700000000012 0.57291650000000016 0.6736025000000001 0.82291650000000016 0.12237650000000001
decision_type=2 2 2 2 2 2 2 2 2 2 2 2 2 2 2
left_child=1 2 -1 4 5 -2 7 -7 -8 -10 14 -12 13 -13 -6
right_child=3 -3 -4 -5 10 6 8 -9 9 -11 11 12 -14 -15 -16
leaf_value=-0.00046487728787527959 -0.011335212275774286 -0.016096526905024187 0.017009866877506864 -0.0085682224533958334 -0.010226402455166105 -0.025918692741340996 0.0037237166023438742 0.013803163491130485 0.021830731036222909 0.0018158289498391884 0.017518221882489308 -0.025764488921924185 0.0078673359745038193 -0.0052484581731041839 0.0024359369938412503
leaf_weight=1155.8706464241259 25.242081930395216 14.939805291593073 12.811628423631189 38.712851940654218 40.816085080616176 15.227362720295789 47.821164625696838 11.790260246489195 61.339162442833185 21.762231701053679 13.763976277783511 25.728261181153357 33.836643472313881 113.8276574742049 423.96476846351288
leaf_count=7450 233 112 67 249 387 140 335 82 391 142 115 212 223 757 3379
internal_value=0 -0.000472256 -0.000258933 0.000630092 0.00106623 0.00566033 0.00843079 -0.00871045 0.0120073 0.0166732 -0.000231322 -0.00403174 -0.00583303 -0.00918715 0.00130439
internal_weight=0 1183.62 1168.68 873.833 835.12 183.182 157.94 27.0176 130.923 83.1014 651.937 187.157 173.393 139.556 464.781
internal_count=14274 7629 7517 6645 6396 1323 1090 222 868 533 5073 1307 1192 969 3766
is_linear=0
shrinkage=0.03


Tree=412
num_leaves=16
num_cat=0
split_feature=3 1 0 2 1 1 13 0 5 13 13 6 4 13 4
split_gain=0.66209 1.98748 5.32619 2.18156 4.36615 4.50573 4.07306 2.86004 3.92356 6.78923 8.15212 4.30419 2.00021 1.94517 5.34702
threshold=0.37500000000000006 0.69749300000000014 0.71770300000000009 0.036242000000000003 0.59527150000000006 0.49763200000000007 0.23985550000000003 0.65605500000000017 5.5000000000000009 0.60540700000000014 0.52878700000000012 3.5000000000000004 0.71875000000000011 0.29994700000000002 0.64583350000000006
decision_type=2 2 2 2 2 2 2 2 2 2 2 2 2 2 2
left_child=1 2 3 -1 5 7 -7 8 9 10 11 13 -13 -5 -15
right_child=-2 -3 -4 4 -6 6 -8 -9 -10 -11 -12 12 -14 14 -16
leaf_value=-0.015669825498061112 0.00018181313878831598 0.011555765870922937 -0.024902851058206051 -0.0030533104538984319 0.020031954174503826 -6.761192446607429e-05 -0.026133157522068694 0.016918857628567291 0.01435150412470455 -0.021609311771335096 0.02641742141994775 -0.031020726462431043 -0.00013119566466509921 0.013175451209895196 -0.011705279969022094
leaf_weight=7.924210123717784 1838.0000402876176 8.9549440704286081 7.8881847099401048 80.225100993178785 7.9040935188531867 9.8898241063579935 10.886491364799438 7.7439005356281987 13.20357724605128 13.551356049953027 8.7366565233096463 5.4283864712342602 2.6824727042112499 23.562220707535744 10.471677884459494
leaf_count=58 12064 60 86 746 61 84 99 69 153 151 88 192 66 184 113
internal_value=0 -0.00155943 -0.00217053 -0.00116556 -0.00049677 -0.00146961 -0.0142985 0.000216016 -0.000704686 -0.00216803 -1.01834e-05 -0.00209583 -0.0219404 -0.000508995 0.00540446
internal_weight=0 219.053 210.098 202.21 194.286 186.382 20.7763 165.605 157.861 144.658 131.107 122.37 8.11086 114.259 34.0339
internal_count=14274 2210 2150 2064 2006 1945 183 1762 1693 1540 1389 1301 258 1043 297
is_linear=0
shrinkage=0.03


Tree=413
num_leaves=16
num_cat=0
split_feature=1 1 2 6 1 1 3 1 5 0 4 1 0 1 13
split_gain=0.661498 4.23902 7.32416 5.33727 3.39246 3.37055 11.6984 10.5179 7.58615 8.8118 10.5509 7.48458 6.93019 5.05784 4.90953
threshold=0.41952850000000003 0.43687500000000007 0.11699500000000002 2.5000000000000004 0.44178150000000005 0.36531700000000006 0.87500000000000011 0.36024100000000009 4.5000000000000009 0.50091800000000009 0.64583350000000006 0.35629100000000008 0.6255480000000001 0.39474600000000004 0.14934800000000001
decision_type=2 2 2 2 2 2 2 2 2 2 2 2 2 2 2
left_child=5 2 -2 -4 -3 7 8 11 9 10 -7 -1 14 -8 -11
right_child=1 4 3 -5 -6 6 13 -9 -10 12 -12 -13 -14 -15 -16
leaf_value=0.00011450063678389453 -0.011224918903878953 -0.012652948979257663 0.018243614250445291 -0.0013909019480229379 0.00031303191187059451 -0.012227204532621189 -0.0072530852289375575 0.01893879820831736 0.017721873776955915 0.0049863507985814983 0.017918522962252156 -0.019246985371449192 0.0084621878208174153 -0.025340644892769725 -0.016347097853249119
leaf_weight=1021.8949696513591 14.120683772489427 17.645242564380169 39.953823802992702 17.715682541951537 698.71354317758232 14.597764080390332 33.056216528639197 25.428350323811173 19.086370893754065 11.368956247344611 31.344126097857952 17.290813375264406 17.322472080588341 24.601054411381483 52.568450352177024
leaf_count=7918 82 114 217 146 4186 97 199 167 138 85 196 111 118 151 349
internal_value=0 0.000677313 0.007575 0.0122911 -2.35372e-05 -0.000428742 -0.00395185 0.000249246 0.000582841 -0.00210701 0.00828347 -0.000225845 -0.00801076 -0.0152711 -0.0125353
internal_weight=0 788.149 71.7902 57.6695 716.359 1268.56 203.945 1064.61 146.288 127.202 45.9419 1039.19 81.2599 57.6573 63.9374
internal_count=14274 4745 445 363 4300 9529 1333 8196 983 845 293 8029 552 350 434
is_linear=0
shrinkage=0.03


Tree=414
num_leaves=16
num_cat=0
split_feature=2 1 0 13 4 2 13 0 10 0 13 13 13 10 0
split_gain=0.668912 1.20003 1.40879 4.5058 8.72055 5.01136 5.34861 1.63937 7.05502 4.63794 5.17255 5.33124 5.25907 4.59123 3.26226
threshold=0.0066115000000000002 0.81198350000000008 0.75720300000000007 0.20811650000000004 0.85416650000000016 0.16672450000000003 0.63605300000000009 0.70498900000000009 3.2055285000000002 0.71770300000000009 0.50558250000000016 0.20811650000000004 0.71835400000000005 11.993442000000002 0.66266250000000015
decision_type=2 2 2 2 2 2 2 2 2 2 2 2 2 2 2
left_child=-1 2 7 -4 -5 -6 -7 14 9 -9 11 -11 -12 -10 -2
right_child=1 -3 3 4 5 6 -8 8 13 10 12 -13 -14 -15 -16
leaf_value=0.0053745247197037093 0.00021164270484900434 0.0080560841211883127 0.0074038255021986032 -0.024112620326640615 0.009393545690927178 0.0041523131288605727 -0.01632996361403178 0.0097933064932569005 0.029819031049743854 0.0014207553040694279 0.015791094348770848 -0.02288192023498891 -0.0077784788158751133 0.0022339787009244484 -0.004630916546979837
leaf_weight=19.594673244282603 1659.0000488423975 15.267983434721826 26.054475211538374 18.865378217305988 23.734236134216189 19.927153196185827 25.029957842081785 28.252441155724227 12.349331003613772 13.658299036324022 15.771493420004843 18.654661177657545 16.427768007852137 9.4467566255480033 134.41660893522203
leaf_count=115 11904 95 149 103 133 110 140 151 96 81 78 110 87 98 824
internal_value=0 -5.93768e-05 -0.000124621 -0.00335508 -0.00660409 -0.00151855 -0.00735843 6.93943e-05 0.00353276 -0.000140284 -0.00457368 -0.0128752 0.00389402 0.0184857 -0.000153686
internal_weight=0 2036.86 2021.59 113.611 87.5567 68.6913 44.9571 1907.98 114.561 92.7647 64.5122 32.313 32.1993 21.7961 1793.42
internal_count=14274 14159 14064 635 486 383 250 13429 701 507 356 191 165 194 12728
is_linear=0
shrinkage=0.03


Tree=415
num_leaves=16
num_cat=0
split_feature=0 0 5 13 13 13 13 4 3 2 0 2 2 10 5
split_gain=0.645813 1.36919 1.94719 4.82703 1.36447 3.26228 4.18677 4.97651 5.62942 11.3325 12.7084 5.63943 10.4772 5.25201 2.76413
threshold=0.16396650000000004 0.22206000000000004 2.5000000000000004 0.39454700000000004 0.86725850000000004 0.89326150000000004 0.89906550000000018 0.89583350000000006 0.87500000000000011 0.45293600000000006 0.57671850000000013 0.51801750000000013 0.22332500000000002 0.3981225000000001 6.5000000000000009
decision_type=2 2 2 2 2 2 2 2 2 2 2 2 2 2 2
left_child=-1 2 3 -2 14 -6 -7 -8 9 10 -9 12 13 -10 -3
right_child=1 4 -4 -5 5 6 7 8 11 -11 -12 -13 -14 -15 -16
leaf_value=-0.0059288730456655992 0.01283934107903883 -0.0005238793043007763 0.014594526988298851 -0.011387013265946034 0.0082607696781660227 -0.013591789584314765 -0.012876034189952305 0.030569514535211759 -0.0030151412182482058 -0.0074673477967725577 -0.0018049698164273236 0.012630340353479907 -0.01375351329621931 0.016970868942623021 0.0097924105949218562
leaf_weight=15.428562290035186 13.858652824535968 1701.6958105816739 12.900995919480918 13.753734001889823 56.302739099599421 17.13448061235249 18.738126027397811 27.734261123463511 25.834700893610716 22.318131765350699 17.422986732795835 21.114971399307251 48.735288765281439 20.451395368203521 22.701916276477277
leaf_count=114 96 11840 99 92 380 110 127 191 136 168 107 155 330 141 188
internal_value=0 4.30614e-05 0.00543566 0.000795961 -6.88264e-05 0.00188655 0.000221372 0.00145212 0.00297618 0.00979936 0.01831 -0.00103791 -0.00417508 0.00598777 -0.000382467
internal_weight=0 2040.7 40.5134 27.6124 2000.18 275.787 219.484 202.35 183.612 67.4754 45.1572 116.136 95.0214 46.2861 1724.4
internal_count=14274 14160 287 188 13873 1845 1465 1355 1228 466 298 762 607 277 12028
is_linear=0
shrinkage=0.03


Tree=416
num_leaves=16
num_cat=0
split_feature=1 1 0 13 3 13 13 1 1 1 0 0 4 13 13
split_gain=0.653958 3.95593 7.10313 5.80186 3.30432 4.9885 11.1262 8.12492 9.76438 8.49762 7.17298 16.642 10.8407 8.16389 6.65858
threshold=0.41952850000000003 0.43687500000000007 0.55444850000000012 0.50915250000000012 0.62500000000000011 0.56838150000000021 0.61212350000000015 0.6302215000000001 0.45387450000000001 0.71137950000000016 0.61161100000000002 0.64162550000000007 0.89583350000000006 0.41001850000000001 0.24647600000000003
decision_type=2 2 2 2 2 2 2 2 2 2 2 2 2 2 2
left_child=-1 2 -2 -4 -3 10 -7 8 -8 -9 13 -12 -13 14 -6
right_child=1 4 3 -5 5 6 7 9 -10 -11 11 12 -14 -15 -16
leaf_value=-0.00042556730436488243 -0.0023853661466056711 0.0025494041506771681 0.0036145508144278262 0.027354206385431654 -0.019867716065185358 0.019098479685210383 0.013387992523792053 0.017072452532070733 -0.0074587461286476772 -0.00509013534008381 0.022709463609602985 -0.02203981865824399 -0.00050562188493220275 -0.029567778752471699 0.0055689343737630181
leaf_weight=1268.2190140336752 34.801528392359614 278.04213205166161 17.791835615411401 19.159409146755934 15.381806993857024 26.540384493768215 22.581193074584007 36.977108985185623 143.30033726245165 25.764018198475242 20.43884401768446 27.668194107711315 79.254583360627294 19.293892050161958 20.558614967390895
leaf_count=9529 215 1820 111 119 87 150 135 201 828 142 118 142 445 113 119
internal_value=0 0.000674479 0.0073395 0.0163201 -2.93763e-06 -0.00162617 0.00108335 -0.00108206 -0.00455769 0.00803453 -0.00539779 -0.00144557 -0.00623057 -0.0143232 -0.00556059
internal_weight=0 787.554 71.7528 36.9512 715.801 437.759 255.163 228.623 165.882 62.7411 182.596 127.362 106.923 55.2343 35.9404
internal_count=14274 4745 445 230 4300 2480 1456 1306 963 343 1024 705 587 319 206
is_linear=0
shrinkage=0.03


Tree=417
num_leaves=16
num_cat=0
split_feature=3 1 1 13 13 2 13 1 1 1 1 13 2 0 13
split_gain=0.653393 1.96301 2.82333 3.09256 3.27647 5.06043 2.53184 2.28148 2.48201 2.49987 3.84867 3.28974 4.4438 5.22132 4.07791
threshold=0.37500000000000006 0.11690300000000002 0.23177500000000004 0.037958500000000006 0.29994700000000002 0.51513100000000012 0.42958300000000005 0.69749300000000014 0.61692600000000009 0.55689150000000009 0.51049250000000013 0.078998500000000013 0.54807600000000012 0.57516300000000009 0.38991850000000006
decision_type=2 2 2 2 2 2 2 2 2 2 2 2 2 2 2
left_child=1 -1 3 -3 5 -5 -6 8 9 10 11 -4 13 -13 -15
right_child=-2 2 7 4 6 -7 -8 -9 -10 -11 -12 12 -14 14 -16
leaf_value=-0.01407296297605188 0.00018123310449973272 0.02193485715864266 -0.01249280755422145 0.0076367945761739364 0.021906613163246526 -0.020870313001952689 8.1469814090694449e-05 0.01119649264018352 -0.016794320085376881 0.010273760375537479 -0.019391367117003434 -0.0024281709271552422 -0.019485810847621039 0.021229652516038287 -0.0027930937479916512
leaf_weight=9.7206000419100729 1836.7603920167312 7.5185819622129193 21.10503997001797 10.927490324713292 8.497423402033748 9.7301238803192955 9.6535064056515676 8.956583187915383 10.957721246406434 11.603910424746571 11.771147914230822 62.990686552599072 8.2624473022297007 17.645932593382899 9.3305742377415282
leaf_count=228 12064 69 195 139 69 90 106 60 84 107 106 628 86 160 83
internal_value=0 -0.00154994 -0.000903099 0.00555548 0.00191092 -0.00613425 0.0109094 -0.00276568 -0.0036466 -0.00252724 -0.00372942 -0.00203622 0.000313674 0.00232625 0.0131179
internal_weight=0 218.672 208.951 46.3271 38.8085 20.6576 18.1509 162.624 153.667 142.71 131.106 119.335 98.2296 89.9672 26.9765
internal_count=14274 2210 1982 473 404 229 175 1509 1449 1365 1258 1152 957 871 243
is_linear=0
shrinkage=0.03


Tree=418
num_leaves=16
num_cat=0
split_feature=13 13 1 1 1 1 2 2 13 13 4 5 13 13 2
split_gain=0.653703 3.01593 6.98897 9.10816 15.44 12.9777 3.5626 4.40924 6.09454 8.94902 4.77456 7.61152 4.21929 3.95748 3.67965
threshold=0.37821950000000004 0.33206050000000004 0.52876800000000013 0.45582000000000006 0.38479050000000004 0.31319200000000008 0.71041900000000013 0.54006950000000009 0.28468550000000009 0.23341650000000003 0.60416650000000016 1.5000000000000002 0.32030450000000005 0.22897150000000002 0.061293500000000008
decision_type=2 2 2 2 2 2 2 2 2 2 2 2 2 2 2
left_child=1 6 3 4 5 -3 7 12 9 10 -9 -12 14 -8 -1
right_child=-2 2 -4 -5 -6 -7 13 8 -10 -11 11 -13 -14 -15 -16
leaf_value=0.0067054292582734683 -0.00040765299965687919 0.0024093125249661004 -0.011911033914598622 0.030836669748344505 -0.022887585938467084 0.033072266425056618 -0.0010165753461095894 -0.0051133014130191516 0.024779731254694237 -0.020578268817780378 0.034369600845877035 0.0040051621061906713 -0.013665503363753615 -0.027217107372983048 -0.00096144818509851751
leaf_weight=63.046072746627033 1309.0674068443477 44.055981708224863 16.664346115663648 13.211997449398039 13.95165905356407 16.399573684670031 12.404495275579395 14.934319590218363 13.429557845927773 10.774249549023805 10.800607652403416 20.906690150499344 20.271440801210701 8.0208456371910852 467.20546006551012
leaf_count=387 8867 344 99 83 92 116 122 143 93 92 78 180 140 80 3358
internal_value=0 0.000704372 0.00541053 0.00880216 0.00453259 0.01113 -6.75487e-05 0.000346624 0.00733675 0.00290249 0.00864465 0.0150829 -0.000564589 -0.0120954 -3.89625e-05
internal_weight=0 746.077 104.284 87.6192 74.4072 60.4556 641.794 621.368 70.8454 57.4159 46.6416 31.7073 550.523 20.4253 530.252
internal_count=14274 5407 734 635 552 460 4673 4471 586 493 401 258 3885 202 3745
is_linear=0
shrinkage=0.03


Tree=419
num_leaves=16
num_cat=0
split_feature=2 2 12 3 0 2 1 2 0 0 0 1 1 4 13
split_gain=0.648356 4.15922 4.35181 3.63836 5.27257 5.76449 4.78455 6.26704 6.79912 4.73628 7.092 4.67587 5.9121 12.8037 5.85343
threshold=0.33724900000000008 0.33219800000000005 37.479372000000005 0.87500000000000011 0.7146475000000001 0.36621450000000005 0.1141515 0.56029800000000007 0.31239800000000001 0.39532050000000002 0.44613450000000004 0.12526650000000003 0.14581350000000001 0.85416650000000016 0.36032850000000005
decision_type=2 2 2 2 2 2 2 2 2 2 2 2 2 2 2
left_child=1 2 -1 4 5 -2 7 8 -7 -9 -11 14 13 -13 -8
right_child=3 -3 -4 -5 -6 6 11 9 -10 10 -12 12 -14 -15 -16
leaf_value=-0.00045352368560346501 0.0085092323594719889 -0.015728016939827932 0.016482310287519918 0.0035092969687815076 -0.014031394623863002 -0.005730256679071598 -0.0029854858392927646 0.0091337622734806636 -0.037728547706195499 -0.027563950716942408 0.0028197164622593422 0.0084625319521976147 0.00017463776778879543 -0.036183088310422371 0.028188048119628648
leaf_weight=1154.355441643158 61.601695187506266 14.845273757353423 12.818799639120696 269.29157300107181 24.490288569591939 13.598129071760924 9.872712039388718 19.667003912385553 10.30288196634501 10.766870186198505 16.3663525050506 10.261945738457145 404.60363922920078 11.382507316768168 10.570803568698464
leaf_count=7450 472 112 67 1801 167 133 85 212 134 127 189 94 3052 94 85
internal_value=0 -0.000461049 -0.000253571 0.000616476 -0.00067805 -9.00125e-05 -0.00112829 -0.00832201 -0.0204848 -0.00181183 -0.00978819 2.63551e-05 -0.000659802 -0.015577 0.0136964
internal_weight=0 1182.02 1167.17 872.776 603.485 578.995 517.393 70.7012 23.901 46.8002 27.1332 446.692 426.248 21.6445 20.4435
internal_count=14274 7629 7517 6645 4844 4677 4205 795 267 528 316 3410 3240 188 170
is_linear=0
shrinkage=0.03


Tree=420
num_leaves=16
num_cat=0
split_feature=1 0 1 5 13 0 10 10 2 13 8 10 1 1 2
split_gain=0.65898 7.8153 5.23757 4.07181 6.40118 7.63654 4.55134 7.37113 3.81568 4.99292 4.84662 3.6302 3.40572 3.16239 3.40499
threshold=0.20424150000000005 0.30093550000000008 0.19691750000000002 4.5000000000000009 0.83978700000000017 0.39385750000000003 0.30310950000000009 0.62504050000000011 0.68085700000000016 0.56484250000000014 1.0000000180025095e-35 0.47411350000000002 0.13272650000000003 0.21023900000000004 0.66831600000000013
decision_type=2 2 2 2 2 2 2 2 2 2 2 2 2 2 2
left_child=2 -2 3 6 5 -5 -1 -8 10 -10 12 -4 -9 -3 -15
right_child=1 13 11 4 -6 -7 7 8 9 -11 -12 -13 -14 14 -16
leaf_value=-0.002151026395174479 -0.019808129540218912 -0.012231968315819594 0.021436270018814579 -0.017177564191301127 -0.025199498463217548 0.01359263848616896 0.018681189183362 0.002849516396476424 -0.02029947369960514 0.0049322273938313494 0.0071850144970615187 0.0008752188903885876 -0.019911743348892934 -0.00010061337580683699 0.010306374791158316
leaf_weight=182.14832869020756 17.235318569466472 17.977071925066411 17.351279541850094 12.233243071939798 13.119136901572345 15.079634425230322 27.178032897878438 11.926278664730491 13.549168475437911 13.096044843085108 94.476831248961389 13.503307397942988 10.331972293090073 1567.4722664479632 27.814791798591614
leaf_count=1609 150 150 124 145 111 164 167 154 107 102 651 103 109 10235 193
internal_value=0 -0.000278374 0.00104791 9.96554e-05 -0.00879864 -0.000309055 0.00114169 0.0046502 0.00187963 -0.00816834 0.00422301 0.0127478 -0.00811779 -5.75867e-05 8.71815e-05
internal_weight=0 1630.5 423.993 393.139 40.432 27.3129 352.707 170.558 143.38 26.6452 116.735 30.8546 22.2583 1613.26 1595.29
internal_count=14274 10728 3546 3319 420 309 2899 1290 1123 209 914 227 263 10578 10428
is_linear=0
shrinkage=0.03


Tree=421
num_leaves=16
num_cat=0
split_feature=1 1 2 6 1 5 2 0 0 0 13 13 13 2 13
split_gain=0.655978 3.733 6.76379 5.10501 3.21999 3.22518 8.09184 5.44779 8.35395 7.35292 5.58854 18.4158 8.06624 6.95323 5.0722
threshold=0.41952850000000003 0.43687500000000007 0.11699500000000002 2.5000000000000004 0.44178150000000005 1.0000000180025095e-35 0.072519000000000014 0.52731850000000013 0.51154050000000006 0.54928850000000018 0.65806450000000016 0.71835400000000005 0.75339400000000012 0.24895950000000003 0.56484250000000014
decision_type=2 2 2 2 2 2 2 2 2 2 2 2 2 2 2
left_child=-1 2 -2 -4 -3 6 -6 8 -7 -9 14 -12 -13 -14 -11
right_child=1 4 3 -5 5 7 -8 9 -10 10 11 12 13 -15 -16
leaf_value=-0.00042734455840627339 -0.010936796962184549 -0.012310496442638942 0.017510957201920186 -0.0016627840588801369 -0.021389209290467379 -0.0012580263781067588 -0.00033553078283140133 -0.015418802450377746 0.026867505691653002 0.0017601562253492038 -0.025315373641561837 0.018051182001411321 0.0027515543694480778 -0.011803075702174924 0.011333372243600473
leaf_weight=1266.7461714401143 14.087510840967296 17.57801528647542 39.908066207543015 17.761196499690413 19.587955502793193 19.744087172672153 81.513266623020172 24.140936424955726 17.175773173570633 291.11498231813312 27.287081776186824 20.507022924721241 95.940536739304662 41.516919223591685 59.234048794955015
leaf_count=9529 82 114 217 146 106 120 447 150 106 1824 157 117 560 261 338
internal_value=0 0.000674842 0.00714895 0.0116781 1.63418e-05 0.000344052 -0.00458414 0.00118538 0.0121899 0.000439089 0.00118125 -0.0030226 0.000963322 -0.00169795 0.00340636
internal_weight=0 787.097 71.7568 57.6693 715.341 697.763 101.101 596.661 36.9199 559.742 535.601 185.252 157.964 137.457 350.349
internal_count=14274 4745 445 363 4300 4186 553 3633 226 3407 3257 1095 938 821 2162
is_linear=0
shrinkage=0.03


Tree=422
num_leaves=16
num_cat=0
split_feature=2 0 2 13 2 13 11 0 0 1 0 1 0 0 2
split_gain=0.665134 1.42531 1.38884 3.15383 2.52904 1.2508 1.42487 1.74959 1.39834 1.26729 5.8931 4.53685 3.96913 4.2544 3.88671
threshold=0.010465500000000001 0.56716600000000017 0.020496500000000004 0.50558250000000016 0.026810500000000004 0.99106200000000011 5.2450720000000013 0.55100950000000004 0.63069450000000005 0.20424150000000005 0.30093550000000008 0.19691750000000002 0.55243100000000012 0.52731850000000013 0.096576000000000009
decision_type=2 2 2 2 2 2 2 2 2 2 2 2 2 2 2
left_child=1 -1 3 -2 -4 6 9 -8 -9 11 -11 12 13 14 -6
right_child=2 -3 4 -5 5 -7 7 8 -10 10 -12 -13 -14 -15 -16
leaf_value=-0.0020284314460057244 -0.016827109599923812 0.010806528203722403 0.010522293655552203 0.0027812794352379509 0.01501587101348684 0.0085414956109893889 -0.013865824905349227 0.013750017889589279 -0.0068044591256507031 -0.019910343113257456 -0.00027824443936708902 0.01254037420058394 -0.013719362339334866 0.016650337572271724 -0.00018389180404755241
leaf_weight=15.162209106609227 13.032516967505218 14.453017601743339 19.438397089019418 15.070163842290638 14.855033346451817 14.012366276234387 13.803342553321274 4.1903293728828412 6.0434449911117554 12.887690423987804 1515.0643769125454 29.562665877863765 15.835548029281197 14.327518782578407 335.67086969164666
leaf_count=97 80 79 116 93 100 98 256 77 125 114 9763 212 142 109 2813
internal_value=0 0.00438375 -7.14348e-05 -0.00657778 2.34339e-05 -8.51022e-05 -0.000151024 -0.00726203 0.00208659 -5.91358e-05 -0.000456748 0.00141925 0.000525039 0.00117909 0.000501147
internal_weight=0 29.6152 2023.79 28.1027 1995.69 1976.25 1962.24 24.0371 10.2338 1938.2 1527.95 410.252 380.689 364.853 350.526
internal_count=14274 176 14098 173 13925 13809 13711 458 202 13253 9877 3376 3164 3022 2913
is_linear=0
shrinkage=0.03


Tree=423
num_leaves=16
num_cat=0
split_feature=13 13 1 1 1 1 2 2 2 2 0 1 2 1 1
split_gain=0.643604 2.8465 6.59607 8.57125 14.6811 12.205 3.23424 4.28916 2.98715 10.0984 5.97677 5.97947 7.58327 3.79105 17.1714
threshold=0.37821950000000004 0.33206050000000004 0.52876800000000013 0.45582000000000006 0.38479050000000004 0.31319200000000008 0.71041900000000013 0.66216550000000007 0.061293500000000008 0.072519000000000014 0.42741600000000007 0.51627900000000015 0.036242000000000003 0.54917100000000008 0.61113550000000016
decision_type=2 2 2 2 2 2 2 2 2 2 2 2 2 2 2
left_child=1 6 3 4 5 -3 7 8 10 -10 -1 -12 -13 -11 -15
right_child=-2 2 -4 -5 -6 -7 -8 -9 9 13 11 12 -14 14 -16
leaf_value=-0.011193421702087172 -0.0004055946535381991 0.002363807856959083 -0.011570841303688422 0.029914911567126869 -0.022403508305295985 0.032075830904939817 -0.011537284667864411 0.014947404544828317 -0.026266825947593615 -0.0012757471813796214 0.025952910882719785 -0.0097348205272973845 0.017233359499082786 0.020624506514336543 -0.0061712018919846826
leaf_weight=13.473355980589984 1307.9312403274234 44.020354717969894 16.637208567932248 13.240230839699505 13.875178191810845 16.446041729301214 20.334557578666136 16.584541480988264 12.673351953737436 441.82828717853408 14.991341507062314 17.963853094726801 17.650168813765049 37.26204382814467 48.426208990626037
leaf_count=101 8867 344 99 83 92 116 202 125 73 3364 91 100 102 235 280
internal_value=0 0.000698296 0.00527165 0.00856558 0.00441668 0.0108354 -5.21103e-05 0.000342007 -8.28806e-05 -0.000812979 0.00598984 0.010693 0.00373615 -0.000152919 0.00558457
internal_weight=0 745.407 104.219 87.5818 74.3416 60.4664 641.188 620.853 604.269 540.19 64.0787 50.6054 35.614 527.517 85.6883
internal_count=14274 5407 734 635 552 460 4673 4471 4346 3952 394 293 202 3879 515
is_linear=0
shrinkage=0.03


Tree=424
num_leaves=16
num_cat=0
split_feature=2 1 1 1 0 3 0 1 4 13 13 13 2 2 5
split_gain=0.655941 1.12539 1.32197 1.46033 7.49115 1.10066 3.63657 1.99577 2.36351 3.62164 8.54567 3.88644 4.754 4.92226 3.9452
threshold=0.0066115000000000002 0.81198350000000008 0.75720150000000019 0.73166750000000003 0.81399200000000016 0.37500000000000006 0.71770300000000009 0.11690300000000002 0.96875000000000011 0.59781400000000018 0.52878700000000012 0.43822650000000002 0.15872750000000002 0.19187950000000001 2.5000000000000004
decision_type=2 2 2 2 2 2 2 2 2 2 2 2 2 2 2
left_child=-1 2 3 4 5 6 7 -2 9 10 11 12 -9 -14 -15
right_child=1 -3 -4 -5 -6 -7 -8 8 -10 -11 -12 -13 13 14 -16
leaf_value=0.0053319670235231469 -0.013754370444780112 0.0078117348088465504 -0.0064786399249981887 0.0080456688297136543 -0.021367749810498785 0.00029828543261014944 -0.018959107738797113 -0.010595793882262009 0.010522485088670885 -0.014509198205114275 0.026661867051607693 -0.018279879350405464 0.023013766563339175 -0.004458324235166105 0.0074397927877102085
leaf_weight=19.526789277791977 9.588473688811062 15.224591769278048 28.012947173789144 18.959211423993111 13.807624358683823 1746.5717509971 9.7927616797387582 30.719794664531946 15.408400322310625 16.083819845458493 9.1578713301569206 10.819755951873956 8.6823016814887506 57.944224260747433 42.667140028905123
leaf_count=115 228 95 150 102 77 11574 100 259 148 160 86 102 68 516 494
internal_value=0 -5.78369e-05 -0.000121041 -2.83465e-05 -0.000110042 5.07429e-05 -0.00199136 -0.00107525 -0.000372185 -0.00137962 2.2212e-05 -0.00176017 -0.000363002 0.00258318 0.000610975
internal_weight=0 2033.44 2018.22 1990.2 1971.24 1957.44 210.865 201.072 191.483 176.075 159.991 150.833 140.013 109.294 100.611
internal_count=14274 14159 14064 13914 13812 13735 2161 2061 1833 1685 1525 1439 1337 1078 1010
is_linear=0
shrinkage=0.03


Tree=425
num_leaves=16
num_cat=0
split_feature=13 13 0 1 11 11 7 1 0 2 13 13 4 0 0
split_gain=0.641302 3.59079 3.49147 4.66855 4.36449 6.44246 4.84252 3.36323 2.55818 2.92409 3.35892 17.2887 7.46653 7.47359 11.7793
threshold=0.83538150000000011 0.79784100000000013 0.79622000000000015 0.59949150000000018 0.17830350000000003 0.52466950000000012 0.70833350000000006 0.17991000000000004 0.86418150000000005 0.0066115000000000002 0.72263700000000008 0.70866600000000013 0.96875000000000011 0.55680350000000012 0.59125400000000006
decision_type=2 2 2 2 2 2 2 2 2 2 2 2 2 2 2
left_child=1 8 3 4 -2 -6 -7 -3 9 -1 11 -11 -12 -14 -15
right_child=2 7 -4 -5 5 6 -8 -9 -10 10 12 -13 13 14 -16
leaf_value=0.012260071766070357 4.0286193207766443e-05 0.0052326994791358911 0.016110723156125169 -0.010237835851112936 0.02188796920851763 -0.0056753297448187308 0.020346164448892423 -0.0094720236961714048 -0.012201628193475745 4.3614943749745256e-05 -0.0084917231125698784 -0.023970748600861812 0.00093662576067411534 0.034317153413496462 0.0055151309074038301
leaf_weight=16.838803941383958 250.3473677188158 17.11984864808619 12.528208438307045 31.553148499689996 21.121543457731605 24.763219607062638 7.581920849159359 64.280166737735271 14.155842838808892 1404.4535051874118 32.691173699684441 26.509724475443363 72.221639931201935 18.653944406658411 37.944003943353891
leaf_count=102 1564 143 77 175 131 212 170 414 79 9959 230 164 501 117 236
internal_value=0 -0.000243944 0.00116766 0.0005632 0.00171487 0.00941108 0.000851531 -0.00635339 6.61035e-05 0.000181523 4.61909e-05 -0.000417699 0.00413347 0.00737816 0.0154389
internal_weight=0 1704.87 347.895 335.367 303.814 53.4667 32.3451 81.4 1623.47 1609.31 1592.47 1430.96 161.511 128.82 56.5979
internal_count=14274 11945 2329 2252 2077 513 382 557 11388 11309 11207 10123 1084 854 353
is_linear=0
shrinkage=0.03


Tree=426
num_leaves=16
num_cat=0
split_feature=13 13 1 2 13 2 13 1 5 0 4 0 14 0 0
split_gain=0.640157 1.33341 4.74601 7.0609 3.56818 2.92022 1.86001 1.65723 4.77173 1.84738 2.90616 2.3242 4.14476 3.71769 4.20174
threshold=0.98640400000000017 0.95102850000000017 0.49248100000000006 0.31181400000000009 0.94102200000000014 0.50841300000000011 0.93263050000000003 0.023252500000000002 2.5000000000000004 0.22206000000000004 0.96875000000000011 0.35462050000000006 0.87500000000000011 0.35970200000000002 0.36439500000000008
decision_type=2 2 2 2 2 2 2 2 2 2 2 2 2 2 2
left_child=1 4 3 -3 6 -5 7 8 -1 10 -9 12 -11 -13 -15
right_child=-2 2 -4 5 -6 -7 -8 9 -10 11 -12 13 -14 14 -16
leaf_value=-0.019909294026856452 -0.0048815939824556048 -0.013866741100280302 0.015210949950598117 0.014561057819323141 -0.013501470043621285 -0.0023536716452092687 0.0098801855963216965 0.01372497214751474 0.0074845237267800631 -0.016137377790118673 -0.001209880190180647 0.015856954358059106 -0.0017201213883993173 -0.016172420254183837 0.00023081485759963245
leaf_weight=12.14535903115757 22.929961116984487 21.885695073753595 22.429758168756962 20.344603061676025 16.726169038563967 15.698311053216456 16.065796731039882 21.379776069894433 9.4043635285925102 19.426479335059412 24.322408728301525 12.571580498013644 150.76207784120925 13.174858012702314 1653.2426609396935
leaf_count=129 157 139 134 140 109 118 109 167 117 226 155 97 1231 103 11143
internal_value=0 5.39792e-05 0.0038169 -0.0007781 -0.000103028 0.00732927 1.98613e-05 -6.79094e-05 -0.00815279 2.82885e-05 0.00592102 -0.000120471 -0.00345046 0.000218922 9.1508e-05
internal_weight=0 2029.58 80.3584 57.9286 1949.22 36.0429 1932.5 1916.43 21.5497 1894.88 45.7022 1849.18 170.189 1678.99 1666.42
internal_count=14274 14117 531 397 13586 258 13477 13368 246 13122 322 12800 1457 11343 11246
is_linear=0
shrinkage=0.03


Tree=427
num_leaves=16
num_cat=0
split_feature=0 0 5 13 0 1 2 6 1 5 0 0 1 13 13
split_gain=0.624473 1.20399 1.86905 4.4892 1.30783 1.1634 3.26717 4.76388 1.68469 5.35364 5.52348 6.38882 3.79379 3.70767 1.49409
threshold=0.16396650000000004 0.22206000000000004 2.5000000000000004 0.39454700000000004 0.24105600000000002 0.057089000000000008 0.61446550000000011 2.5000000000000004 0.1141515 3.5000000000000004 0.31239800000000001 0.37421200000000004 0.092558500000000016 0.46980150000000004 0.0092175000000000017
decision_type=2 2 2 2 2 2 2 2 2 2 2 2 2 2 2
left_child=-1 2 3 -2 -3 6 -6 -8 9 10 -7 -12 -11 -13 -10
right_child=1 4 -4 -5 5 8 7 -9 14 12 11 13 -14 -15 -16
leaf_value=-0.0058386509417465262 0.012181776150259151 -0.0093363314015132981 0.014073982778574636 -0.011215720417602392 0.014606789526613845 0.015117371569979051 0.010976076079130813 -0.016123278094939165 -0.0090619577678658064 -0.0031096986804429729 -0.025345806443539506 -0.010034638973750428 -0.033550070341819178 0.0093606973566759573 0.0001525306907428298
leaf_weight=15.375686817336826 13.830880221910776 12.590681052999569 12.899107633158563 13.693042950704692 16.844357002293691 14.41911783418618 10.705965761095287 10.684518961003048 14.973294537514446 6.8431182741187495 10.184937965124844 14.949079217389224 7.5941838829312474 18.994568740017712 1857.6423818527255
leaf_count=114 96 115 99 92 166 128 66 185 104 95 107 135 89 151 12532
internal_value=0 4.3229e-05 0.00510559 0.000556494 -6.1777e-05 1.75943e-06 0.00511641 -0.00267556 -0.00010133 -0.00454146 -0.000390861 -0.00568091 -0.0202578 0.000776103 7.4055e-05
internal_weight=0 2036.85 40.423 27.5239 1996.43 1983.84 38.2348 21.3905 1945.6 72.985 58.5477 44.1286 14.4373 33.9436 1872.62
internal_count=14274 14160 287 188 13873 13758 417 251 13341 705 521 393 184 286 12636
is_linear=0
shrinkage=0.03


Tree=428
num_leaves=16
num_cat=0
split_feature=1 0 1 5 13 0 13 0 13 0 2 0 13 2 0
split_gain=0.630244 7.02242 4.62359 3.87531 6.14132 7.17558 4.36666 4.75234 8.29069 8.05107 7.434 6.86861 5.04192 4.4832 5.25644
threshold=0.20424150000000005 0.30093550000000008 0.19691750000000002 4.5000000000000009 0.83978700000000017 0.39385750000000003 0.63605300000000009 0.42166000000000003 0.22897150000000002 0.37421200000000004 0.57074950000000013 0.34342450000000008 0.5365080000000001 0.39666950000000006 0.26073950000000007
decision_type=2 2 2 2 2 2 2 2 2 2 2 2 2 2 2
left_child=2 -2 3 6 5 -5 7 9 -9 11 -11 13 -10 14 -1
right_child=1 -3 -4 4 -6 -7 -8 8 12 10 -12 -13 -14 -15 -16
leaf_value=0.0032536979181153813 -0.018946904945577932 -6.4682475253411049e-05 0.011971397093860053 -0.016741511096826492 -0.024735299551759279 0.013150725637953052 0.0054520824499851702 0.0053661066270569106 -0.021821915038106328 0.023125312057580689 -0.0038371348045131235 -0.019310412832664825 0.0006464988870247539 0.011701836282850375 -0.013441614000565453
leaf_weight=44.181430514086969 16.923687416128814 1612.0375692630187 31.10451377928257 12.105570726096632 12.984969687648116 15.114139948040245 131.42544858809561 26.382285439874977 31.672989102080464 24.040821716189384 14.152933853678404 17.314689231337979 12.322215557098387 23.939731128746644 26.27010180184152
leaf_count=335 150 10578 227 145 111 164 1003 228 276 177 132 176 98 243 231
internal_value=0 -0.000272358 0.001026 0.000129042 -0.0085771 -0.000265574 0.00114578 -0.00143655 -0.00780972 0.00158756 0.0132912 -0.00249651 -0.0156544 0.00075786 -0.00307268
internal_weight=0 1628.96 423.012 391.907 40.2047 27.2197 351.703 220.277 70.3775 149.9 38.1938 111.706 43.9952 94.3913 70.4515
internal_count=14274 10728 3546 3319 420 309 2899 1896 602 1294 309 985 374 809 566
is_linear=0
shrinkage=0.03


Tree=429
num_leaves=16
num_cat=0
split_feature=13 13 13 1 1 1 1 2 2 2 2 0 13 2 1
split_gain=0.621249 2.72472 2.69735 6.22972 8.07607 13.9761 11.402 2.93988 4.08867 2.84546 9.52932 5.67454 5.71492 5.9118 3.6647
threshold=0.37821950000000004 0.38991850000000006 0.33206050000000004 0.52876800000000013 0.45582000000000006 0.38479050000000004 0.31319200000000008 0.71041900000000013 0.66216550000000007 0.061293500000000008 0.072519000000000014 0.42741600000000007 0.13893150000000001 0.036242000000000003 0.54917100000000008
decision_type=2 2 2 2 2 2 2 2 2 2 2 2 2 2 2
left_child=2 -2 7 4 5 6 -4 8 9 11 -11 -1 -13 -14 -12
right_child=1 -3 3 -5 -6 -7 -8 -9 -10 10 14 12 13 -15 -16
leaf_value=-0.010936211301942214 -0.012723594484880018 -0.00024671114168211124 0.0023586437981639725 -0.011242383671646688 0.029051683222278191 -0.021925420467164638 0.031058354844865126 -0.011031322436174966 0.014586038503199962 -0.025589079066928436 -0.0012623560264348529 0.02156655538411021 -0.011451466155997195 0.014946743407295853 0.0054830276120109408
leaf_weight=13.414797319099305 14.947937037330119 1291.9199309276883 43.997345939744264 16.612347532063723 13.252398395910857 13.813894306309519 16.484469711780548 20.197828838368878 16.593312586657703 12.603294783271847 441.58704923978075 21.979473866522312 14.724012969061734 13.85230449400842 85.686671149916947
leaf_count=101 112 8755 344 99 83 92 116 202 125 73 3364 129 84 80 515
internal_value=0 -0.000399041 0.000685951 0.00513902 0.00833927 0.00430796 0.0105588 -4.49486e-05 0.000329877 -8.53395e-05 -0.000797765 0.00584688 0.010426 0.00141771 -0.000157867
internal_weight=0 1306.87 744.799 104.16 87.5481 74.2957 60.4818 640.639 620.441 603.848 539.877 63.9706 50.5558 28.5763 527.274
internal_count=14274 8867 5407 734 635 552 460 4673 4471 4346 3952 394 293 164 3879
is_linear=0
shrinkage=0.03


Tree=430
num_leaves=16
num_cat=0
split_feature=1 1 1 6 13 2 2 2 2 0 2 13 2 2 5
split_gain=0.640887 8.46361 3.34163 6.34439 6.30414 5.37048 3.32816 3.31542 5.14264 6.25312 3.27015 4.28086 2.99254 14.8459 6.79528
threshold=0.30794200000000005 0.31471900000000003 0.29512900000000003 2.5000000000000004 0.66069000000000011 0.054539500000000012 0.092409000000000005 0.58070100000000013 0.44803600000000005 0.68054500000000007 0.13742850000000004 0.51610650000000013 0.28275000000000006 0.23504400000000003 1.0000000180025095e-35
decision_type=2 2 2 2 2 2 2 2 2 2 2 2 2 2 2
left_child=2 -2 5 4 -4 -1 -7 8 12 -10 11 -8 13 -3 -14
right_child=1 7 3 -5 -6 6 10 -9 9 -11 -12 -13 14 -15 -16
leaf_value=-0.015482547934356836 -0.01963949302538958 0.00092907409971915459 0.0033771946166569612 -0.0067070727191452795 0.030825915364095655 0.012675865528712632 0.001160460222019553 0.010911433919931192 -0.012132561185803477 0.0057452766761220964 0.00064680855100369256 -0.021912779661149764 0.015456310299719092 -0.010746059287005429 0.0011653205481952208
leaf_weight=18.227214016951621 19.318805481307209 678.36143975052983 16.270862324163321 15.677858577109872 13.48132194764912 18.910247103311121 15.290114488452675 23.05321788135916 63.745875056367368 23.498000553809106 710.9169850385515 12.580214310437439 32.624493662267923 113.55611619725823 275.70612404029816
leaf_count=149 168 4082 96 162 78 137 106 151 477 155 5656 94 189 725 1849
internal_value=0 -0.00043796 0.000643711 0.00846149 0.0164127 0.000175681 0.000572267 -0.00011557 -0.000338642 -0.00730686 0.000245743 -0.00965269 0.000220034 -0.00075651 0.00272253
internal_weight=0 1229.86 821.355 45.43 29.7522 775.925 757.698 1210.55 1187.49 87.2439 738.787 27.8703 1100.25 791.918 308.331
internal_count=14274 7796 6478 336 174 6142 5993 7628 7477 632 5856 200 6845 4807 2038
is_linear=0
shrinkage=0.03


Tree=431
num_leaves=16
num_cat=0
split_feature=0 0 0 10 10 1 1 1 5 0 2 5 5 10 1
split_gain=0.638122 6.25448 6.39945 5.0777 4.01149 3.9216 6.23662 4.7065 3.72925 3.23278 2.94728 2.72109 3.78816 3.86419 3.84166
threshold=0.33214400000000005 0.35462050000000006 0.35970200000000002 2.3700145000000004 48.64222250000001 0.27249050000000002 0.21293600000000004 0.19481350000000003 1.5000000000000002 0.36439500000000008 0.38139000000000006 3.5000000000000004 2.5000000000000004 0.14421600000000004 0.14831000000000003
decision_type=2 2 2 2 2 2 2 2 2 2 2 2 2 2 2
left_child=4 3 -3 8 5 6 7 11 -2 -4 -10 12 13 14 -1
right_child=1 2 9 -5 -6 -7 -8 -9 10 -11 -12 -13 -14 -15 -16
leaf_value=-0.0012586123193961745 0.0069059170127149768 0.019213398453621119 -0.013839110046926869 -0.02515923581718188 0.018927497831425229 0.016867519898498603 -0.014201708109015894 0.018526676820494047 -0.018519431732057119 7.5258182484567947e-05 0.0033898230819954926 -0.0094346461742343592 0.012276707896032659 0.0058541335049920751 -0.019587461292014871
leaf_weight=36.835057740565389 15.224620631430296 14.669004213064907 14.156102309934793 13.910719871520994 10.356673853471873 11.388173426501451 24.871540130116045 12.67267397418618 16.277747042942796 1772.5951072797179 7.7224265502300105 21.696372501319274 23.970544083509594 40.981722291558981 13.365917135495691
leaf_count=296 109 112 112 90 130 80 203 100 152 11984 107 222 200 276 101
internal_value=0 -0.000177153 0.000124713 -0.0102244 0.00161805 0.000556937 -0.000598265 0.00174385 -0.0044341 -4.26622e-05 -0.0116162 6.65865e-05 0.00192256 -0.000903043 -0.00642588
internal_weight=0 1854.56 1801.42 53.1355 196.139 185.782 174.394 149.522 39.2248 1786.75 24.0002 136.85 115.153 91.1827 50.201
internal_count=14274 12666 12208 458 1608 1478 1398 1195 368 12096 259 1095 873 673 397
is_linear=0
shrinkage=0.03


Tree=432
num_leaves=16
num_cat=0
split_feature=3 13 0 13 1 2 1 1 4 5 13 4 1 2 4
split_gain=0.625703 1.957 5.81198 5.77619 4.55355 6.18914 4.09282 4.11551 5.15921 4.98268 3.09986 3.50026 4.17371 3.57906 2.89928
threshold=0.37500000000000006 0.090452500000000005 0.5827420000000002 0.051416500000000011 0.49763200000000007 0.12621600000000002 0.39125400000000005 0.30321200000000004 0.60416650000000016 5.5000000000000009 0.18949450000000004 0.60416650000000016 0.22704300000000002 0.42966850000000006 0.60416650000000016
decision_type=2 2 2 2 2 2 2 2 2 2 2 2 2 2 2
left_child=1 2 3 -1 6 -6 7 9 -9 10 14 12 -12 -13 -3
right_child=-2 4 -4 -5 5 -7 -8 8 -10 -11 11 13 -14 -15 -16
leaf_value=0.0046910797858104444 0.0001762296533836104 -0.026361200104517417 0.016423397605521875 -0.022844710467496553 0.00059981335038240336 -0.023550450251930231 0.0079733986077368396 -0.0013916575972236596 -0.027116482776921986 0.021215198216112206 -0.0016789547005502472 0.0067930976736254207 0.023974294571352157 -0.015683232149995889 0.00017188334911591105
leaf_weight=19.757549785310406 1832.6608216050081 7.3497274970868585 18.647590488195419 9.2979143697302771 18.018796557560563 19.20616006013006 36.843134657479823 15.403298110701146 12.065429043024777 7.9618653641082338 12.822102229110898 10.059419453376906 9.1159394327551109 14.525612886063753 6.6419130607973784
leaf_count=203 12064 103 152 118 123 192 299 164 155 91 140 126 84 173 87
internal_value=0 -0.00152136 0.00379448 -0.00458744 -0.00302637 -0.0121506 -0.000396848 -0.00366013 -0.0132467 0.000320744 -0.00272851 0.00107215 0.00956123 -0.00658057 -0.0145945
internal_weight=0 217.716 47.7031 29.0555 170.013 37.225 132.788 95.9453 27.4687 68.4766 60.5147 46.5231 21.938 24.585 13.9916
internal_count=14274 2210 473 321 1737 315 1422 1123 319 804 713 523 224 299 190
is_linear=0
shrinkage=0.03


Tree=433
num_leaves=16
num_cat=0
split_feature=13 13 0 1 11 11 7 1 2 1 5 5 13 13 0
split_gain=0.614405 3.39672 3.25888 4.48354 4.08438 5.98559 4.62103 3.12897 2.58821 2.55029 5.83991 4.13505 6.78091 6.73286 5.18983
threshold=0.83538150000000011 0.79784100000000013 0.79622000000000015 0.59949150000000018 0.17830350000000003 0.52466950000000012 0.70833350000000006 0.17991000000000004 0.14026050000000004 0.23846350000000002 5.5000000000000009 1.5000000000000002 0.94102200000000014 0.85938800000000015 0.57671850000000013
decision_type=2 2 2 2 2 2 2 2 2 2 2 2 2 2 2
left_child=1 -1 3 4 9 -6 -7 -3 -5 -2 11 12 -11 -13 -15
right_child=2 7 -4 8 5 6 -8 -9 -10 10 -12 13 -14 14 -16
leaf_value=6.1686819287948389e-05 -0.0045030788598523072 0.0049813375355378066 0.015606917251989535 -0.017964625180245584 0.021110471873143664 -0.005534036513552199 0.020024351636057956 -0.0092026881328977749 -0.00094279505435716565 0.01535825637779957 0.015948130411931504 -0.021265201350430002 -0.0079855299707088309 0.0058113009705617813 -0.0086841669442823451
leaf_weight=1621.3916127097327 75.504784501157701 17.13587327953428 12.478136006742714 16.311657866463069 21.230101242661476 24.654878044500947 7.4700763020664445 64.120965319685638 15.228163896128533 30.68431456387043 22.58870898373425 15.119211914017795 16.544885037466884 52.606468569487333 36.979142095893621
leaf_count=11388 531 143 77 87 131 212 170 414 88 162 139 95 92 330 215
internal_value=0 -0.000239995 0.00114266 0.000558911 0.00168882 0.00914212 0.000834198 -0.00618729 -0.0100276 6.82283e-05 0.00206033 -9.52146e-05 0.00718466 -0.00341585 -0.000201951
internal_weight=0 1702.65 347.401 334.922 303.383 53.3551 32.125 81.2568 31.5398 250.028 174.523 151.934 47.2292 104.705 89.5856
internal_count=14274 11945 2329 2252 2077 513 382 557 175 1564 1033 894 254 640 545
is_linear=0
shrinkage=0.03


Tree=434
num_leaves=16
num_cat=0
split_feature=13 13 1 2 13 2 13 1 5 0 4 0 14 0 0
split_gain=0.621418 1.26629 4.56062 6.65037 3.32862 2.75355 1.7254 1.61487 4.5431 1.6813 2.65391 2.00695 3.93981 3.30462 3.7095
threshold=0.98640400000000017 0.95102850000000017 0.49248100000000006 0.31181400000000009 0.94102200000000014 0.50841300000000011 0.93263050000000003 0.023252500000000002 2.5000000000000004 0.22206000000000004 0.96875000000000011 0.35462050000000006 0.87500000000000011 0.35970200000000002 0.36439500000000008
decision_type=2 2 2 2 2 2 2 2 2 2 2 2 2 2 2
left_child=1 4 3 -3 6 -5 7 8 -1 10 -9 12 -11 -13 -15
right_child=-2 2 -4 5 -6 -7 -8 9 -10 11 -12 13 -14 14 -16
leaf_value=-0.019613208527370505 -0.0048157278021721617 -0.013527383978313729 0.01489710342953173 0.01407960813548232 -0.013064646177641914 -0.002351614616147506 0.0095142461143659651 0.013115608497355616 0.0071703492877934647 -0.015664120565825577 -0.0011736455792444415 0.014912853863529441 -0.0015331654096660276 -0.015271891794982083 0.00021051256478069475
leaf_weight=12.035192002542319 22.88277979567647 21.784767899662256 22.401010917499661 20.38151852414012 16.664876616559923 15.645953942090271 16.065591457299888 21.34778767824173 9.4062085843179357 19.188554406980984 24.232617549598217 12.629040643572806 150.07853228668682 13.046150434296576 1651.9572256705724
leaf_count=129 157 139 134 140 109 118 109 167 117 226 155 97 1231 103 11143
internal_value=0 5.18544e-05 0.00372215 -0.000787587 -0.000101216 0.00707309 1.74272e-05 -6.72166e-05 -0.00806749 2.76376e-05 0.00565669 -0.00011427 -0.00321768 0.000200583 8.01061e-05
internal_weight=0 2026.87 80.2133 57.8122 1946.65 36.0275 1929.99 1913.92 21.4414 1892.48 45.5804 1846.9 169.267 1677.63 1665
internal_count=14274 14117 531 397 13586 258 13477 13368 246 13122 322 12800 1457 11343 11246
is_linear=0
shrinkage=0.03


Tree=435
num_leaves=16
num_cat=0
split_feature=0 0 0 3 13 10 1 1 1 10 2 2 13 2 2
split_gain=0.639225 5.81606 5.76438 4.85402 7.67111 3.78617 3.64389 7.00462 4.83752 3.9885 3.39257 3.65884 3.17387 3.03603 3.16944
threshold=0.33214400000000005 0.35462050000000006 0.35970200000000002 0.62500000000000011 0.55121950000000008 1.6469120000000002 0.27249050000000002 0.21293600000000004 0.19481350000000003 0.24598450000000002 0.23353500000000002 0.17649900000000004 0.37468850000000004 0.35937250000000004 0.44498500000000007
decision_type=2 2 2 2 2 2 2 2 2 2 2 2 2 2 2
left_child=6 3 -3 5 -5 -2 7 8 9 -1 11 -11 -9 -12 -15
right_child=1 2 -4 4 -6 -7 -8 12 -10 10 13 -13 -14 14 -16
leaf_value=-0.0033878663535710598 -0.0098320250171972483 0.01817868922209152 -4.5854509036217629e-05 0.017357737793921992 -0.01267301597658751 -0.036283877623581172 0.017041587761208173 3.7539149430200677e-05 0.019247541003852116 0.0071992055502236316 0.020297639864963812 -0.014196400935065967 -0.02138280242526024 -0.0091093274977232935 0.014033524739713732
leaf_weight=77.128946559503675 13.565593688515948 14.757800610736011 1786.0435665019322 10.764249894768001 20.963924776762724 7.712155000306665 11.889242261648176 9.7632892895489949 13.834372074343262 16.999975692480806 19.367687056073919 10.993352261371909 16.164064831100404 8.9278471013531107 10.592788202455266
leaf_count=663 168 112 12096 77 159 54 87 83 114 128 157 74 129 78 95
internal_value=0 -0.000177353 0.000113504 -0.00987796 -0.00226558 -0.0206179 0.0016214 0.000536951 0.00293258 0.00124336 0.00655539 -0.00140297 -0.0136148 0.0121757 0.00352093
internal_weight=0 1853.81 1800.8 53.0059 31.7282 21.2777 195.662 183.772 157.845 144.011 66.8817 27.9933 25.9274 38.8883 19.5206
internal_count=14274 12666 12208 458 236 222 1608 1521 1309 1195 532 202 212 330 173
is_linear=0
shrinkage=0.03


Tree=436
num_leaves=16
num_cat=0
split_feature=11 1 1 1 10 2 10 10 10 6 10 10 1 10 2
split_gain=0.621996 2.81568 1.52395 2.85237 1.48943 1.45437 1.12888 2.06375 2.16315 1.93323 1.84374 3.87872 6.93696 4.18983 3.44597
threshold=5.3344820000000004 0.43424000000000001 0.34346200000000005 0.21293600000000004 55.832424500000009 0.33973600000000004 52.979579500000007 51.160083500000006 50.186343500000007 2.5000000000000004 49.209645000000009 48.307167500000013 0.43028250000000007 19.677713000000004 0.35604800000000009
decision_type=2 2 2 2 2 2 2 2 2 2 2 2 2 2 2
left_child=4 2 3 -2 6 -6 7 8 10 -9 11 13 14 -1 -13
right_child=1 -3 -4 -5 5 -7 -8 9 -10 -11 -12 12 -14 -15 -16
leaf_value=-3.1084344723878745e-05 -0.018283728472863577 0.0087830985760962658 -0.024891199961780283 0.0093101072770315884 0.018573749562423719 -0.00064434474206375 -0.0085061312369708025 0.00050665672156951765 -0.010375417603486035 0.021965237775652954 0.008147370626963071 -0.029939317906551553 0.0087393467070886084 0.011931252875279873 -0.0068168524203929834
leaf_weight=1882.1666561414022 5.9217851941939497 8.3766761003062111 4.5025928234681478 5.6942025923635811 6.6867010071873647 6.4555726386606693 12.991432048380373 7.7619919758290035 17.056947873905301 6.4533597370609641 24.020445486530662 11.522895636036994 11.626484602689741 25.725684057921171 12.238028487190602
leaf_count=12512 116 165 80 103 88 76 176 97 150 83 210 75 83 174 86
internal_value=0 -0.00466134 -0.0117532 -0.00509134 5.38691e-05 0.00975564 -1.43319e-05 4.50942e-05 -3.92801e-05 0.0110516 5.55623e-05 -4.85977e-05 -0.00975121 0.00013638 -0.0187864
internal_weight=0 24.4953 16.1186 11.616 2024.71 13.1423 2011.56 1998.57 1984.36 14.2154 1967.3 1943.28 35.3874 1907.89 23.7609
internal_count=14274 464 299 219 13810 164 13646 13470 13290 180 13140 12930 244 12686 161
is_linear=0
shrinkage=0.03


Tree=437
num_leaves=16
num_cat=0
split_feature=1 1 2 2 0 1 6 13 2 2 2 13 0 0 0
split_gain=0.629758 8.04131 3.12633 4.85818 5.91222 3.08803 5.95185 5.95439 5.18331 3.14867 3.04179 4.00867 2.8672 8.56359 6.69691
threshold=0.30794200000000005 0.31471900000000003 0.58070100000000013 0.44803600000000005 0.68054500000000007 0.29512900000000003 2.5000000000000004 0.66069000000000011 0.054539500000000012 0.092409000000000005 0.13742850000000004 0.51610650000000013 0.56858000000000009 0.60779700000000003 0.53242800000000012
decision_type=2 2 2 2 2 2 2 2 2 2 2 2 2 2 2
left_child=5 -2 3 -3 -5 8 7 -7 -1 -10 11 -11 14 -14 -12
right_child=1 2 -4 4 -6 6 -8 -9 9 10 12 -13 13 -15 -16
leaf_value=-0.01524502652777362 -0.01921382326305526 0.00020506277637215108 0.01058688315435624 -0.011830824744034069 0.0055589635484617718 0.0031947107438379998 -0.0065553606945398541 0.029862705199181751 0.012361589737003031 0.0011185625716423767 0.00020893189536676964 -0.021290040122559025 -0.016718398602494002 0.0076411337380070327 0.010596434688568978
leaf_weight=18.104642655700445 19.184161345008761 1099.5893641109578 23.054186983034015 63.477782012429088 23.514233533293009 16.279552891850475 15.642330199480055 13.477512538433073 18.870798549614847 15.27294978592545 598.65623002173379 12.410648383200167 28.725363483652472 22.265588604845107 60.612704339437187
leaf_count=149 168 6845 151 477 155 96 162 78 137 106 4835 94 219 174 428
internal_value=0 -0.000434224 -0.000120765 -0.000337545 -0.00712055 0.000638601 0.00815624 0.0158513 0.000188229 0.000577056 0.000259379 -0.0093193 0.000645302 -0.00613924 0.00117855
internal_weight=0 1228.82 1209.64 1186.58 86.992 820.318 45.3994 29.7571 774.919 756.814 737.943 27.6836 710.26 50.991 659.269
internal_count=14274 7796 7628 7477 632 6478 336 174 6142 5993 5856 200 5656 393 5263
is_linear=0
shrinkage=0.03


Tree=438
num_leaves=16
num_cat=0
split_feature=0 0 0 13 13 13 10 13 13 1 1 2 2 2 2
split_gain=0.642609 5.48963 5.43194 4.83443 6.63875 5.29341 3.78291 3.68202 4.21588 5.00544 3.95163 4.56442 5.34117 7.37915 4.80003
threshold=0.33214400000000005 0.35462050000000006 0.35970200000000002 0.24647600000000003 0.54025600000000018 0.81696200000000008 48.64222250000001 0.93694450000000018 0.69063800000000009 0.26505600000000007 0.20297900000000005 0.19187950000000001 0.39666950000000006 0.47248700000000005 0.33024400000000004
decision_type=2 2 2 2 2 2 2 2 2 2 2 2 2 2 2
left_child=6 3 -3 -2 -5 -6 7 8 9 10 11 -1 14 -14 -13
right_child=1 2 -4 4 5 -7 -8 -9 -10 -11 -12 12 13 -15 -16
leaf_value=0.01152029531865029 -0.027624678248432719 0.017615925844860623 -5.0162080100887429e-05 0.010400387165981016 -0.026082562613412782 -0.00029516588222056967 0.018588351893470096 0.015181157238236355 -0.0082614939432245071 0.021586880071538653 -0.012593087653237649 -0.0022724893889946238 0.026644207277486499 -0.0082893710610678455 -0.025373752095874655
leaf_weight=33.665774647146463 9.7886314750649017 14.803094528149812 1785.6313368165866 15.372163639403878 13.793452515732499 13.936318155378101 10.16317195817828 13.386718481779097 46.229449446778744 9.9929816592484695 16.87703815009445 35.249628763645887 10.663792175007986 9.5131399754900468 9.6016402223613095
leaf_count=221 105 112 12096 128 121 104 130 89 358 72 153 274 90 115 106
internal_value=0 -0.000177558 0.000104786 -0.00961236 -0.00498806 -0.0135838 0.00162729 0.000601585 -0.000615787 0.0022422 0.000398708 0.00272439 -0.00193486 0.0105598 -0.00766348
internal_weight=0 1853.32 1800.43 52.8906 43.1019 27.7298 195.343 185.18 171.793 125.564 115.571 98.694 65.0282 20.1769 44.8513
internal_count=14274 12666 12208 458 353 225 1608 1478 1389 1031 959 806 585 205 380
is_linear=0
shrinkage=0.03


Tree=439
num_leaves=16
num_cat=0
split_feature=0 1 13 13 5 1 5 5 13 0 1 0 1 2 2
split_gain=0.61971 1.11596 2.64492 6.61528 2.1613 1.87339 5.06381 3.0102 5.9898 3.28833 1.84076 9.7366 4.97885 3.72476 8.66474
threshold=0.16396650000000004 0.052321500000000007 0.32887150000000004 0.58936650000000013 2.5000000000000004 0.10457050000000001 3.5000000000000004 1.5000000000000002 0.49834850000000003 0.38010700000000003 0.13525250000000003 0.48448250000000004 0.14581350000000001 0.60536450000000008 0.45079650000000004
decision_type=2 2 2 2 2 2 2 2 2 2 2 2 2 2 2
left_child=-1 2 -2 -4 -5 6 7 9 -9 -3 11 13 -12 14 -7
right_child=1 5 3 4 -6 10 -8 8 -10 -11 12 -13 -14 -15 -16
leaf_value=-0.0058366452945415011 0.016604271458548422 0.0010390142855801158 -0.020734671373936517 -0.0025845652403863567 0.015437051066616766 0.014584486711466886 -0.02115238824685902 -0.0073215469479364611 0.018941629451377579 -0.018755444594533498 -0.013927309701605054 -0.020433445042117065 0.00010074307923014607 0.021156953369901366 -0.010612706806625702
leaf_weight=15.267649327404795 11.254235539119689 17.161659677629363 8.7227834069635701 9.4187494004145282 14.321483112871645 30.341404492966831 12.794934845529495 15.026740267989227 14.432014994788913 12.353856834582983 22.059297003783286 10.91223147138953 1818.731279293308 16.112364714499563 19.293859921395779
leaf_count=114 142 124 100 78 134 259 175 167 139 89 165 89 12197 128 174
internal_value=0 4.20774e-05 0.00472892 0.000238827 0.00847165 -6.32501e-05 -0.00478796 -0.000944077 0.00574439 -0.00758917 0.000115997 0.00464027 -7.4834e-05 0.00904558 0.00477386
internal_weight=0 2032.94 43.7173 32.463 23.7402 1989.22 71.7692 58.9743 29.4588 29.5155 1917.45 76.6599 1840.79 65.7476 49.6353
internal_count=14274 14160 454 312 212 13706 694 519 306 213 13012 650 12362 561 433
is_linear=0
shrinkage=0.03


Tree=440
num_leaves=16
num_cat=0
split_feature=1 0 13 13 6 1 13 6 13 13 2 5 13 13 2
split_gain=0.620455 6.41634 4.46774 11.929 6.34893 5.53929 5.33154 8.63551 5.66102 8.00521 7.38506 4.90592 7.30561 9.57671 3.63813
threshold=0.20424150000000005 0.29041800000000006 0.88253450000000011 0.93694450000000018 2.5000000000000004 0.095540500000000014 0.56484250000000014 2.5000000000000004 0.75097750000000019 0.60540700000000014 0.58070100000000013 4.5000000000000009 0.73882100000000006 0.64371650000000014 0.50148250000000016
decision_type=2 2 2 2 2 2 2 2 2 2 2 2 2 2 2
left_child=2 -2 6 4 -4 -5 -1 8 9 -8 -11 12 13 -9 -14
right_child=1 -3 3 5 -6 -7 7 11 -10 10 -12 -13 14 -15 -16
leaf_value=-0.00073506850345380053 -0.02105330873474056 -0.00010016817412611872 -0.038665443169114896 0.020360347192459344 -0.0061304683266618053 -0.0052937413935081369 0.025466546348836154 -0.0095869049432866522 0.022167104268205905 -0.011014601799487041 0.01568981208009006 -0.018954405697123811 -0.025102673035391387 0.025561168991663885 -0.00081103319064781433
leaf_weight=224.15575370378792 12.261374643072484 1614.2236453725491 10.975621972233059 11.706980885937812 10.641929006204007 17.997254924848676 13.188152315095065 10.632218825398015 33.664498843252659 23.67610689625144 13.980540726333855 11.258063928689806 8.1263507977128047 17.185693465638906 14.333651350811122
leaf_count=1980 110 10618 69 83 111 131 82 121 213 151 84 139 84 159 139
internal_value=0 -0.000270964 0.00101928 -0.00719129 -0.0236283 0.00515082 0.00217383 0.00661316 0.012782 0.00626037 -0.000950823 -0.00192762 0.00218025 0.0122608 -0.0102955
internal_weight=0 1626.49 421.523 51.3218 21.6176 29.7042 370.201 146.045 84.5093 50.8448 37.6566 61.536 50.2779 27.8179 22.46
internal_count=14274 10728 3546 394 180 214 3152 1172 530 317 235 642 503 280 223
is_linear=0
shrinkage=0.03


Tree=441
num_leaves=16
num_cat=0
split_feature=0 2 2 2 2 13 13 1 0 2 2 2 13 13 0
split_gain=0.605478 4.29078 6.35547 3.56131 6.18688 4.85988 4.01617 2.52364 1.54694 1.80253 7.01116 6.75268 11.5746 11.2715 6.4271
threshold=0.75720300000000007 0.111363 0.051625500000000012 0.17813500000000002 0.21401700000000004 0.66351750000000009 0.43391100000000005 0.69749300000000014 0.74446550000000011 0.29126250000000004 0.30696000000000007 0.25130050000000004 0.22566750000000005 0.42331800000000003 0.55593200000000009
decision_type=2 2 2 2 2 2 2 2 2 2 2 2 2 2 2
left_child=7 2 -2 -3 -5 6 -6 8 9 11 14 -1 -13 -14 -11
right_child=1 3 -4 4 5 -7 -8 -9 -10 10 -12 12 13 -15 -16
leaf_value=2.1683962128376243e-05 -0.0069690539769718274 -0.01590506427214711 0.014818421507080839 0.013785157629258488 -0.010430429793416896 -0.021133100034455458 0.01086856158548816 0.010967447713350479 0.0078106698126068118 0.0014012504725235224 0.00021362087197207615 -0.026336075695889232 0.013116269094503264 -0.0089204827247386549 0.022597736127582219
leaf_weight=763.01325994031504 20.869578260928392 22.730599574744701 26.113621635362506 15.295296343043445 16.259636350907389 14.929724649991838 13.802923303097485 18.142762230709195 21.665384747087955 27.117589076980948 935.85026069812011 22.729127501137555 27.462027424946427 77.793163126334548 23.757909260690212
leaf_count=4901 117 122 152 89 93 87 79 100 136 206 7151 165 196 526 154
internal_value=0 -0.00197873 0.00519704 -0.0060533 -0.00213991 -0.00773572 -0.000616142 0.000129297 2.0055e-05 -7.39435e-05 0.000808932 -0.00105149 -0.00740004 -0.00310157 0.0115444
internal_weight=0 130.001 46.9832 83.0182 60.2876 44.9923 30.0626 1917.53 1899.39 1877.72 986.726 890.998 127.984 105.255 50.8755
internal_count=14274 739 269 470 348 259 172 13535 13435 13299 7511 5788 887 722 360
is_linear=0
shrinkage=0.03


Tree=442
num_leaves=16
num_cat=0
split_feature=0 0 2 13 1 0 13 0 0 13 13 0 5 1 1
split_gain=0.612912 6.82419 11.8774 10.8009 9.50833 7.06047 7.44889 3.7252 6.73196 5.69132 7.32668 7.26663 5.08219 4.74811 4.46715
threshold=0.64162550000000007 0.61585650000000014 0.42966850000000006 0.60807500000000014 0.47932400000000003 0.62168050000000008 0.39885150000000008 0.68054500000000007 0.67604800000000009 0.47413050000000007 0.36757900000000004 0.70897550000000009 1.5000000000000002 0.6302215000000001 0.6302215000000001
decision_type=2 2 2 2 2 2 2 2 2 2 2 2 2 2 2
left_child=1 -1 4 -4 -3 -6 -7 8 14 10 12 -11 -9 -12 -2
right_child=7 2 3 -5 5 6 -8 9 -10 11 13 -13 -14 -15 -16
leaf_value=-0.00027033985427421509 -0.0044522787707192276 0.026146449149940115 0.0063370646842844337 -0.029535761449582112 0.022505245535459604 0.013191256083303609 -0.012925271784189708 -0.006313917074291988 -0.0220952773478298 0.014578596255252957 -0.030030407609620731 0.00075989414922225174 0.0059209731369781323 -0.0041014672193911261 0.01361478214416321
leaf_weight=1475.3828862339724 111.47317851707339 30.629278820008039 17.37284191604704 11.997297858819364 14.136560708284376 16.31857392936945 21.748970367014408 62.022663794457912 17.116342412307858 46.0174904987216 12.794707288965585 126.55436618858948 58.316629144363105 12.465771084651349 12.855250187218187
leaf_count=10769 707 194 134 77 82 106 131 346 110 282 92 728 375 70 71
internal_value=0 0.000274132 0.00737263 -0.00880652 0.0131459 0.00517007 -0.0016787 -0.000968772 -0.00500132 0.000833968 -0.00352114 0.00450751 -0.000384935 -0.0178782 -0.00249046
internal_weight=0 1587.59 112.204 29.3701 82.8334 52.2041 38.0675 459.616 141.445 318.172 145.6 172.572 120.339 25.2605 124.328
internal_count=14274 11493 724 211 513 319 237 2781 888 1893 883 1010 721 162 778
is_linear=0
shrinkage=0.03


Tree=443
num_leaves=16
num_cat=0
split_feature=1 1 2 2 0 0 1 3 1 1 2 5 2 2 2
split_gain=0.619601 7.61172 3.05151 4.48655 5.58904 3.3244 3.81438 6.27756 5.42315 2.91785 5.64833 5.08907 4.85078 2.94244 3.41386
threshold=0.30794200000000005 0.31471900000000003 0.58070100000000013 0.44803600000000005 0.67604800000000009 0.65173350000000008 0.38052850000000005 0.87500000000000011 0.34101050000000005 0.29512900000000003 0.27364950000000005 1.5000000000000002 0.054539500000000012 0.096576000000000009 0.13742850000000004
decision_type=2 2 2 2 2 2 2 2 2 2 2 2 2 2 2
left_child=9 -2 3 -3 5 6 7 8 -5 12 -11 -12 -1 -14 -15
right_child=1 2 -4 4 -6 -7 -8 -9 -10 10 11 -13 13 14 -16
leaf_value=-0.014809012561228121 -0.018767964288236925 0.00017931408623096104 0.010451903178314636 -0.0054943392611182529 0.0046138432125532782 -0.0262392716544919 0.0059359049341123514 0.0021365904037643512 -0.03525027513627628 0.022940307362134111 0.012398844384837697 -0.011108706795163539 0.011334247009180844 -0.010395026261828035 0.00063635186994751437
leaf_weight=17.920191833749413 19.042364388238639 1099.1628700150177 23.05196238309145 10.164176823571326 26.096835889853537 10.868904657661913 12.300661067478357 15.002753496170042 12.278309743851421 14.196088831871746 15.504185028374197 15.652352685108779 21.185550452210009 25.179228230379522 709.27909292012919
leaf_count=149 168 6845 151 94 173 71 94 99 101 103 94 139 155 182 5656
internal_value=0 -0.000431388 -0.000127287 -0.000341567 -0.00687106 -0.0118104 -0.00820285 -0.012881 -0.0225831 0.000633443 0.00794453 0.000610971 0.000195104 0.000570031 0.000244546
internal_weight=0 1227.97 1208.93 1185.87 86.7116 60.6148 49.7459 37.4452 22.4425 818.917 45.3526 31.1565 773.564 755.644 734.458
internal_count=14274 7796 7628 7477 632 459 388 294 195 6478 336 233 6142 5993 5838
is_linear=0
shrinkage=0.03


Tree=444
num_leaves=16
num_cat=0
split_feature=0 0 0 13 5 1 10 0 13 0 0 0 2 1 1
split_gain=0.633915 5.20899 5.08606 4.58894 6.627 4.20346 3.36435 2.89824 2.25982 4.83943 2.01101 2.88433 2.94083 1.82631 6.26085
threshold=0.33214400000000005 0.35462050000000006 0.35970200000000002 0.24647600000000003 1.5000000000000002 0.16124600000000003 0.05176250000000001 0.36439500000000008 0.65097650000000018 0.25410050000000006 0.31239800000000001 0.26073950000000007 0.28275000000000006 0.30321200000000004 0.32675200000000004
decision_type=2 2 2 2 2 2 2 2 2 2 2 2 2 2 2
left_child=6 3 -3 -2 -5 -6 -1 -4 10 -10 11 -8 -13 -9 -15
right_child=1 2 7 4 5 -7 8 13 9 -11 -12 12 -14 14 -16
leaf_value=-0.0024311724772036695 -0.027010078781248666 0.017030772832184706 -0.013166988785240894 0.010832294187785238 0.001156570063939851 -0.022236868139429426 0.012338661547182411 0.0015017963926779411 -0.012395181715213088 0.0088875443014069053 0.020221275260676078 -0.010645539146346137 0.0099225877494587538 -0.0092359814096931846 -5.2978404213926341e-05
leaf_weight=94.469509365851991 9.7071422839071584 14.823241427540777 14.039217912591992 14.897694716230033 11.058938276488336 17.02709561958909 29.034743007272482 544.96474628709257 16.133392799645662 20.917404827196151 10.662262252066283 13.210604570806028 10.196978297084568 69.922132678795606 1155.4611209686846
leaf_count=841 105 112 112 100 111 142 222 4194 108 160 91 92 94 545 7245
internal_value=0 -0.000177465 9.72585e-05 -0.00938542 -0.00488159 -0.0133026 0.00161818 -5.28716e-05 0.00542391 -0.000462004 0.00883303 0.00618259 -0.00164607 5.85006e-05 -0.000584078
internal_weight=0 1851.9 1799.21 52.6909 42.9837 28.086 194.625 1784.39 100.155 37.0508 63.1046 52.4423 23.4076 1770.35 1225.38
internal_count=14274 12666 12208 458 353 253 1608 12096 767 268 499 408 186 11984 7790
is_linear=0
shrinkage=0.03


Tree=445
num_leaves=16
num_cat=0
split_feature=13 13 0 1 11 12 7 1 2 0 2 13 13 4 0
split_gain=0.619819 3.18728 3.09149 4.43803 3.7829 5.66191 3.82276 2.88118 2.46826 2.41584 2.81165 3.11992 16.5346 6.99434 6.91209
threshold=0.83538150000000011 0.79784100000000013 0.79622000000000015 0.59949150000000018 0.17830350000000003 2.9948295000000003 0.70833350000000006 0.17991000000000004 0.14026050000000004 0.86418150000000005 0.0066115000000000002 0.72263700000000008 0.70866600000000013 0.96875000000000011 0.55680350000000012
decision_type=2 2 2 2 2 2 2 2 2 2 2 2 2 2 2
left_child=1 9 3 4 -2 6 -6 -3 -5 10 -1 12 -12 -13 -15
right_child=2 7 -4 8 5 -7 -8 -9 -10 -11 11 13 -14 14 -16
leaf_value=0.012039020896867387 0.00014418488816367889 0.0047198095537036482 0.015279991600459971 -0.017713505125386837 -0.0018563008419028315 0.024911149529065115 0.020382542142541635 -0.0089117031193725604 -0.00107522567481145 -0.011873336833074153 3.2558732380440604e-05 -0.0082660913115602426 -0.023558049444970849 0.00090334201774823107 0.014861666007947402
leaf_weight=16.742625361308455 249.25311755295843 17.090566095896065 12.397196834906934 16.290749737992886 31.823433931916952 13.548146475106476 7.8549140263348809 63.898048410192132 15.229871686082332 14.15020292624831 1400.4631402537925 32.58561068540439 26.260205255821347 71.957300731912255 56.597395470365882
leaf_count=102 1564 143 77 87 251 78 184 414 88 79 9959 230 164 501 353
internal_value=0 -0.000241975 0.00114862 0.000580055 0.00170703 0.00888803 0.00293904 -0.00601264 -0.00995462 5.02729e-05 0.000162751 3.00275e-05 -0.000417845 0.00397358 0.0071159
internal_weight=0 1699.75 346.397 334 302.48 53.2265 39.6783 80.9886 31.5206 1618.76 1604.61 1587.86 1426.72 161.14 128.555
internal_count=14274 11945 2329 2252 2077 513 435 557 175 11388 11309 11207 10123 1084 854
is_linear=0
shrinkage=0.03


Tree=446
num_leaves=16
num_cat=0
split_feature=11 1 10 1 1 13 10 10 10 6 10 10 1 10 2
split_gain=0.624763 2.68009 1.40833 1.40272 2.75219 1.39413 1.08947 1.9366 2.06807 1.87117 1.70591 3.66752 6.46042 3.95961 3.18795
threshold=5.3344820000000004 0.43424000000000001 55.832424500000009 0.34346200000000005 0.21293600000000004 0.63179200000000013 52.979579500000007 51.160083500000006 50.186343500000007 2.5000000000000004 49.209645000000009 48.307167500000013 0.43028250000000007 19.677713000000004 0.35604800000000009
decision_type=2 2 2 2 2 2 2 2 2 2 2 2 2 2 2
left_child=2 3 6 4 -2 -4 7 8 10 -9 11 13 14 -1 -13
right_child=1 -3 5 -5 -6 -7 -8 9 -10 -11 -12 12 -14 -15 -16
leaf_value=-2.4926702315528574e-05 -0.018075465034479272 0.0084832651636880165 0.018039520757645418 -0.024171219014189966 0.0090751761303938042 -0.00086434042259834055 -0.0083504761645233835 0.00042049681828810456 -0.010128358065633293 0.021636757792372452 0.007876345152244368 -0.02874026823641581 0.0084847181765868116 0.011642058274327098 -0.0065821981400733549
leaf_weight=1879.4369402126176 5.9220159235410446 8.335687584243713 6.750358038581906 4.522444865666329 5.6568325255066156 6.259396631270647 13.00727228168398 7.73488851636648 17.106467509642243 6.3203529892489314 23.794199198484421 11.679849077016117 11.543293908238409 25.550238490104675 12.276193017140029
leaf_count=12512 116 165 98 80 103 66 176 97 150 83 210 75 83 174 86
internal_value=0 -0.00467799 5.30914e-05 -0.0115892 -0.00514409 0.0095318 -1.302e-05 4.54831e-05 -3.59452e-05 0.0107645 5.70562e-05 -4.28312e-05 -0.00946271 0.00013758 -0.0181042
internal_weight=0 24.437 2021.46 16.1013 11.5788 13.0098 2008.45 1995.44 1981.39 14.0552 1964.28 1940.49 35.4993 1904.99 23.956
internal_count=14274 464 13810 299 219 164 13646 13470 13290 180 13140 12930 244 12686 161
is_linear=0
shrinkage=0.03


Tree=447
num_leaves=16
num_cat=0
split_feature=0 0 0 3 13 10 10 13 13 1 1 13 10 10 0
split_gain=0.609023 4.95124 4.80373 4.52178 7.18224 3.50541 3.20132 3.34706 3.38237 4.04788 4.03732 3.07482 4.07927 3.14647 2.97684
threshold=0.33214400000000005 0.35462050000000006 0.35970200000000002 0.62500000000000011 0.55121950000000008 1.6469120000000002 48.541778500000007 0.93694450000000018 0.69063800000000009 0.25779650000000004 0.21552600000000002 0.56838150000000021 0.14421600000000004 0.83952300000000013 0.2941255000000001
decision_type=2 2 2 2 2 2 2 2 2 2 2 2 2 2 2
left_child=6 3 -3 5 -5 -2 7 8 9 10 11 12 -1 -14 -10
right_child=1 2 -4 4 -6 -7 -8 -9 14 -11 -12 -13 13 -15 -16
leaf_value=-0.0064637856541062081 -0.0090852547897565198 0.016527362895465362 -5.237043179625543e-05 0.017107280750769189 -0.01199611060354178 -0.034599998037265267 0.016846599528996586 0.014502965874997616 -0.0021809950249816936 0.018166526493775214 -0.016031757742953137 0.01241891170088503 0.01764988790070569 -5.9758266539244471e-05 -0.018513687705070121
leaf_weight=44.992451695725322 13.271139203570785 14.867580383084713 1784.0079226740636 10.774642252363266 20.71981224603951 7.7165163950994602 10.638227967545388 13.407697699964045 31.743764034938067 11.561951560899614 11.299428815022109 19.926509392214939 13.763296575052662 23.229353327071294 13.914478201419113
leaf_count=409 168 112 12096 77 159 54 135 89 245 85 98 151 95 189 112
internal_value=0 -0.000173618 9.37663e-05 -0.00916885 -0.00181942 -0.0196132 0.00158704 0.00061765 -0.000552925 0.00200955 0.000214868 0.00215449 -0.000459874 0.00682034 -0.00744854
internal_weight=0 1851.36 1798.88 52.4821 31.4945 20.9877 194.477 183.839 170.431 124.773 113.211 101.912 81.9851 36.9926 45.6582
internal_count=14274 12666 12208 458 236 222 1608 1473 1384 1027 942 844 693 284 357
is_linear=0
shrinkage=0.03


Tree=448
num_leaves=16
num_cat=0
split_feature=1 2 1 1 13 0 10 2 13 13 5 0 0 13 2
split_gain=0.609263 2.60813 1.72494 1.17042 3.91318 2.08556 1.58866 1.16385 4.6951 7.26498 6.45663 7.81624 5.18493 5.36541 2.10729
threshold=0.012388500000000002 0.62525150000000018 0.040732500000000012 0.075568500000000011 0.26568700000000006 0.18019000000000004 0.46222400000000002 0.66216550000000007 0.078998500000000013 0.28468550000000009 1.5000000000000002 0.5815665000000001 0.52153650000000018 0.71418250000000005 0.60536450000000008
decision_type=2 2 2 2 2 2 2 2 2 2 2 2 2 2 2
left_child=1 -1 -2 4 -4 -5 -6 14 -9 -10 -11 12 13 -12 -7
right_child=2 -3 3 5 6 7 -8 8 9 10 11 -13 -14 -15 -16
leaf_value=-0.015539608168434086 0.008922397177068872 0.005851059492071385 0.0093096819248482798 0.012203466141005157 -0.016571544062590274 1.4132307919879433e-05 -0.0022056391871986074 0.022123940974066354 -0.016571442054867422 -0.0098849176314270426 -0.012027721845115113 -0.010770391822586517 0.025009834019803234 0.018722260083284922 -0.0053362160635635628
leaf_weight=9.5235674725845474 18.513127528131008 9.2300485568121058 11.342513743322341 11.655323168262838 16.724835593020547 1789.9017983985832 11.944522468606008 9.4956553895026428 16.367064838763326 18.63760719448328 9.0528453635051864 11.786911265924571 24.047922764904797 9.4408787302672845 67.798865444026887
leaf_count=100 168 110 129 91 175 12167 93 68 131 121 92 96 159 77 497
internal_value=0 -0.00524843 4.58314e-05 -4.03997e-05 -0.00505644 6.40889e-05 -0.0108623 -1.44242e-05 0.00314118 0.00090083 0.0049911 0.0101808 0.0160997 0.00382503 -0.000183901
internal_weight=0 18.7536 2026.71 2008.2 40.0119 1968.18 28.6694 1956.53 98.8289 89.3332 72.9662 54.3286 42.5416 18.4937 1857.7
internal_count=14274 210 14064 13896 397 13499 268 13408 744 676 545 424 328 169 12664
is_linear=0
shrinkage=0.03


Tree=449
num_leaves=16
num_cat=0
split_feature=0 0 3 13 0 13 14 1 3 0 0 3 0 1 13
split_gain=0.605019 1.03167 1.99542 1.26259 3.23396 3.95226 3.20741 4.79546 5.12141 11.954 4.75583 4.43065 4.08509 3.84863 2.60936
threshold=0.16396650000000004 0.22206000000000004 0.62500000000000011 0.86725850000000004 0.32933250000000008 0.87809400000000004 0.87500000000000011 0.20647000000000001 0.87500000000000011 0.50659650000000012 0.50344450000000018 0.87500000000000011 0.44819900000000007 0.13907500000000003 0.96154550000000005
decision_type=2 2 2 2 2 2 2 2 2 2 2 2 2 2 2
left_child=-1 2 -2 -3 -5 -6 11 13 9 -9 12 -7 -10 -8 -11
right_child=1 3 -4 4 5 6 7 8 10 14 -12 -13 -14 -15 -16
leaf_value=-0.0057817410603678782 -0.0048892505967325283 -0.00035824071956558676 0.0091783976270572182 0.013100713962086225 0.012134022945322405 -0.021606777555548972 0.0012709898133657571 0.024588177826236169 -0.00087764468318379872 -0.0051702122704719161 0.0028072430807792102 0.00010718634659067721 -0.023658204652403682 -0.020459442060297574 0.0099942708213630847
leaf_weight=15.188010170590131 12.564792064018546 1715.9515416352078 27.457002300769091 20.159851606935263 24.332082831300795 13.236541545018552 13.862933917902412 26.699356524273753 14.946938096545638 31.489843968302011 67.679081605747342 20.809520164504647 12.607332214713095 14.319084720686076 13.895163105800746
leaf_count=114 110 12028 177 152 155 129 110 171 100 194 414 163 79 93 85
internal_value=0 4.10729e-05 0.00475035 -5.59764e-05 0.00183114 0.000888364 -0.000351148 0.00114154 0.00308251 0.00905753 -0.00148724 -0.00871048 -0.0117643 -0.0100928 -0.000412053
internal_weight=0 2030.01 40.0218 1989.99 274.038 253.878 229.546 195.5 167.318 72.0844 95.2334 34.0461 27.5543 28.182 45.385
internal_count=14274 14160 287 13873 1845 1693 1538 1246 1043 450 593 292 179 203 279
is_linear=0
shrinkage=0.03


Tree=450
num_leaves=16
num_cat=0
split_feature=11 1 11 5 10 2 10 10 10 6 10 10 13 10 2
split_gain=0.593751 2.54127 1.37808 1.52028 1.34356 1.39544 1.02218 1.84123 1.96873 1.82415 1.60504 3.49328 1.71523 1.15179 3.5518
threshold=5.3344820000000004 0.43424000000000001 6.7044475000000014 2.5000000000000004 55.832424500000009 0.33973600000000004 52.979579500000007 51.160083500000006 50.186343500000007 2.5000000000000004 49.209645000000009 48.857221500000009 0.58936650000000013 7.022974500000001 0.10270900000000001
decision_type=2 2 2 2 2 2 2 2 2 2 2 2 2 2 2
left_child=4 2 -2 -4 6 -6 7 8 10 -9 11 13 -12 -1 -15
right_child=1 -3 3 -5 5 -7 -8 9 -10 -11 12 -13 -14 14 -16
leaf_value=-0.00011456182647532424 -0.023868674752498431 0.0082880841805221313 0.0038339782642140222 -0.016620405276505896 0.018124140553303442 -0.00081609251816856321 -0.008069021598985161 0.00035342525501138943 -0.0098603767871701716 0.021378313374146547 0.015076523317732989 -0.014873271878411682 -0.00072800954351083861 0.014962924196550041 0.00064330003932341103
leaf_weight=1813.6326901962748 4.4438017271459165 8.3121462538838369 7.0492535342928004 4.6660166415385902 6.5053975880146009 6.4069881550967693 13.072688781656323 7.7195498459041101 17.18327890522778 6.2192165544256568 12.131454122252764 13.184649750590323 11.508576512336729 17.664639813825488 95.236506450921297
leaf_count=12040 76 165 136 87 88 76 176 97 150 83 115 90 95 135 665
internal_value=0 -0.0045568 -0.0112621 -0.00497912 5.23139e-05 0.00934305 -1.20651e-05 4.47609e-05 -3.43656e-05 0.0105374 5.66073e-05 -4.00229e-05 0.00766518 6.91552e-05 0.00299546
internal_weight=0 24.4712 16.1591 11.7153 2020.47 12.9124 2007.55 1994.48 1980.54 13.9388 1963.36 1939.72 23.64 1926.53 112.901
internal_count=14274 464 299 223 13810 164 13646 13470 13290 180 13140 12930 210 12840 800
is_linear=0
shrinkage=0.03


Tree=451
num_leaves=16
num_cat=0
split_feature=13 13 1 2 13 2 13 1 5 0 4 1 1 0 13
split_gain=0.591964 1.0747 4.42698 6.41224 3.2703 2.56904 1.66034 1.54384 4.18999 1.51142 2.4147 1.75116 4.25692 3.33221 3.16908
threshold=0.98640400000000017 0.95102850000000017 0.49248100000000006 0.31181400000000009 0.94102200000000014 0.50841300000000011 0.93263050000000003 0.023252500000000002 2.5000000000000004 0.22206000000000004 0.96875000000000011 0.052321500000000007 0.088647500000000004 0.30419700000000005 0.60163750000000016
decision_type=2 2 2 2 2 2 2 2 2 2 2 2 2 2 2
left_child=1 4 3 -3 6 -5 7 8 -1 10 -9 -11 13 -13 -15
right_child=-2 2 -4 5 -6 -7 -8 9 -10 11 -12 12 -14 14 -16
leaf_value=-0.019133053705124511 -0.0047062943495504335 -0.013543332645523 0.014465430669858689 0.01346384884989958 -0.012971572294664602 -0.0024056035773538324 0.0093587949352413376 0.012535837456119402 0.0067078690256857556 0.0092534267342638411 -0.0011437561635997651 0.004357426811964874 4.7540093840613293e-06 -0.026905573902141419 -0.0042581113351345609
leaf_weight=11.830790423555301 22.82103936187923 21.700053231790662 22.32857134565711 20.418512543663383 16.578544967807829 15.609637435525654 16.008394170552492 21.180156376212835 9.3772635122295451 16.848560426617041 24.057367717847228 8.7514152735238913 1794.7585450278129 11.920660056872295 10.539938952773808
leaf_count=129 157 139 134 140 109 118 109 167 117 173 155 90 12281 156 100
internal_value=0 5.06777e-05 0.00343516 -0.00100488 -9.05507e-05 0.00670893 2.70444e-05 -5.60567e-05 -0.00791978 3.64201e-05 0.00539361 -9.79422e-05 -0.000189247 -0.0109985 -0.0169124
internal_weight=0 2021.91 80.0568 57.7282 1941.85 36.0281 1925.27 1909.26 21.2081 1888.06 45.2375 1842.82 1825.97 31.212 22.4606
internal_count=14274 14117 531 397 13586 258 13477 13368 246 13122 322 12800 12627 346 256
is_linear=0
shrinkage=0.03


Tree=452
num_leaves=16
num_cat=0
split_feature=12 12 0 2 0 12 5 13 13 2 2 13 3 5 13
split_gain=0.591089 4.31236 1.89924 2.67468 1.76041 1.65195 1.39751 0.847714 1.47985 2.79546 2.32123 1.3608 7.8827 7.09507 6.33933
threshold=6.269263500000001 5.5940500000000002 0.6736025000000001 0.39948850000000008 0.48448250000000004 4.9685970000000008 1.5000000000000002 0.0092175000000000017 0.033667000000000009 0.12365850000000002 0.42966850000000006 0.12692700000000004 0.62500000000000011 1.5000000000000002 0.13471650000000004
decision_type=2 2 2 2 2 2 2 2 2 2 2 2 2 2 2
left_child=1 5 3 4 -2 7 -5 -1 9 -9 -11 12 -10 -14 -13
right_child=2 -3 -4 6 -6 -7 -8 8 11 10 -12 14 13 -15 -16
leaf_value=-0.0069316379707146207 0.0096403698888767719 -0.01748568736167614 0.011271884132707185 -0.0143856763663994 -0.00079243649775289618 0.01042520801144841 -0.0016608514123689535 -0.0077229902215050078 0.0010151452237451739 0.015843424874660974 -0.00024664153001314765 0.019358052136780102 -0.024426050163736692 0.0021485572086304429 -8.2567005536977287e-05
leaf_weight=15.131798064336179 27.604043691651896 11.792315230472012 16.280107771977782 11.192805347964166 29.354756755754352 12.558129273355005 22.258714917581528 10.292843403294681 117.5473230535863 19.792990987421945 13.137789372354744 14.232469800394027 23.374833585694432 14.134048283100126 1685.794151039212
leaf_count=112 162 84 85 69 167 70 175 66 953 150 114 108 134 100 11725
internal_value=0 -0.000125001 0.00215848 0.00041208 0.00434273 -9.68717e-06 -0.00621253 -8.35825e-05 -2.53744e-05 0.00539826 0.00960618 -0.000154586 -0.00283566 -0.0146165 9.14726e-05
internal_weight=0 1937.79 106.69 90.4103 56.9588 1926 33.4515 1913.44 1898.31 43.2236 32.9308 1855.08 155.056 37.5089 1700.03
internal_count=14274 13616 658 573 329 13532 244 13462 13350 330 264 13020 1187 234 11833
is_linear=0
shrinkage=0.03


Tree=453
num_leaves=16
num_cat=0
split_feature=3 13 13 2 2 2 2 13 2 6 1 1 1 13 13
split_gain=0.603832 2.28754 2.20031 7.0545 6.13783 5.41592 6.27468 3.97484 2.91708 2.8333 2.31829 6.14358 3.86971 4.79009 3.8451
threshold=0.37500000000000006 0.85206150000000014 0.52878700000000012 0.045850000000000009 0.13117100000000001 0.099631500000000012 0.13406400000000004 0.43822650000000002 0.25130050000000004 2.5000000000000004 0.55689150000000009 0.43687500000000007 0.38052850000000005 0.31701850000000004 0.23985550000000003
decision_type=2 2 2 2 2 2 2 2 2 2 2 2 2 2 2
left_child=1 2 3 -1 -4 -5 -7 10 -6 -10 11 12 13 14 -8
right_child=-2 -3 4 5 8 6 7 -9 9 -11 -12 -13 -14 -15 -16
leaf_value=-0.02529939634689864 0.0001731213744948021 -0.016535466892375918 0.026925231723457638 0.015283700666715649 -0.016376051302311387 -0.024542291180172905 -0.00061141159261867209 -0.017643501988884067 0.015125048688969031 -0.0079759574371423038 0.014214554416487404 -0.015063295167714239 0.015582927773876872 0.013036683822699582 -0.019982352122724825
leaf_weight=10.154193451628087 1827.4875851939432 7.7418807270005336 8.2891065459698421 16.242607966065407 7.2655333494767573 9.7612513117492181 54.687548111542128 10.530110254883764 9.8014617580920476 7.7169594364240757 9.5538068590685707 20.34481068700552 16.267608686350286 18.503161004511639 10.110174422618
leaf_count=76 12064 75 63 123 73 97 659 108 62 140 91 189 132 194 128
internal_value=0 -0.00149734 -0.000864889 -0.00220386 0.00612217 -0.000648085 -0.00246594 -0.000763533 -0.00160993 0.00506774 0.000734097 -0.000448604 0.0026577 -2.13389e-05 -0.00389155
internal_weight=0 216.97 209.228 176.155 33.0731 166.001 149.758 139.997 24.784 17.5184 129.467 119.913 99.5685 83.3009 64.7977
internal_count=14274 2210 2135 1797 338 1721 1598 1501 275 202 1393 1302 1113 981 787
is_linear=0
shrinkage=0.03


Tree=454
num_leaves=16
num_cat=0
split_feature=0 0 2 13 1 0 13 0 0 13 2 2 0 13 2
split_gain=0.592628 6.45423 11.0495 10.2585 8.93339 6.69021 7.13949 3.38113 6.44217 5.30077 7.15882 8.6965 6.83405 6.07128 5.55937
threshold=0.64162550000000007 0.61585650000000014 0.42966850000000006 0.60807500000000014 0.47932400000000003 0.62168050000000008 0.39885150000000008 0.68054500000000007 0.67604800000000009 0.47413050000000007 0.111363 0.16080350000000002 0.70897550000000009 0.36757900000000004 0.072519000000000014
decision_type=2 2 2 2 2 2 2 2 2 2 2 2 2 2 2
left_child=1 -1 4 -4 -3 -6 -7 8 -2 10 14 -12 -11 -13 -9
right_child=7 2 3 -5 5 6 -8 9 -10 12 11 13 -14 -15 -16
leaf_value=-0.00026054996622288361 -0.0023450951026303128 0.025318996995942228 0.0062835997192055779 -0.028747810633076656 0.021868335967304604 0.012878744723181483 -0.012708285510344326 -0.001008719133059286 -0.021561286994366914 0.014078956648084107 -0.02934114773914024 -0.00048040670240367072 0.00067381684022830483 -0.020555686517398721 0.021509171496099422
leaf_weight=1473.2155019009952 123.98714342899621 30.689765498042107 17.34006937220693 11.919484157115219 14.131169157102702 16.305452356114984 21.695929638110101 28.100238088518381 17.038500579074025 45.991953289136291 13.409092668443916 74.146174975670874 126.41507991123945 15.606084415689109 14.13855887763202
leaf_count=10769 778 194 134 77 82 106 131 153 110 282 80 454 728 111 85
internal_value=0 0.000269446 0.00717646 -0.0084656 0.0127376 0.00499392 -0.00168081 -0.000953724 -0.00480223 0.000763742 -0.00344238 -0.0076826 0.00431039 -0.00415913 0.00685181
internal_weight=0 1585.3 112.082 29.2596 82.8223 52.1326 38.0014 458.833 141.026 317.807 145.4 103.161 172.407 89.7523 42.2388
internal_count=14274 11493 724 211 513 319 237 2781 888 1893 883 645 1010 565 238
is_linear=0
shrinkage=0.03


Tree=455
num_leaves=16
num_cat=0
split_feature=2 2 12 0 2 14 0 13 4 13 0 5 2 1 13
split_gain=0.592982 4.05224 4.03536 3.46561 4.63421 8.8529 9.80674 11.1305 4.98724 6.6575 4.3113 7.73666 4.08661 4.07954 6.69296
threshold=0.33724900000000008 0.33219800000000005 37.479372000000005 0.7146475000000001 0.39948850000000008 0.87500000000000011 0.38536150000000008 0.69913750000000008 0.89583350000000006 0.81279400000000013 0.58380200000000004 2.5000000000000004 0.40447750000000005 0.27894700000000006 0.31272250000000007
decision_type=2 2 2 2 2 2 2 2 2 2 2 2 2 2 2
left_child=1 2 -1 4 5 -2 7 -7 13 10 11 -10 -5 -8 -15
right_child=3 -3 -4 12 -6 6 8 -9 9 -11 -12 -13 -14 14 -16
leaf_value=-0.00043326790990097139 -0.011068724816430663 -0.015592118690869924 0.015893396781108231 -0.018816791280272239 -0.00019275906325334812 -0.024965817059789855 0.016644660268114817 0.01286741245567154 0.02436381927020817 0.00031705520173008907 0.028922391815510803 -0.0036222930973990957 0.00059811078830454426 -0.014355140278854997 0.011497789399857098
leaf_weight=1147.6880337137263 25.016647368320264 14.683353095781056 12.788557354360817 16.67900103982538 647.70511461934075 14.936752415029334 13.653892665635793 11.635366888716815 20.114662235602736 19.673400143161416 28.398225573822856 14.95919783785939 21.643544026650488 18.122555269859731 16.072008721530437
leaf_count=7450 233 112 67 107 5073 140 93 82 125 128 171 109 142 128 114
internal_value=0 -0.000444735 -0.000239818 0.000588443 0.000999455 0.0052068 0.00784436 -0.0085336 0.0112061 0.0156092 0.0202707 0.0126581 -0.00811541 0.00339197 -0.00222241
internal_weight=0 1175.16 1160.48 868.61 830.288 182.583 157.566 26.5721 130.994 83.1455 63.4721 35.0739 38.3225 47.8485 34.1946
internal_count=14274 7629 7517 6645 6396 1323 1090 222 868 533 405 234 249 335 242
is_linear=0
shrinkage=0.03


Tree=456
num_leaves=16
num_cat=0
split_feature=1 0 1 0 13 6 13 1 6 13 3 1 1 1 0
split_gain=0.615159 6.02433 4.25842 3.5278 3.69742 7.18968 4.82211 5.72248 4.2508 4.77583 4.11038 3.66567 3.54117 10.1628 5.99401
threshold=0.20424150000000005 0.29041800000000006 0.19691750000000002 0.55243100000000012 0.88253450000000011 2.5000000000000004 0.67788150000000014 0.098222000000000018 2.5000000000000004 0.7307220000000002 0.87500000000000011 0.11066250000000001 0.19014300000000003 0.17825850000000001 0.37252750000000007
decision_type=2 2 2 2 2 2 2 2 2 2 2 2 2 2 2
left_child=2 -2 3 4 6 11 12 10 -9 -10 -8 -6 13 -1 -15
right_child=1 -3 -4 -5 5 -7 7 8 9 -11 -12 -13 -14 14 -16
leaf_value=-0.0015604864118997086 -0.020538530323052372 -0.0001052825473573714 0.011520361274081249 -0.013290214909379528 -0.0048918721339437383 0.0066447066905576781 -0.016738202714797455 0.01901272265629856 0.019686566750182717 -0.0079167346542925732 0.0077741387385054823 -0.026940578371829168 -0.013999027152800634 -0.0006867077435837453 0.02892401215487915
leaf_weight=203.58739391993731 12.091655679978428 1611.2394258556888 31.091051598545164 15.822006386704741 13.383701536804439 19.634864853695035 11.242136307992041 37.323099788278341 7.968448230065408 14.258225539233534 11.519131137058139 13.994368344545363 14.744280092418192 9.5977046736516076 15.917436884716151
leaf_count=1827 110 10618 227 146 84 193 111 237 71 147 92 83 115 87 126
internal_value=0 -0.000270034 0.00101669 0.000149771 0.000753607 -0.00702326 0.00189262 0.00812381 0.0129545 0.0024008 -0.00452778 -0.0167143 -0.000235322 0.000707453 0.0181799
internal_weight=0 1623.33 420.084 388.993 373.171 47.0129 326.158 82.311 59.5498 22.2267 22.7613 27.3781 243.847 229.103 25.5151
internal_count=14274 10728 3546 3319 3173 360 2813 658 455 218 203 167 2155 2040 213
is_linear=0
shrinkage=0.03


Tree=457
num_leaves=16
num_cat=0
split_feature=13 13 1 1 1 13 13 13 13 5 13 10 13 4 13
split_gain=0.619036 2.5028 2.507 7.16467 5.55218 3.89929 4.19438 3.84683 12.1651 8.86879 5.59101 4.86265 3.81878 3.24257 9.17196
threshold=0.37821950000000004 0.38991850000000006 0.6391285000000001 0.65826350000000011 0.54212850000000012 0.73882100000000006 0.56123800000000013 0.65806450000000016 0.56484250000000014 1.5000000000000002 0.87075050000000009 0.18572750000000002 0.87611150000000004 0.85416650000000016 0.42958300000000005
decision_type=2 2 2 2 2 2 2 2 2 2 2 2 2 2 2
left_child=-1 -2 4 -4 13 6 -5 8 9 -6 11 -9 -7 -3 -15
right_child=1 2 3 5 7 12 -8 10 -10 -11 -12 -13 -14 14 -16
leaf_value=0.00068562053768505605 -0.01225157181593014 -0.0036108136997397115 0.020404030906790341 0.00508409132568057 0.0048395653517614981 0.015620379744241979 -0.011643828558402973 -0.0071845756395124754 0.016352812120806352 -0.023826035794213777 -0.0016627410823717968 -0.030069644250500079 -0.0029497344048158391 0.013427601227110819 4.9434727333761579e-05
leaf_weight=742.07655686780345 14.840966158546506 180.34757420863025 18.804927933961153 22.410074848681688 16.78287116996944 21.986634157598019 31.271398020908237 16.266705206595361 21.519562667235732 21.16366376914084 27.462419273331761 18.157863359898329 17.11397421034053 47.853571517392993 825.12727701896802
leaf_count=5407 112 1369 110 123 92 127 166 97 123 142 159 104 97 324 5722
internal_value=0 -0.000399567 -0.000253408 0.00402342 -0.000662755 0.00052126 -0.00469526 -0.00671174 -0.00121974 -0.0113492 -0.0118856 -0.0197638 0.00762154 3.98484e-05 0.000797301
internal_weight=0 1301.11 1286.27 111.587 1174.68 92.7821 53.6815 121.353 59.4661 37.9465 61.887 34.4246 39.1006 1053.33 872.981
internal_count=14274 8867 8755 623 8132 513 289 717 357 234 360 201 224 7415 6046
is_linear=0
shrinkage=0.03


Tree=458
num_leaves=16
num_cat=0
split_feature=13 0 0 1 4 3 14 2 1 6 13 1 0 2 0
split_gain=0.601278 3.04446 4.4368 6.01858 5.92383 5.05952 9.86307 5.83756 5.64557 4.56287 4.48125 7.26426 4.8607 4.43602 4.26977
threshold=0.83538150000000011 0.25410050000000006 0.37421200000000004 0.19691750000000002 0.85416650000000016 0.87500000000000011 0.87500000000000011 0.51801750000000013 0.6391285000000001 2.5000000000000004 0.90639550000000013 0.48462800000000006 0.55243100000000012 0.59441200000000005 0.57208700000000012
decision_type=2 2 2 2 2 2 2 2 2 2 2 2 2 2 2
left_child=-1 -2 9 13 -5 6 -6 8 10 -3 12 -12 -7 -4 -8
right_child=1 2 3 4 5 7 14 -9 -10 -11 11 -13 -14 -15 -16
leaf_value=-0.00023784903330765879 -0.013637637857910015 0.015737921089520386 -0.026227596496425663 -0.014522247899146091 -0.016048268903160454 0.010743125622069152 0.01885180405095228 0.015205597815542446 0.012378897839942902 -0.0048240118119850812 -0.019116222732576151 0.0020178544840495148 -0.0076859002680918958 -0.0025876723087949957 0.0052214792170047876
leaf_weight=1697.191271026968 11.131700979545711 34.071714531630278 11.410428578034045 17.782392974942923 12.179081529378889 24.01604120247066 40.531643142923713 17.461739180609584 17.840579334646463 12.890599444508551 36.256810881197453 23.82029389962554 25.572169214487076 17.421195947565138 43.33645761013031
leaf_count=11945 81 218 88 120 112 155 267 118 103 129 244 141 148 144 261
internal_value=0 0.00113307 0.00166366 0.000254173 0.00171875 0.00297208 0.00827378 -0.000573133 -0.00283552 0.010111 -0.00540012 -0.0108408 0.00127538 -0.012509 0.0119532
internal_weight=0 345.723 334.591 287.629 258.797 241.015 96.0472 144.968 127.506 46.9623 109.665 60.0771 49.5882 28.8316 83.8681
internal_count=14274 2329 2248 1901 1669 1549 640 909 791 347 688 385 303 232 528
is_linear=0
shrinkage=0.03


Tree=459
num_leaves=16
num_cat=0
split_feature=1 0 1 5 13 0 10 10 8 2 10 1 3 13 2
split_gain=0.60343 5.76674 3.95304 3.46479 5.74481 6.56516 3.86414 6.47458 3.33018 4.33566 3.22646 3.11096 14.3605 8.24134 12.1991
threshold=0.20424150000000005 0.29041800000000006 0.19691750000000002 4.5000000000000009 0.83978700000000017 0.39385750000000003 0.30310950000000009 0.62504050000000011 1.0000000180025095e-35 0.68085700000000016 0.47411350000000002 0.23846350000000002 0.87500000000000011 0.85938800000000015 0.63198450000000006
decision_type=2 2 2 2 2 2 2 2 2 2 2 2 2 2 2
left_child=2 -2 3 6 5 -5 -1 -8 -9 -10 -4 12 13 14 -3
right_child=1 11 10 4 -6 -7 7 8 9 -11 -12 -13 -14 -15 -16
leaf_value=-0.0019153197531692678 -0.020176018336287457 -0.0085326161267065704 0.019124215996430244 -0.016015941831066721 -0.023877060606617938 0.012741620160673916 0.017511902779910313 -0.0077351182930374077 0.0067993632051059384 -0.0076680157599897728 -0.00014353674384641241 0.00025391114369502008 -0.023276832465538338 0.024898002034368788 0.021055077193314328
leaf_weight=180.33719060581643 11.990694659762083 58.750218836590648 17.801819512620572 11.870418253820391 12.770407816395162 15.060011398047207 27.208578243851662 26.093280094442889 92.91496576461941 22.375680891796947 13.368415229953824 1498.9501965749077 27.606662631034851 10.536857560276983 14.883113091811536
leaf_count=1609 110 464 124 145 111 164 167 325 651 147 103 9773 202 78 101
internal_value=0 -0.000268076 0.00100671 0.000169689 -0.00811527 -5.37516e-05 0.00113284 0.00438541 0.00175404 0.00394973 0.011113 -0.000107449 -0.00491265 0.00131313 -0.00235023
internal_weight=0 1622.72 419.801 388.631 39.7008 26.9304 348.93 168.593 141.384 115.291 31.1702 1610.73 111.777 84.1702 73.6333
internal_count=14274 10728 3546 3319 420 309 2899 1290 1123 798 227 10618 845 643 565
is_linear=0
shrinkage=0.03


Tree=460
num_leaves=16
num_cat=0
split_feature=1 1 2 2 0 0 1 3 1 1 6 13 2 0 0
split_gain=0.591937 7.01771 3.01269 4.15165 5.22223 3.21238 3.5775 6.05488 5.27126 2.75362 5.36043 5.6104 4.55311 2.89648 7.56848
threshold=0.30794200000000005 0.31471900000000003 0.58070100000000013 0.44803600000000005 0.67604800000000009 0.65173350000000008 0.38052850000000005 0.87500000000000011 0.34101050000000005 0.29512900000000003 2.5000000000000004 0.66069000000000011 0.054539500000000012 0.62918950000000018 0.56858000000000009
decision_type=2 2 2 2 2 2 2 2 2 2 2 2 2 2 2
left_child=9 -2 3 -3 5 6 7 8 -5 12 11 -11 -1 14 -14
right_child=1 2 -4 4 -6 -7 -8 -9 -10 10 -12 -13 13 -15 -16
leaf_value=-0.014432283678779443 -0.018126100320009993 0.00015603151889997724 0.010385682952078226 -0.0052227809960738109 0.0044537408442838246 -0.025682827866407031 0.005784051112209739 0.0022611071004076961 -0.03469094342113261 0.0027674290169344344 -0.0062898188691924159 0.028633848933730159 0.001022525497938583 0.01446483724919214 -0.012482477662919055
leaf_weight=17.695761136710644 18.826214878354222 1097.4011561744846 23.026224530301988 10.097085068468006 26.082650913856924 10.767107900232075 12.302239591255782 14.986649513244627 12.067826454527674 16.293729878962044 15.543345762416719 13.453298671171067 702.62038229615428 12.237146621569989 38.441599510610104
leaf_count=149 168 6845 151 94 173 71 94 99 101 96 162 78 5600 96 297
internal_value=0 -0.000422529 -0.000131556 -0.000344738 -0.00664117 -0.0114408 -0.00789246 -0.0124542 -0.0220719 0.000619673 0.0077264 0.0150165 0.000192736 0.000554971 0.000306094
internal_weight=0 1225.56 1206.73 1183.7 86.3036 60.2209 49.4538 37.1516 22.1649 816.285 45.2904 29.747 770.995 753.299 741.062
internal_count=14274 7796 7628 7477 632 459 388 294 195 6478 336 174 6142 5993 5897
is_linear=0
shrinkage=0.03


Tree=461
num_leaves=16
num_cat=0
split_feature=13 1 0 1 2 2 13 0 2 13 13 1 0 1 13
split_gain=0.603086 2.44779 10.4081 5.67864 3.5985 5.64247 4.93992 8.60446 7.48261 4.49398 6.49784 3.40159 9.16559 7.64919 6.47793
threshold=0.37821950000000004 0.71137950000000016 0.77441700000000013 0.75720150000000019 0.15632400000000002 0.16441850000000002 0.25652200000000008 0.39761850000000004 0.049066500000000006 0.11348300000000001 0.060507500000000006 0.55230650000000014 0.68580050000000015 0.60636600000000007 0.37054850000000006
decision_type=2 2 2 2 2 2 2 2 2 2 2 2 2 2 2
left_child=1 2 4 -3 6 -6 8 -8 -1 10 -10 12 14 -13 -7
right_child=-2 3 -4 -5 5 11 7 -9 9 -11 -12 13 -14 -15 -16
leaf_value=0.012580194170479685 -0.00039590823122261131 0.022193323815001921 -0.026513823426360571 -0.0023015401412793263 0.020084743096503328 0.0010843983638281858 0.007149135016143034 -0.018896000254288527 -0.0011909786490654271 0.0022418478909748438 -0.02577135530488818 0.021818748479321033 -0.018070432475973258 -0.0055328200117126525 0.022706082847506644
leaf_weight=31.720047121867537 1299.6049014171585 14.195237152278422 11.797479096800087 19.002995481714606 14.077940464019774 448.33782465243712 16.072917454876006 35.014268115162849 22.932514767162502 43.79768802691251 15.878445129841564 20.529733414761722 21.145253223367035 15.491163350641726 11.833386562764643
leaf_count=201 8867 86 64 107 100 3522 112 212 155 286 106 140 145 84 87
internal_value=0 0.000675548 0.000296803 0.00851492 0.000788056 0.00199061 -0.003064 -0.0107218 0.00042115 -0.0043423 -0.0116421 0.00146042 0.000784719 0.0102242 0.00168843
internal_weight=0 741.827 708.629 33.1982 696.831 531.415 165.416 51.0872 114.329 82.6086 38.811 517.337 481.316 36.0209 460.171
internal_count=14274 5407 5214 193 5150 4078 1072 324 748 547 261 3978 3754 224 3609
is_linear=0
shrinkage=0.03


Tree=462
num_leaves=16
num_cat=0
split_feature=11 0 10 13 0 4 10 10 10 10 10 0 10 13 13
split_gain=0.571286 2.42421 1.27591 1.35573 1.18836 1.00635 0.949655 1.74337 1.84218 1.5052 3.40622 6.22592 3.62528 1.76192 1.64226
threshold=5.3344820000000004 0.55100950000000004 55.832424500000009 0.63179200000000013 0.39532050000000002 0.96875000000000011 52.979579500000007 51.160083500000006 50.186343500000007 49.209645000000009 48.307167500000013 0.52431450000000013 19.677713000000004 0.58162700000000012 0.58936650000000013
decision_type=2 2 2 2 2 2 2 2 2 2 2 2 2 2 2
left_child=2 4 6 -4 -2 -3 7 8 9 10 12 -12 -1 -14 -11
right_child=1 5 3 -5 -6 -7 -8 -9 -10 14 11 -13 13 -15 -16
leaf_value=-1.9821945351483739e-05 7.416118257550167e-05 -0.0031932799369853932 0.017646889554705003 -0.0010868609041370027 -0.017917757133470689 0.01434221284759897 -0.007761796330296224 0.010298534455585292 -0.0095174958910958698 0.014763658181625342 -0.020901341961984805 0.0036879845836925202 0.018117735724280222 0.0022610652259976495 -0.00075000358211570661
leaf_weight=1875.4113877683412 4.8463249239139286 4.9903916250914317 6.5935816196724755 6.210805881768465 9.3265144168399257 5.2701758239418268 13.131930143572388 13.806084946729241 17.265342494472861 11.976593786850573 18.197073247283697 17.421601004898548 13.677732033655049 11.624575184658168 11.48392125405371
leaf_count=12512 96 98 98 66 164 106 176 180 150 115 120 124 97 77 95
internal_value=0 -0.00447424 5.02074e-05 0.00913955 -0.0121661 0.00628736 -1.23977e-05 4.25891e-05 -3.41998e-05 5.41572e-05 -3.92436e-05 -0.00910208 0.000135288 0.0111957 0.00744952
internal_weight=0 24.4334 2016.8 12.8044 14.1728 10.2606 2004 1990.86 1977.06 1959.79 1936.33 35.6187 1900.71 25.3023 23.4605
internal_count=14274 464 13810 164 260 204 13646 13470 13290 13140 12930 244 12686 174 210
is_linear=0
shrinkage=0.03


Tree=463
num_leaves=16
num_cat=0
split_feature=13 13 0 1 11 11 7 2 2 0 2 2 0 2 13
split_gain=0.579295 3.003 2.82008 4.51152 3.55087 5.26347 4.2424 2.78943 6.01931 5.42553 4.003 2.31828 2.26831 2.6773 2.86942
threshold=0.83538150000000011 0.79784100000000013 0.79622000000000015 0.59949150000000018 0.17830350000000003 0.52466950000000012 0.70833350000000006 0.17813500000000002 0.25561100000000009 0.54156050000000011 0.46959400000000007 0.14026050000000004 0.86418150000000005 0.0066115000000000002 0.72263700000000008
decision_type=2 2 2 2 2 2 2 2 2 2 2 2 2 2 2
left_child=1 12 3 4 -2 -6 -7 -3 -9 10 -10 -5 13 -1 -15
right_child=2 7 -4 11 5 6 -8 8 9 -11 -12 -13 -14 14 -16
leaf_value=0.011769583251431915 0.00019251498811088233 -0.013640208839149163 0.014668132646050653 -0.017597267210918224 0.019822933508661364 -0.005302023541734628 0.019472059168246843 0.016223880965814105 0.011011968927834903 -0.020170701209738053 -0.011924818823096463 -0.0014274908703594744 -0.011503888778485228 -0.00040027012267582522 0.0038143675007000777
leaf_weight=16.678514527156949 248.40041679516435 26.46139220520854 12.284716021269558 16.240601146593693 21.361976590007544 24.421885613352064 7.2382615311071268 11.836582597345112 15.300517914816739 16.35064176749438 10.820118861272929 15.213162559550254 14.149114804342387 1423.5147905783961 160.9082679557614
leaf_count=102 1564 160 77 87 131 212 170 79 116 105 97 88 79 10123 1084
internal_value=0 -0.000233683 0.00111293 0.000570242 0.00170927 0.00867993 0.000784702 -0.00584262 -0.00186533 -0.00716396 0.00142135 -0.0100614 5.02286e-05 0.00015945 2.98891e-05
internal_weight=0 1696.02 345.161 332.876 301.423 53.0221 31.6601 80.7693 54.3079 42.4713 26.1206 31.4538 1615.25 1601.1 1584.42
internal_count=14274 11945 2329 2252 2077 513 382 557 397 318 213 175 11388 11309 11207
is_linear=0
shrinkage=0.03


Tree=464
num_leaves=16
num_cat=0
split_feature=13 13 1 1 1 1 2 2 13 13 4 5 13 2 0
split_gain=0.582757 2.39868 5.58878 7.66109 13.0701 11.1378 2.57433 3.92797 5.51878 8.22525 4.49281 7.26621 4.0034 3.03713 5.42053
threshold=0.37821950000000004 0.33206050000000004 0.52876800000000013 0.45582000000000006 0.38479050000000004 0.31319200000000008 0.71041900000000013 0.54006950000000009 0.28468550000000009 0.23341650000000003 0.60416650000000016 1.5000000000000002 0.32030450000000005 0.061293500000000008 0.42741600000000007
decision_type=2 2 2 2 2 2 2 2 2 2 2 2 2 2 2
left_child=1 6 3 4 5 -3 7 12 9 10 -9 -12 13 14 -1
right_child=-2 2 -4 -5 -6 -7 -8 8 -10 -11 11 -13 -14 -15 -16
leaf_value=-0.010429437322239913 -0.00038808577920540586 0.0019178220566963471 -0.01070373135557498 0.028083309394300159 -0.021470534173240852 0.030302006143373035 -0.010347112006207153 -0.0052117611394232833 0.02357310672033391 -0.020001782054194388 0.033319024861055174 0.0036299866834540555 -0.013340219573306538 -0.00086311175924907741 0.010666971707246934
leaf_weight=13.150108514353631 1299.3647277022246 43.948674488347024 16.494110122323036 13.230929501354693 13.73607311490923 16.439143449999392 20.034405907383189 14.79256685846485 13.367789881303905 10.594064694829283 10.75968391261995 20.879386831074953 20.134439795278013 464.72583039326128 49.32417075894773
leaf_count=100 8867 344 99 83 92 116 202 143 93 92 78 180 140 3358 287
internal_value=0 0.00066529 0.00487037 0.00789889 0.00397015 0.0100125 -2.59886e-05 0.000324932 0.00694359 0.00270628 0.00819993 0.014438 -0.000537414 -2.41284e-05 0.00613207
internal_weight=0 741.611 103.849 87.3548 74.1239 60.3878 637.762 617.728 70.3935 57.0257 46.4316 31.6391 547.335 527.2 62.4743
internal_count=14274 5407 734 635 552 460 4673 4471 586 493 401 258 3885 3745 387
is_linear=0
shrinkage=0.03


Tree=465
num_leaves=16
num_cat=0
split_feature=0 0 0 13 13 13 1 1 1 13 10 2 2 2 2
split_gain=0.576584 4.75612 4.57502 4.37676 6.25573 4.87625 3.02004 5.63464 4.66454 4.09502 3.2331 3.01704 3.44151 3.05263 2.9455
threshold=0.33214400000000005 0.35462050000000006 0.35970200000000002 0.24647600000000003 0.54025600000000018 0.81696200000000008 0.27249050000000002 0.21293600000000004 0.19481350000000003 0.36757900000000004 0.24598450000000002 0.23353500000000002 0.17649900000000004 0.35937250000000004 0.44498500000000007
decision_type=2 2 2 2 2 2 2 2 2 2 2 2 2 2 2
left_child=6 3 -3 -2 -5 -6 7 8 10 -9 -1 12 -12 -13 -15
right_child=1 2 -4 4 5 -7 -8 9 -10 -11 11 13 -14 14 -16
leaf_value=-0.003156484823774037 -0.02630488092390762 0.016127565444857262 -4.8842245160022103e-05 0.010326967976518704 -0.025181141111222789 -0.0002682571662874429 0.015570257903468941 0.003450777935627417 0.018781842850336947 -0.021049591936070606 0.0067506812320491496 0.019374815213426284 -0.014085508025085586 -0.0096951073457986446 0.01271760558026948
leaf_weight=76.454874638235196 9.5976109271869046 14.875469803810118 1780.0052438876592 15.323697014246134 13.508526138495656 13.835999515838919 11.90994854737073 9.2082692254334706 13.707028297707437 16.037081751972437 16.751701253466312 19.091416523326188 10.946051707491277 8.8031238773837703 10.487433860311283
leaf_count=663 105 112 12096 128 121 104 87 81 114 131 128 157 74 78 95
internal_value=0 -0.000167991 9.4129e-05 -0.00900231 -0.00459709 -0.0130297 0.00154962 0.000549247 0.00269412 -0.0123221 0.00102695 0.00584212 -0.00168759 0.0111807 0.00251596
internal_weight=0 1847.15 1794.88 52.2658 42.6682 27.3445 193.397 181.487 156.242 25.2454 142.535 66.0797 27.6978 38.382 19.2906
internal_count=14274 12666 12208 458 353 225 1608 1521 1309 212 1195 532 202 330 173
is_linear=0
shrinkage=0.03


Tree=466
num_leaves=16
num_cat=0
split_feature=2 2 12 0 2 5 0 0 14 13 0 13 2 0 4
split_gain=0.569095 3.83196 3.81434 3.19283 4.36536 8.57193 9.89205 10.3468 7.52923 6.16383 10.9965 9.83258 3.90457 3.42877 7.36804
threshold=0.33724900000000008 0.33219800000000005 37.479372000000005 0.7146475000000001 0.39948850000000008 1.0000000180025095e-35 0.58380200000000004 0.61161100000000002 0.87500000000000011 0.67788150000000014 0.38536150000000008 0.22566750000000005 0.40447750000000005 0.57208700000000012 0.57291650000000016
decision_type=2 2 2 2 2 2 2 2 2 2 2 2 2 2 2
left_child=1 2 -1 4 5 -2 8 -8 -7 10 -10 -12 -5 -6 -15
right_child=3 -3 -4 12 13 6 7 -9 9 -11 11 -13 -14 14 -16
leaf_value=-0.00042423083726268886 0.023803396792642692 -0.015205601958918548 0.015456056776791655 -0.018286334254196089 0.0011987915293783858 -0.022474049141697698 0.031240318503984128 0.0040416940989318239 -0.028146620394057409 0.010227577614279377 0.018230983464251341 -0.010121354344001078 0.00071990469082709556 0.016839069012598816 -0.0053404069796711921
leaf_weight=1145.8609631904401 18.62667884491384 14.597897050902246 12.776461591944097 16.587236776947975 461.35658293648157 13.881938586127943 17.501055220142007 40.539348291233182 13.531371073331682 35.157810758799314 18.180970534682274 24.864497518632561 21.606927468441427 13.653974574990569 171.50373687874526
leaf_count=7450 114 112 67 107 3766 156 116 261 132 240 129 175 142 115 1192
internal_value=0 -0.000434989 -0.000235939 0.00057806 0.000972626 0.00505934 0.00279437 0.0126332 -0.00268021 0.000525176 -0.00557698 0.00199576 -0.00779022 -0.000185651 -0.00362317
internal_weight=0 1173.24 1158.64 866.992 828.798 182.284 163.657 58.0404 105.617 91.7346 56.5768 43.0455 38.1942 646.514 185.158
internal_count=14274 7629 7517 6645 6396 1323 1209 377 832 676 436 304 249 5073 1307
is_linear=0
shrinkage=0.03


Tree=467
num_leaves=16
num_cat=0
split_feature=3 13 13 13 1 1 5 1 0 0 0 1 1 1 13
split_gain=0.58023 1.91728 1.92112 6.87897 4.86211 3.65337 6.27507 10.0048 6.16266 5.51697 5.58599 9.55705 7.28092 6.94296 5.48784
threshold=0.37500000000000006 0.017249000000000004 0.29099350000000007 0.30525500000000005 0.75720150000000019 0.55230650000000014 1.0000000180025095e-35 0.61113550000000016 0.68308900000000017 0.63069450000000005 0.50218450000000014 0.39704350000000005 0.36024100000000009 0.40854850000000004 0.14934800000000001
decision_type=2 2 2 2 2 2 2 2 2 2 2 2 2 2 2
left_child=-1 -2 4 -4 5 8 -7 -8 9 10 11 14 -12 -14 -3
right_child=1 2 3 -5 -6 6 7 -9 -10 -11 12 -13 13 -15 -16
leaf_value=-0.0014699906614705363 -0.008361321873371217 -0.0039728138252092598 -0.016986790650038747 1.2621325578640176e-05 -0.015212459146641091 -0.0075071287325965217 0.026328934519375173 0.00091991882875648383 -0.017429579793546889 0.014548587387191822 0.0042388482308730029 0.029297235859520463 -0.02835762358522962 -0.0052081299671079299 0.0072470017302720801
leaf_weight=216.16514631162863 22.402969302609563 68.598351222462952 20.764830149710178 1367.4773015673272 13.165525464341043 15.772989047691224 26.780121233314276 28.158753897994757 14.041447980329393 28.646764999255538 52.067243605852127 11.856202300637959 14.434122921898959 50.422400223091245 89.167331283912063
leaf_count=2210 149 501 144 9083 72 81 152 152 82 180 358 72 94 303 641
internal_value=0 0.000170386 0.000281073 -0.000253694 0.00207441 0.00267998 0.00881762 0.0135549 0.00133905 0.00222765 0.000949578 0.00441674 -0.00407505 -0.0107125 0.0023742
internal_weight=0 1823.76 1801.35 1388.24 413.111 399.946 70.7119 54.9389 329.234 315.192 286.546 169.622 116.924 64.8565 157.766
internal_count=14274 12064 11915 9227 2688 2616 385 304 2231 2149 1969 1214 755 397 1142
is_linear=0
shrinkage=0.03


Tree=468
num_leaves=16
num_cat=0
split_feature=4 4 0 1 2 2 4 13 2 13 0 2 4 5 1
split_gain=0.568129 0.752998 6.77945 5.2797 5.03417 4.42001 3.16064 2.49243 3.69305 3.0624 2.14907 2.51467 1.29212 10.4323 10.0591
threshold=0.35416650000000005 0.53125000000000011 0.49928100000000003 0.28093200000000007 0.35604800000000009 0.42708850000000004 0.46875000000000006 0.14934800000000001 0.12365850000000002 0.078998500000000013 0.43345050000000007 0.15872750000000002 0.60416650000000016 2.5000000000000004 0.28647650000000008
decision_type=2 2 2 2 2 2 2 2 2 2 2 2 2 2 2
left_child=-1 2 5 -4 7 6 -2 9 -9 -5 11 -8 13 14 -3
right_child=1 12 3 4 -6 -7 10 8 -10 -11 -12 -13 -14 -15 -16
leaf_value=-0.0062893262859705854 -0.024733405598719192 0.0032851745647190433 0.023843209240680299 0.0045969709078710966 -0.0090101644547480823 0.0069615104495534402 -0.012648814056318772 0.013753120919969339 -0.0052588833063471297 0.024480873513967973 -0.01614356136653242 0.0061462823686424918 -3.6452563744629174e-05 0.023621221789098111 -0.03727640204408416
leaf_weight=11.862656721263191 9.7098763053072599 10.795916557312017 13.324614658951758 14.596214266493918 19.440322640351951 17.764160856138915 9.2221451848745364 14.783055568113921 21.146018587984145 13.42973338626325 11.469119461253284 16.180229872465134 1839.1469231452793 6.7780379595933473 9.9169587660580856
leaf_count=99 110 122 89 95 168 157 74 92 143 91 79 141 12609 111 94
internal_value=0 3.55478e-05 0.0019971 0.00698859 0.00404501 -0.00549792 -0.0102959 0.008091 0.00272422 0.0146403 -0.00594113 -0.000897778 -0.000134686 -0.00647457 -0.0169574
internal_weight=0 2027.7 161.065 96.72 83.3953 64.3455 46.5814 63.955 35.9291 28.0259 36.8715 25.4024 1866.64 27.4909 20.7129
internal_count=14274 14175 1239 678 589 561 404 421 235 186 294 215 12936 327 216
is_linear=0
shrinkage=0.03


Tree=469
num_leaves=16
num_cat=0
split_feature=3 2 2 2 4 1 1 6 10 5 13 14 2 13 0
split_gain=0.569813 1.80222 5.61667 4.73373 5.12632 3.41346 3.24671 2.91257 4.80363 4.76649 5.25412 6.59812 5.03462 6.4366 5.50329
threshold=0.37500000000000006 0.045850000000000009 0.099631500000000012 0.15632400000000002 0.57291650000000016 0.51049250000000013 0.56842250000000016 2.5000000000000004 2.6709805000000002 1.5000000000000002 0.33206050000000004 0.70833350000000006 0.54807600000000012 0.19600500000000001 0.53576550000000012
decision_type=2 2 2 2 2 2 2 2 2 2 2 2 2 2 2
left_child=1 -1 -3 4 -4 7 -7 8 -5 -9 11 -11 13 14 -13
right_child=-2 2 3 5 -6 6 -8 9 -10 10 -12 12 -14 -15 -16
leaf_value=-0.01191699191159285 0.0001684731318128853 0.013666437338882863 -0.0023306006243862848 0.00087898452150235256 -0.032765434253930747 -0.025550892847341678 -0.00035837681261838457 -0.027733347652786726 0.018883539668640238 -0.021749853698379368 -0.012915668045337956 0.018250224772142432 -0.0097262736866786815 0.035822772396272025 -0.017871599574078821
leaf_weight=12.88309834524989 1823.3666437519714 20.784458625130355 11.306873309426011 67.1722083799541 8.1439359700307232 8.1696705603972095 9.3049875074066204 5.8270751062082118 15.674546513706444 5.6178154665976754 20.604029165348038 8.6404633175116086 7.1551324527245006 9.3606821454595757 5.2968007475137702
leaf_count=93 12064 159 97 436 96 87 91 90 128 93 348 148 137 126 81
internal_value=0 -0.00145788 -0.000739149 -0.0024474 -0.0160525 -0.000734072 -0.0128818 0.000804436 0.00447002 -0.0040482 -0.00117436 0.00569988 0.0112942 0.0178844 0.00424487
internal_weight=0 215.942 203.059 182.274 19.4508 162.823 17.4747 145.349 82.8468 62.502 56.6749 36.0709 30.4531 23.2979 13.9373
internal_count=14274 2210 2117 1958 193 1765 178 1587 564 1023 933 585 492 355 229
is_linear=0
shrinkage=0.03


Tree=470
num_leaves=16
num_cat=0
split_feature=0 1 13 13 5 1 5 5 13 0 1 0 1 2 2
split_gain=0.560618 0.974485 2.53933 6.10853 1.96426 1.78672 4.80127 2.69278 5.37382 3.02987 1.6784 9.10675 4.68772 3.50039 8.11818
threshold=0.16396650000000004 0.052321500000000007 0.32887150000000004 0.58936650000000013 2.5000000000000004 0.10457050000000001 3.5000000000000004 1.5000000000000002 0.49834850000000003 0.38010700000000003 0.13525250000000003 0.48448250000000004 0.14581350000000001 0.60536450000000008 0.45079650000000004
decision_type=2 2 2 2 2 2 2 2 2 2 2 2 2 2 2
left_child=-1 2 -2 -4 -5 6 7 9 -9 -3 11 13 -12 14 -7
right_child=1 5 3 4 -6 10 -8 8 -10 -11 12 -13 -14 -15 -16
leaf_value=-0.005590322722667079 0.016089047606922209 0.0010366693183206965 -0.020311095345530231 -0.0026608603999432839 0.014549680739972428 0.014072711494505296 -0.020783480854456304 -0.0070904369623858128 0.017868475763434085 -0.018037236092564673 -0.01356773299861113 -0.019956437972772193 0.00010306577698478859 0.020431863385117179 -0.010392109973988642
leaf_weight=15.049624757375566 11.201213177992029 17.056307343067605 8.5792368869297189 9.3413012297824043 14.307405369356273 30.134711615741253 12.559033637866376 14.827917171991432 14.41376391565427 12.230387679301201 21.859168097376823 10.772281983867286 1811.2302247164771 16.121455168817192 19.171876912936568
leaf_count=114 142 124 100 78 134 259 175 167 139 89 165 89 12197 128 174
internal_value=0 3.87466e-05 0.00443272 1.91498e-05 0.00791932 -5.98007e-05 -0.00469613 -0.00095295 0.00539631 -0.00726131 0.000115189 0.00444832 -6.7264e-05 0.00870633 0.00454257
internal_weight=0 2023.81 43.4292 32.2279 23.6487 1980.38 71.0874 58.5284 29.2417 29.2867 1909.29 76.2003 1833.09 65.428 49.3066
internal_count=14274 14160 454 312 212 13706 694 519 306 213 13012 650 12362 561 433
is_linear=0
shrinkage=0.03


Tree=471
num_leaves=16
num_cat=0
split_feature=11 1 11 5 10 2 10 10 10 10 10 13 10 10 10
split_gain=0.559589 2.34672 1.29231 1.40949 1.21867 1.34663 0.906033 1.66222 1.734 1.4251 3.23409 1.5757 1.02427 3.12117 3.89131
threshold=5.3344820000000004 0.43424000000000001 6.7044475000000014 2.5000000000000004 55.832424500000009 0.33973600000000004 52.979579500000007 51.160083500000006 50.186343500000007 49.209645000000009 48.857221500000009 0.58936650000000013 4.3523135000000002 3.7458590000000007 3.4374970000000005
decision_type=2 2 2 2 2 2 2 2 2 2 2 2 2 2 2
left_child=4 2 -2 -4 6 -6 7 8 9 10 12 -11 13 14 -1
right_child=1 -3 3 -5 5 -7 -8 -9 -10 11 -12 -13 -14 -15 -16
leaf_value=-0.00014355398162985668 -0.022987047586132969 0.0079837427341158292 0.0037596616969414525 -0.015961558789489228 0.017710656207032795 -0.0009972746766244787 -0.0075711048013745418 0.010094648912428627 -0.009214437450256208 0.014494430194936819 -0.014272397656315971 -0.0007438034673696391 0.0021983581990193445 -0.0097567985954130632 0.013186488153134045
leaf_weight=1690.077462899033 4.4882799834013047 8.2352309850975853 7.0156537166330946 4.653635180555284 6.3523604106158 6.3551851809024811 13.166963234543799 13.696045210584996 17.337703954428434 11.836736963130535 13.257358366623519 11.472540352493523 182.82028681598604 28.952895702095702 18.941901410929859
leaf_count=11213 76 165 136 87 88 76 176 180 150 115 90 95 1317 186 124
internal_value=0 -0.00443166 -0.0108561 -0.00474412 4.97992e-05 0.0089644 -1.12462e-05 4.25951e-05 -3.21978e-05 5.37994e-05 -3.69114e-05 0.00727229 6.87177e-05 -0.000156438 1.18143e-05
internal_weight=0 24.3928 16.1576 11.6693 2014.27 12.7075 2001.56 1988.39 1974.7 1957.36 1934.05 23.3093 1920.79 1737.97 1709.02
internal_count=14274 464 299 223 13810 164 13646 13470 13290 13140 12930 210 12840 11523 11337
is_linear=0
shrinkage=0.03


Tree=472
num_leaves=16
num_cat=0
split_feature=1 2 1 1 13 0 10 2 13 13 5 0 0 13 2
split_gain=0.547849 2.4543 1.54729 1.0288 3.80298 2.01075 1.49715 1.1716 4.32539 6.71686 6.00705 7.19787 4.8395 5.11314 1.99902
threshold=0.012388500000000002 0.62525150000000018 0.040732500000000012 0.075568500000000011 0.26568700000000006 0.18019000000000004 0.46222400000000002 0.66216550000000007 0.078998500000000013 0.28468550000000009 1.5000000000000002 0.5815665000000001 0.52153650000000018 0.71418250000000005 0.60536450000000008
decision_type=2 2 2 2 2 2 2 2 2 2 2 2 2 2 2
left_child=1 -1 -2 4 -4 -5 -6 14 -9 -10 -11 12 13 -12 -7
right_child=2 -3 3 5 6 7 -8 8 9 10 11 -13 -14 -15 -16
leaf_value=-0.015114594298268981 0.0084559129135742938 0.0057383899039322415 0.0094082448434240889 0.012017393402687851 -0.016140283024216131 4.2589220408302095e-06 -0.0021338811479372755 0.021421179518341982 -0.015888497981414649 -0.0094573311618184729 -0.011801396450452466 -0.010305342904055737 0.024199290529262837 0.018250111368398176 -0.005216592045492149
leaf_weight=9.3417529438156652 18.483102780766785 9.197093276306985 11.286459903465582 11.572457655332981 16.451262050308291 1784.3127371526789 11.895058356225489 9.4437118750065547 16.210899651050568 18.551382562145591 9.0134086133912223 11.649433167651294 24.049668536521494 9.4360180180519801 67.540370715782046
leaf_count=100 168 110 129 91 175 12167 93 68 131 121 92 96 159 77 497
internal_value=0 -0.00500523 4.24427e-05 -3.944e-05 -0.0047644 5.83945e-05 -0.0105357 -1.86923e-05 0.00315508 0.000998262 0.00492823 0.00993886 0.0155973 0.00371663 -0.000188867
internal_weight=0 18.5388 2019.9 2001.41 39.6328 1961.78 28.3463 1950.21 98.3545 88.9108 72.6999 54.1485 42.4991 18.4494 1851.85
internal_count=14274 210 14064 13896 397 13499 268 13408 744 676 545 424 328 169 12664
is_linear=0
shrinkage=0.03


Tree=473
num_leaves=16
num_cat=0
split_feature=2 2 12 13 13 13 13 2 2 1 1 13 2 13 5
split_gain=0.552017 3.62082 3.60746 3.08938 6.29801 9.43316 5.86781 4.2821 3.99842 4.63445 6.32557 5.23698 3.95108 2.91727 8.72569
threshold=0.33724900000000008 0.33219800000000005 37.479372000000005 0.13133450000000005 0.086937500000000015 0.065355500000000025 0.047692000000000005 0.4315520000000001 0.36621450000000005 0.48936550000000006 0.22554100000000002 0.82030600000000009 0.56754150000000003 0.15661450000000002 1.5000000000000002
decision_type=2 2 2 2 2 2 2 2 2 2 2 2 2 2 2
left_child=1 2 -1 4 5 6 12 -6 9 10 -5 -12 -2 14 -10
right_child=3 -3 -4 8 7 -7 -8 -9 13 -11 11 -13 -14 -15 -16
leaf_value=-0.00041996809309109717 -0.0077950788886624461 -0.014824145491882764 0.015015811319376206 -0.0063675900326482134 -0.029040610966929344 0.01950398183086953 -0.025567947498324799 -0.0053873507231942336 0.029653348030044688 -0.0098125286234710309 0.019432601835374447 -0.0017108264379107087 0.012804844766386984 6.2705208207882118e-05 -0.0077769453277537377
leaf_weight=1144.9176812411752 22.155276307603344 14.519879018422214 12.790817506611345 16.037907943944447 12.023168220650406 16.4328372242162 9.9697244782000762 15.842467694077639 10.256689570844175 11.548334565013645 44.522524898871779 13.52169308438897 12.132705878699197 670.99015249009244 10.510940897744147
leaf_count=7450 195 112 67 134 97 136 96 150 67 78 296 89 102 5108 97
internal_value=0 -0.000429786 -0.000236616 0.000568475 -0.00470917 0.000765133 -0.0064698 -0.0162455 0.00117496 0.00725098 0.0100062 0.0145616 -0.000349551 0.000413443 0.0112221
internal_weight=0 1172.23 1157.71 865.944 88.5562 60.6905 44.2577 27.8656 777.388 85.6305 74.0821 58.0442 34.288 691.758 20.7676
internal_count=14274 7629 7517 6645 776 529 393 247 5869 597 519 385 297 5272 164
is_linear=0
shrinkage=0.03


Tree=474
num_leaves=16
num_cat=0
split_feature=13 13 0 1 3 0 0 1 11 12 7 13 13 0 0
split_gain=0.556132 2.84938 3.97796 8.70371 9.09921 5.77312 2.70391 4.2469 3.35302 4.9536 3.52015 2.47558 16.3171 9.2553 7.6558
threshold=0.83538150000000011 0.78860700000000017 0.54156050000000011 0.33157150000000007 0.87500000000000011 0.6783340000000001 0.79622000000000015 0.59949150000000018 0.17830350000000003 2.9948295000000003 0.70833350000000006 0.72263700000000008 0.70866600000000013 0.53402800000000006 0.47632300000000005
decision_type=2 2 2 2 2 2 2 2 2 2 2 2 2 2 2
left_child=1 11 3 4 -3 -4 7 8 -2 10 -10 12 -1 14 -13
right_child=6 2 5 -5 -6 -7 -8 -9 9 -11 -12 13 -14 -15 -16
leaf_value=0.00014043405930810773 0.00019113111405612249 0.0079842064839038846 -0.018623863217635945 0.019179329610483041 -0.021370638570940591 0.0036914288752649799 0.014384109502160718 -0.0097568832473347369 -0.0017688159408156404 0.0233195213382443 0.019802216400547926 0.002844793612160783 -0.023099810339832289 0.011146510239029564 -0.017500575897073854
leaf_weight=1419.4522976372391 248.28188700601459 17.559995225630701 31.24382487218827 14.892138428986071 18.733434846624732 14.996966209262608 12.244804380461572 31.445283829700202 31.651980525813997 13.687729110941289 7.6288918694481245 51.189189489930868 26.72040743008256 74.603523118421435 23.511826392263174
leaf_count=10107 1564 152 199 92 144 83 77 175 251 78 184 388 167 458 155
internal_value=0 -0.000229544 -0.00518338 0.000599233 -0.00733452 -0.0114616 0.00109042 0.000559514 0.00166508 0.00844244 0.00280818 7.60146e-05 -0.000304633 0.00374048 -0.00370541
internal_weight=0 1692.9 97.4264 51.1856 36.2934 46.2408 344.941 332.696 301.25 52.9686 39.2809 1595.48 1446.17 149.305 74.701
internal_count=14274 11945 670 388 296 282 2329 2252 2077 513 435 11275 10274 1001 543
is_linear=0
shrinkage=0.03


Tree=475
num_leaves=16
num_cat=0
split_feature=13 13 0 0 6 13 1 13 1 5 0 4 0 2 13
split_gain=0.552819 1.0938 4.22171 3.57416 4.22892 3.05634 2.87822 1.637 1.42529 3.92704 1.44111 2.25864 1.67626 6.65926 5.02577
threshold=0.98640400000000017 0.95102850000000017 0.6736025000000001 0.48050300000000007 2.5000000000000004 0.94102200000000014 0.48222400000000004 0.93263050000000003 0.023252500000000002 2.5000000000000004 0.22206000000000004 0.96875000000000011 0.28046450000000006 0.12909850000000003 0.63910500000000015
decision_type=2 2 2 2 2 2 2 2 2 2 2 2 2 2 2
left_child=1 5 3 4 -3 7 -5 8 9 -1 11 -10 13 -12 -15
right_child=-2 2 -4 6 -6 -7 -8 -9 10 -11 12 -13 -14 14 -16
leaf_value=-0.018652956250219496 -0.0045586396042916711 -0.0013612294518938017 0.018772841210098153 -0.011074629301348718 0.021430214134740125 -0.012581009115742352 0.0060132569504027849 0.0093054452050049235 0.012188393712077748 0.0064837361172301166 -0.023957707010573013 -0.0010765397589868264 3.99966524096912e-05 -0.0080468180059764874 0.014920079049930427
leaf_weight=11.614080942934381 22.720007745549083 17.23710718750954 12.509160747751592 26.035607976838946 11.6034929882735 16.483662994578481 12.432432077825068 15.933926285244523 21.088533792644739 9.3409610604867321 12.000409521162508 23.9090242870152 1790.9979491375852 20.174127409933135 13.420239850413052
leaf_count=129 157 106 78 173 99 109 75 109 167 117 106 155 12403 186 105
internal_value=0 4.81213e-05 0.00346754 0.000389907 0.00821936 -9.46492e-05 -0.00553959 1.91327e-05 -6.34884e-05 -0.00766302 2.51722e-05 0.00527002 -0.000106128 -0.00572367 0.00129405
internal_weight=0 2014.78 79.8178 67.3086 28.8406 1934.96 38.468 1918.48 1902.55 20.955 1881.59 44.9976 1836.59 45.5948 33.5944
internal_count=14274 14117 531 453 205 13586 248 13477 13368 246 13122 322 12800 397 291
is_linear=0
shrinkage=0.03


Tree=476
num_leaves=16
num_cat=0
split_feature=0 0 0 13 13 1 2 1 2 10 14 2 13 13 2
split_gain=0.557635 0.954928 4.48834 3.15715 5.372 5.82398 5.43048 4.94166 4.79341 3.38932 2.33001 3.23832 3.65445 2.38885 1.51012
threshold=0.16396650000000004 0.33214400000000005 0.33850950000000007 0.93694450000000018 0.69063800000000009 0.26639750000000001 0.17128050000000003 0.22355900000000004 0.38392850000000006 3.4374970000000005 0.87500000000000011 0.26025450000000006 0.37468850000000004 0.49834850000000003 0.17649900000000004
decision_type=2 2 2 2 2 2 2 2 2 2 2 2 2 2 2
left_child=-1 3 -3 4 5 7 -6 9 -8 10 -2 13 -13 14 -12
right_child=1 2 -4 -5 6 -7 8 -9 -10 -11 11 12 -14 -15 -16
leaf_value=-0.0055826539395726522 -0.010558410501116168 -0.016252075651280541 -2.7900646854881711e-05 0.01596126584377856 -0.022195688351314434 0.025226675812685045 0.0094084797137442989 -0.017221492436855789 -0.014923374084388414 0.016127136675334011 -0.0026683429039980533 0.005277156940445271 -0.013923912519610625 0.019133958762850758 0.01124132486234627
leaf_weight=15.006830458994953 11.15424998977687 14.476099979598073 1829.9799212736543 12.721963998861609 14.661989324726163 9.8170330198481661 17.466590628959242 9.7688157577067596 11.036402764730154 16.635227946331725 14.578648013994099 19.713230482768267 14.748358318116514 13.491437299177049 12.034130481071768
leaf_count=114 129 115 12551 89 114 73 138 92 97 171 97 180 127 92 95
internal_value=0 3.8879e-05 -0.000163973 0.00213203 0.00097677 0.00419516 -0.0080043 0.00214702 -0.000199342 0.00414429 0.0016597 0.00360293 -0.00310115 0.00929905 0.00380084
internal_weight=0 2022.28 1844.46 177.828 165.106 121.941 43.165 112.124 28.503 102.355 85.7201 74.5658 34.4616 40.1042 26.6128
internal_count=14274 14160 12666 1494 1405 1056 349 983 235 891 720 591 307 284 192
is_linear=0
shrinkage=0.03


Tree=477
num_leaves=16
num_cat=0
split_feature=3 13 4 10 4 12 13 0 1 2 2 13 13 1 1
split_gain=0.556001 1.79972 1.8628 4.63449 3.55269 1.97475 1.7665 2.15339 3.06124 3.49659 5.75205 5.03798 16.9301 4.28315 5.25972
threshold=0.37500000000000006 0.017249000000000004 0.53125000000000011 0.071280000000000024 0.60416650000000016 0.19779650000000001 0.017249000000000004 0.34688750000000007 0.27395300000000006 0.12621600000000002 0.14748700000000001 0.078998500000000013 0.11026500000000002 0.53578550000000014 0.39125400000000005
decision_type=2 2 2 2 2 2 2 2 2 2 2 2 2 2 2
left_child=6 -2 3 -3 -4 -5 -1 -8 -9 -10 -11 -12 -13 14 -14
right_child=1 2 4 5 -6 -7 7 8 9 10 11 12 13 -15 -16
leaf_value=0.011393635207373401 -0.0081106515357173108 -0.0037952493327726706 -0.015002406272688161 0.0055031655991656016 0.00021446469780080093 0.020463263045630599 -0.013451277593852987 0.0043531138650948721 0.0041606704262774855 -0.029566304148725374 -0.020906001027357533 0.032956082400559777 -0.013318068585041637 -0.024385473215178397 0.0047554180844032231
leaf_weight=8.2584888744167966 22.346139245666564 26.566687684506178 12.91984847281128 17.590349107980728 1726.9694010703824 15.199862364679573 12.825702229747547 60.70410268753767 36.188605489209294 7.9977056439965954 12.924152580089865 10.169174309819935 25.777913830708712 9.6795713887549919 30.768111674115062
leaf_count=83 149 147 115 126 11439 88 261 620 262 76 120 101 319 103 265
internal_value=0 0.000165473 0.000272709 0.00545398 9.29164e-05 0.0128383 -0.00144328 -0.00200764 -0.00118686 -0.00371949 -0.00666236 -0.00430687 -0.00126486 -0.00693167 -0.00357209
internal_weight=0 1821.59 1799.25 59.3569 1739.89 32.7902 215.294 207.035 194.209 133.505 97.3166 89.3189 76.3948 66.2256 56.546
internal_count=14274 12064 11915 361 11554 214 2210 2127 1866 1246 984 908 788 687 584
is_linear=0
shrinkage=0.03


Tree=478
num_leaves=16
num_cat=0
split_feature=11 12 11 2 0 2 2 0 0 1 2 0 1 1 1
split_gain=0.552698 1.99687 2.14957 1.02266 0.65713 3.6658 5.9058 3.35313 4.09739 3.05632 1.86136 1.61408 1.69355 3.21379 3.88737
threshold=6.5478245000000008 1.0000000180025095e-35 8.3508430000000011 0.30696000000000007 0.75720300000000007 0.111363 0.051625500000000012 0.82190000000000007 0.79622000000000015 0.69749300000000014 0.23741550000000003 0.74446550000000011 0.65826350000000011 0.6391285000000001 0.60636600000000007
decision_type=2 2 2 2 2 2 2 2 2 2 2 2 2 2 2
left_child=4 2 -2 -4 9 6 -6 8 10 11 -7 12 13 14 -1
right_child=1 -3 3 -5 5 7 -8 -9 -10 -11 -12 -13 -14 -15 -16
leaf_value=0.00015996860409662309 -0.013752689034463422 -0.018667722306468099 -0.00015377949112728423 0.019669464606753295 -0.0071174333237291731 -0.014035661206760204 0.014019958376410457 -0.014754127411765029 0.009534335050327733 0.012226267991339877 -0.00094908046364548435 0.0080859910454046859 -0.0073425942513708244 0.012140516051244355 -0.009160562241549243
leaf_weight=1765.0048788236454 4.2580615896731642 5.4581341720186165 4.4464447647333127 3.9133521504700184 20.616008188575506 17.946803415194154 25.693950613960624 24.959549937397242 18.597551087848842 17.778761344030499 20.545221150387079 21.298512920737267 27.100358927622437 18.666780231520534 40.213126562535763
leaf_count=12496 81 111 86 74 112 96 148 134 106 95 124 131 144 106 230
internal_value=0 -0.00508837 0.00172516 0.0102358 4.21718e-05 -0.00202647 0.00465859 -0.0058103 -0.00171338 0.000183656 -0.00725157 6.28366e-05 -3.37987e-05 7.87638e-05 -5.26127e-05
internal_weight=0 18.076 12.6179 8.3598 2018.42 128.359 46.31 82.0491 57.0896 1890.06 38.492 1872.28 1850.99 1823.88 1805.22
internal_count=14274 352 241 160 13922 720 260 460 326 13202 220 13107 12976 12832 12726
is_linear=0
shrinkage=0.03


Tree=479
num_leaves=16
num_cat=0
split_feature=1 1 1 0 1 0 1 13 1 4 1 5 1 1 13
split_gain=0.542039 1.81628 1.36831 6.67992 1.73311 2.58325 3.01551 5.77477 3.23798 8.77063 4.0628 2.47859 2.09819 10.7922 10.6442
threshold=0.79362750000000015 0.75720150000000019 0.73166750000000003 0.81399200000000016 0.69749300000000014 0.7876740000000001 0.66583200000000009 0.60807500000000014 0.6391285000000001 0.96875000000000011 0.61692600000000009 1.5000000000000002 0.55230650000000014 0.54212850000000012 0.33496350000000003
decision_type=2 2 2 2 2 2 2 2 2 2 2 2 2 2 2
left_child=1 2 3 4 5 6 8 -8 10 -10 12 -12 13 -1 -14
right_child=-2 -3 -4 -5 -6 -7 7 -9 9 -11 11 -13 14 -15 -16
leaf_value=9.6906045232809899e-05 0.0042773706344559079 -0.0090185891166441757 0.0078124161100754635 -0.020214094486544702 0.0071257940472487721 0.013493254067640138 -0.020077743798055235 0.0046092890145017279 -0.0073600276563015703 0.023309740457650236 -0.00066699197661713788 -0.017056386229863659 0.014717370067022333 -0.019374527344629518 -0.002715897272811396
leaf_weight=1659.7584829033585 25.248972529545426 19.171327196061611 19.122439090162516 13.67678669374436 30.103580038994551 11.662131486460565 17.814015282317996 15.033040505368261 14.82121188752353 17.285174215212464 14.224332721903918 19.243448868393898 48.742361499927938 25.020069403573871 85.378936230204999
leaf_count=12070 152 102 104 77 170 68 96 86 83 105 79 114 300 163 505
internal_value=0 -6.16812e-05 2.90086e-05 -5.03576e-05 0.000100651 -1.26186e-05 -0.000101759 -0.00897691 5.76168e-05 0.00935705 -0.000108528 -0.0103121 8.47802e-05 -0.000203579 0.00368173
internal_weight=0 2011.06 1991.89 1972.76 1959.09 1928.98 1917.32 32.8471 1884.47 32.1064 1852.37 33.4678 1818.9 1684.78 134.121
internal_count=14274 14122 14020 13916 13839 13669 13601 182 13419 188 13231 193 13038 12233 805
is_linear=0
shrinkage=0.03


Tree=480
num_leaves=16
num_cat=0
split_feature=11 7 2 2 2 13 11 1 1 10 3 11 1 0 13
split_gain=0.540327 3.70576 4.43916 6.62478 2.9952 1.94301 2.85055 3.59714 1.90402 3.27134 1.74266 1.65971 1.55849 1.32611 1.01657
threshold=1.2767425000000003 0.41666650000000005 0.17128050000000003 0.25130050000000004 0.32872800000000008 0.52878700000000012 2.1366640000000001 0.21552600000000002 0.63460050000000012 2.3700145000000004 0.62500000000000011 3.3948180000000003 0.28950000000000004 0.50857850000000016 0.40556650000000005
decision_type=2 2 2 2 2 2 2 2 2 2 2 2 2 2 2
left_child=14 -2 8 -4 13 10 -7 -8 9 -3 12 -11 -6 -5 -1
right_child=1 2 3 4 5 6 7 -9 -10 11 -12 -13 -14 -15 -16
leaf_value=0.00098103432160991186 -0.022984329191947941 -0.029253516138453717 0.021318263051276553 -0.0017100225601277461 0.011245849313651506 0.018844666248639768 -0.018356786271501169 0.010317249967828592 0.0013485940164504899 0.0081523425670242365 -0.012798443314697892 -0.012697686394386055 -0.0084870021886875851 -0.021188498602960196 -0.00043434857691303832
leaf_weight=742.13957049138844 6.1172836800105861 7.7876177467405858 13.764422223903237 5.430665464140473 7.7754071687813866 10.892247961834075 5.4461827774066469 9.1237055757082981 8.7324886955320817 4.6998239662498218 9.8388783736154419 7.9917977685108781 5.1862883735448122 7.1517265802249312 1183.9072480441537
leaf_count=5079 160 62 193 78 127 111 102 148 113 87 132 152 74 109 7547
internal_value=0 -0.00204184 -0.000600385 0.00328951 -0.00106772 0.00238895 0.0079443 -0.000891618 -0.0103156 -0.0151205 -0.00388801 -0.00494522 0.0033079 -0.0135263 0.000111249
internal_weight=0 109.939 103.821 74.6095 60.8451 48.2627 25.4621 14.5699 29.2117 20.4792 22.8006 12.6916 12.9617 12.5824 1926.05
internal_count=14274 1648 1488 1074 881 694 361 250 414 301 333 239 201 187 12626
is_linear=0
shrinkage=0.03


Tree=481
num_leaves=16
num_cat=0
split_feature=3 2 2 2 1 1 10 6 0 4 10 1 1 13 4
split_gain=0.542856 1.76084 5.1831 4.35463 3.04674 3.16419 2.93192 2.78168 4.7014 5.02931 4.53033 4.03649 13.9824 4.27274 10.0214
threshold=0.37500000000000006 0.045850000000000009 0.099631500000000012 0.15632400000000002 0.51049250000000013 0.56842250000000016 0.014292000000000001 2.5000000000000004 0.6497305000000001 0.46875000000000006 2.6709805000000002 0.39704350000000005 0.35318650000000007 0.23985550000000003 0.71875000000000011
decision_type=2 2 2 2 2 2 2 2 2 2 2 2 2 2 2
left_child=1 -1 -3 6 7 -6 -4 10 9 -9 -5 12 13 14 -11
right_child=-2 2 3 4 5 -7 -8 8 -10 11 -12 -13 -14 -15 -16
leaf_value=-0.011779246219399405 0.00016193242933786723 0.013107492278333068 -0.0012040241769520849 0.00082600391075475542 -0.024958082824251888 4.9316577141230098e-05 -0.024753848020822346 -0.028540040972825673 0.018233771351344064 -0.014093036238363901 0.018358180558886283 -0.023358252596764419 0.041582307562006496 -0.016004904915501123 0.029730101087800088
leaf_weight=12.848429542966185 1820.9010967258364 20.816006027162075 7.9721089703962233 67.090975699946284 7.9896037289872792 9.2205081903375667 11.20672447606921 7.3015937642194322 6.598915076814591 10.455555165419357 15.566247709095476 6.5517077976837745 5.359430498443543 19.027916408027522 6.9835737543180576
leaf_count=93 12064 159 97 436 87 91 96 136 78 210 128 88 68 348 95
internal_value=0 -0.00142872 -0.000716077 -0.0023662 -0.000726046 -0.0122931 -0.0155096 0.000722288 -0.00402919 -0.00694284 0.00430769 -0.00317126 0.00046242 -0.00652936 0.00411673
internal_weight=0 214.989 202.141 181.325 162.146 17.2101 19.1788 144.936 62.2787 55.6798 82.6572 48.3782 41.8265 36.467 17.4391
internal_count=14274 2210 2117 1958 1765 178 193 1587 1023 945 564 809 721 653 305
is_linear=0
shrinkage=0.03


Tree=482
num_leaves=16
num_cat=0
split_feature=13 13 2 2 0 2 0 1 0 0 1 5 0 13 5
split_gain=0.531928 2.67497 2.62794 5.64438 5.00943 3.70245 2.52613 4.10549 3.26198 3.91901 3.86145 5.037 4.54912 5.49444 4.94102
threshold=0.83538150000000011 0.79784100000000013 0.17813500000000002 0.25561100000000009 0.54156050000000011 0.46959400000000007 0.79622000000000015 0.59949150000000018 0.25410050000000006 0.31239800000000001 0.23846350000000002 5.5000000000000009 0.47011800000000004 0.88645900000000011 1.5000000000000002
decision_type=2 2 2 2 2 2 2 2 2 2 2 2 2 2 2
left_child=1 -1 -3 -4 5 -5 7 8 -2 -10 -11 12 13 -12 -14
right_child=6 2 3 4 -6 -7 -8 -9 9 10 11 -13 14 -15 -16
leaf_value=4.2112717368313711e-05 -0.013665767907130432 -0.013119988237864958 0.015827901886690747 0.010612871772190155 -0.019398784690175714 -0.011494403526867236 0.013957816771327406 -0.0096026215194656584 0.015931043246419398 -0.0048802862219594267 -0.0042977660936815102 0.015572579695409188 0.0075030416514927688 0.017981173039407362 -0.0047149791520304189
leaf_weight=1610.5196216830518 11.052515730261801 26.322350066155195 11.845311852172015 15.312577401287855 16.190796139650047 10.725868966430424 12.159593429416416 31.367479585576802 16.752313356846571 66.242766597308218 14.953146873041986 25.653793829493225 41.690639744512737 27.013806071132421 97.648482101969421
leaf_count=11388 81 160 79 116 105 97 77 175 129 520 89 175 240 183 660
internal_value=0 -0.000226033 -0.00553207 -0.00166728 -0.0068273 0.00141803 0.00106565 0.000553551 0.0016402 0.0022686 0.0013758 0.00339205 0.00159261 0.0101277 -0.0010319
internal_weight=0 1690.92 80.3969 54.0746 42.2292 26.0384 344.535 332.375 301.007 289.955 273.203 206.96 181.306 41.967 139.339
internal_count=14274 11945 557 397 318 213 2329 2252 2077 1996 1867 1347 1172 272 900
is_linear=0
shrinkage=0.03


Tree=483
num_leaves=16
num_cat=0
split_feature=13 13 1 2 13 2 0 13 1 5 0 4 0 2 13
split_gain=0.551768 0.992783 4.09823 6.15335 2.95136 2.46494 2.40313 1.55827 1.31503 3.78293 1.38486 2.13028 1.61993 6.20242 4.77064
threshold=0.98640400000000017 0.95102850000000017 0.49248100000000006 0.31181400000000009 0.94102200000000014 0.42196600000000006 0.48050300000000007 0.93263050000000003 0.023252500000000002 2.5000000000000004 0.22206000000000004 0.96875000000000011 0.28046450000000006 0.12909850000000003 0.63910500000000015
decision_type=2 2 2 2 2 2 2 2 2 2 2 2 2 2 2
left_child=1 4 3 -3 7 -5 -7 8 9 -1 11 -10 13 -12 -15
right_child=-2 2 -4 5 -6 6 -8 -9 10 -11 12 -13 -14 14 -16
leaf_value=-0.018253459728177719 -0.004558610661495442 -0.013280844322595443 0.013953857451977292 0.016951331018478989 -0.012375785691260572 0.011015910553539525 -0.0074415075964581372 0.0090842065063758103 0.011896969630687908 0.0064847328541796697 -0.023368364053941541 -0.001002993983411144 4.1654884026280257e-05 -0.0080049505926302611 0.014374234697160445
leaf_weight=11.483591589378195 22.687039883807302 21.609372263774276 22.194729309529066 12.254989346489308 16.436811512336135 10.402464244514706 13.332027439028023 15.928678106516598 21.050380286760628 9.3164358134381455 11.842247943393884 23.829599305987358 1789.2970111792674 20.110060529783368 13.442074449267237
leaf_count=129 157 139 134 80 109 77 101 109 167 117 106 155 12403 186 105
internal_value=0 4.69626e-05 0.0033051 -0.000966319 -8.91901e-05 0.00658691 0.000766405 2.25964e-05 -5.80947e-05 -0.00738391 2.68588e-05 0.005175 -0.000101825 -0.00563632 0.00111741
internal_weight=0 2012.53 79.7936 57.5989 1932.74 35.9895 23.7345 1916.3 1900.37 20.8 1879.57 44.88 1834.69 45.3944 33.5521
internal_count=14274 14117 531 397 13586 258 178 13477 13368 246 13122 322 12800 397 291
is_linear=0
shrinkage=0.03


Tree=484
num_leaves=16
num_cat=0
split_feature=11 7 2 2 2 13 11 1 11 10 3 2 3 13 13
split_gain=0.523637 3.58083 4.17871 6.25807 2.84148 1.838 2.6748 3.40524 1.82805 1.71817 2.83761 1.4988 1.10713 0.959013 3.92738
threshold=1.2767425000000003 0.41666650000000005 0.17128050000000003 0.25130050000000004 0.32872800000000008 0.52878700000000012 2.1366640000000001 0.21552600000000002 2.1917075000000001 15.700339500000002 0.62500000000000011 0.12621600000000002 0.62500000000000011 0.40556650000000005 0.44298050000000005
decision_type=2 2 2 2 2 2 2 2 2 2 2 2 2 2 2
left_child=13 -2 8 -4 -5 9 -7 -8 -3 10 -6 12 -10 -1 -15
right_child=1 2 3 4 5 6 7 -9 11 -11 -12 -13 -14 14 -16
leaf_value=0.00095370201760849307 -0.02279633002645836 -0.018711273458651055 0.020680032675483965 -0.013205415909446606 0.0021196454317637548 0.018197592701835057 -0.017855477837101126 0.010036112462284193 0.012101400408723357 0.0099091630280938453 -0.021331291838813 -0.016463146909385086 -0.0047515226641280557 -0.0073438824546426919 9.8443661101214343e-06
leaf_weight=741.92941098765004 5.9905145526863626 11.757050989195706 13.769742666743694 12.586597013287244 10.174698534887289 10.963451540097596 5.4572002997156224 9.1101337329018843 4.8213894823566097 5.3128100885078302 7.3002823181450358 4.5873906332999459 7.916428436525166 68.433394804596901 1114.8543940202799
leaf_count=5079 160 117 193 187 141 111 102 148 93 117 75 74 130 454 7093
internal_value=0 -0.00201251 -0.000606382 0.00315935 -0.00107189 0.00229247 0.00768451 -0.000888396 -0.0100593 -0.0038177 -0.00830146 -0.00348731 0.00204402 0.000108818 -0.000421288
internal_weight=0 109.748 103.757 74.6749 60.9052 48.3186 25.5308 14.5673 29.0823 22.7878 17.475 17.3252 12.7378 1925.22 1183.29
internal_count=14274 1648 1488 1074 881 694 361 250 414 333 216 297 223 12626 7547
is_linear=0
shrinkage=0.03


Tree=485
num_leaves=16
num_cat=0
split_feature=11 12 11 2 0 2 2 0 1 2 1 0 2 2 2
split_gain=0.528019 1.92911 2.04571 1.04545 0.642301 3.42102 5.52063 3.13493 3.87352 6.33389 2.80073 1.57445 1.51124 6.34465 6.10261
threshold=6.5478245000000008 1.0000000180025095e-35 8.3508430000000011 0.30533650000000007 0.75720300000000007 0.111363 0.051625500000000012 0.82190000000000007 0.63460050000000012 0.21917050000000002 0.69749300000000014 0.74446550000000011 0.29126250000000004 0.30696000000000007 0.25130050000000004
decision_type=2 2 2 2 2 2 2 2 2 2 2 2 2 2 2
left_child=4 2 -2 -4 10 6 -6 8 -7 -10 11 12 14 -14 -1
right_child=1 -3 3 -5 5 7 -8 -9 9 -11 -12 -13 13 -15 -16
leaf_value=9.4096449509573324e-05 -0.013297698056692087 -0.018462568741351906 -0.00047854403225491561 0.019584740055646643 -0.0069085438301625945 -0.012462489805600609 0.013549155307322269 -0.014324213993182051 -0.005907875034954658 0.018507420721241195 0.011717782945677654 0.0079897500992252568 0.011029195665189886 0.00020980795814740113 -0.0070170576519351111
leaf_weight=751.21897607622668 4.3061303440481451 5.3651411023456594 4.3768926225602609 3.9045440424233675 20.620480466634035 18.876768585294485 25.559435646049678 24.896960888057947 23.334107775241137 14.818276725243775 17.745990000665188 21.288553841412067 50.507925092708319 922.03061109117698 125.96448128134944
leaf_count=4771 81 111 85 75 112 114 148 134 126 86 95 131 352 6981 872
internal_value=0 -0.00499111 0.00168697 0.0100718 3.97314e-05 -0.00200752 0.00446147 -0.00566378 -0.00170124 0.00380545 0.000179576 6.39388e-05 -3.15476e-05 0.000782455 -0.0009339
internal_weight=0 17.9527 12.5876 8.28144 2016.86 128.106 46.1799 81.9261 57.0292 38.1524 1888.76 1871.01 1849.72 972.539 877.183
internal_count=14274 352 241 160 13922 720 260 460 326 212 13202 13107 12976 7333 5643
is_linear=0
shrinkage=0.03


Tree=486
num_leaves=16
num_cat=0
split_feature=3 13 4 10 4 12 2 2 2 1 1 10 6 5 13
split_gain=0.534588 1.76309 1.7197 4.38695 3.40585 1.85817 1.67056 4.84202 4.12874 2.91013 3.05435 2.79626 2.62791 4.48151 4.71742
threshold=0.37500000000000006 0.017249000000000004 0.53125000000000011 0.071280000000000024 0.60416650000000016 0.19779650000000001 0.045850000000000009 0.099631500000000012 0.15632400000000002 0.51049250000000013 0.56842250000000016 0.014292000000000001 2.5000000000000004 1.5000000000000002 0.33206050000000004
decision_type=2 2 2 2 2 2 2 2 2 2 2 2 2 2 2
left_child=6 -2 3 -3 -4 -5 -1 -8 11 12 -11 -9 -10 -14 -15
right_child=1 2 4 5 -6 -7 7 8 9 10 -12 -13 13 14 -16
leaf_value=-0.011519455885106158 -0.0080372019470096659 -0.0037542256670849358 -0.014728969660716976 0.0053050084504498102 0.00021253117275395864 0.01982288716230949 0.012614873792869536 -0.0011916422743823236 0.0041685317494034469 -0.024605188610904265 3.7363598609232923e-05 -0.024223025167318959 -0.027310686148919017 0.0052937267957452521 -0.01242590582314434
leaf_weight=12.800387861207126 22.311310971155763 26.533319380134344 12.840376845095305 17.529904249124229 1725.5602110838518 15.214125974103807 20.873411019332707 7.9698057556524899 82.636444173753262 7.8954545799642828 9.2112773167900723 11.129719908349214 5.6144126349827266 36.120023643481545 20.28086543479003
leaf_count=93 149 147 115 126 11439 88 159 97 564 87 91 96 90 585 348
internal_value=0 0.000160397 0.000266551 0.00524817 9.37641e-05 0.0124381 -0.00141964 -0.000725115 -0.00232563 -0.000727621 -0.0120669 -0.01515 0.000687024 -0.00394468 -0.00118344
internal_weight=0 1819.99 1797.68 59.2773 1738.4 32.744 214.532 201.731 180.858 161.758 17.1067 19.0995 144.652 62.0153 56.4009
internal_count=14274 12064 11915 361 11554 214 2210 2117 1958 1765 178 193 1587 1023 933
is_linear=0
shrinkage=0.03


Tree=487
num_leaves=16
num_cat=0
split_feature=0 0 3 13 0 10 10 13 13 1 0 0 1 2 2
split_gain=0.520048 4.35888 4.28846 7.66656 4.25219 3.34613 2.82817 2.95133 3.24838 3.96004 2.9011 3.62748 2.815 4.09024 5.20346
threshold=0.33214400000000005 0.35462050000000006 0.62500000000000011 0.54025600000000018 0.35970200000000002 1.6469120000000002 48.541778500000007 0.93694450000000018 0.69063800000000009 0.26505600000000007 0.2941255000000001 0.25410050000000006 0.20297900000000005 0.19187950000000001 0.39666950000000006
decision_type=2 2 2 2 2 2 2 2 2 2 2 2 2 2 2
left_child=6 2 5 -4 -3 -2 7 8 9 12 11 -10 13 -1 -15
right_child=1 4 3 -5 -6 -7 -8 -9 10 -11 -12 -13 -14 14 -16
leaf_value=0.01060732752683005 -0.0085148441993019783 0.015525931016863512 0.018400157054124497 -0.011905624871345548 -5.0751012579777907e-05 -0.033556779477523016 0.016111103538107029 0.01360526393065504 -0.010324874259793206 0.019234861848221246 -0.018320022705041978 0.0097859703929103758 -0.010866470576650356 -0.0079017660881486353 0.010231461729403901
leaf_weight=33.491234323009849 13.00160534726456 14.91402671812102 10.476137928664686 20.772106163203716 1775.1717971346807 7.6520246211439362 10.19200248736888 13.402870357967911 18.630155187100176 9.9234344931319338 13.752230595797299 12.740363647229968 16.235743089579046 43.983023662003689 19.871832980075851
leaf_count=221 168 112 75 161 12096 54 135 89 142 71 112 103 153 378 204
internal_value=0 -0.00016314 -0.00865004 -0.00148994 8.76215e-05 -0.0189139 0.00147279 0.000569633 -0.000540562 0.00198211 -0.00733862 -0.00210735 0.000320052 0.0022773 -0.0021879
internal_weight=0 1841.99 51.9019 31.2482 1790.09 20.6536 192.223 182.031 168.628 123.505 45.1227 31.3705 113.582 97.3461 63.8549
internal_count=14274 12666 458 236 12208 222 1608 1473 1384 1027 357 245 956 803 582
is_linear=0
shrinkage=0.03


Tree=488
num_leaves=16
num_cat=0
split_feature=0 1 13 13 5 1 0 5 2 5 1 0 1 2 2
split_gain=0.527828 0.942698 2.33942 5.60872 1.73906 1.73857 4.56397 5.72015 5.03458 2.21697 1.57516 8.55961 4.44682 3.34587 7.56117
threshold=0.16396650000000004 0.052321500000000007 0.32887150000000004 0.58936650000000013 2.5000000000000004 0.10457050000000001 0.44613450000000004 3.5000000000000004 0.48609650000000004 1.5000000000000002 0.13525250000000003 0.48448250000000004 0.14581350000000001 0.60536450000000008 0.45079650000000004
decision_type=2 2 2 2 2 2 2 2 2 2 2 2 2 2 2
left_child=-1 2 -2 -4 -5 6 7 8 9 -3 11 13 -12 14 -7
right_child=1 5 3 4 -6 10 -8 -9 -10 -11 12 -13 -14 -15 -16
leaf_value=-0.005444488600343975 0.015549492305293178 -0.0046766929896945586 -0.019635501455375286 -0.0024081538180073963 0.013838065855941559 0.013545352760738226 0.009554583021342036 -0.028426058037948707 -0.01471312900658819 0.012488391039092489 -0.013252053383053625 -0.01946233273712189 9.997880453688298e-05 0.019884013399123813 -0.010110349415260258
leaf_weight=14.944556510075925 11.195082448888568 11.536873267265038 8.3811896049883234 9.2443390619009751 14.337395551847292 30.094732196535915 15.087138924282042 9.6627751928754133 20.328318767715245 14.099705028347669 21.731246155686677 10.668441845104097 1807.3498501135036 16.142378097400069 19.060917356982827
leaf_count=114 142 87 100 78 134 259 150 133 193 131 165 89 12197 128 174
internal_value=0 3.53594e-05 0.00437051 0.000102102 0.00763046 -6.14994e-05 -0.00464703 -0.00859945 -0.00391497 0.00487825 0.000111063 0.00431526 -6.58108e-05 0.00843502 0.00435377
internal_weight=0 2018.92 43.158 31.9629 23.5817 1975.76 70.7148 55.6277 45.9649 25.6366 1905.05 75.9665 1829.08 65.298 49.1556
internal_count=14274 14160 454 312 212 13706 694 544 411 218 13012 650 12362 561 433
is_linear=0
shrinkage=0.03


Tree=489
num_leaves=16
num_cat=0
split_feature=13 13 0 2 0 2 13 13 1 5 0 4 0 2 4
split_gain=0.520845 0.899362 3.96719 3.29962 3.11322 2.97438 2.81917 1.47086 1.28956 3.52363 1.27868 1.944 1.59824 5.88922 4.63432
threshold=0.98640400000000017 0.95102850000000017 0.6736025000000001 0.31181400000000009 0.49437500000000006 0.50841300000000011 0.94102200000000014 0.93263050000000003 0.023252500000000002 2.5000000000000004 0.22206000000000004 0.96875000000000011 0.28046450000000006 0.12909850000000003 0.96875000000000011
decision_type=2 2 2 2 2 2 2 2 2 2 2 2 2 2 2
left_child=1 6 3 4 -3 -5 7 8 9 -1 11 -10 13 -12 -15
right_child=-2 2 -4 5 -6 -7 -8 -9 10 -11 12 -13 -14 14 -16
leaf_value=-0.0178975422774201 -0.0044327130355509489 0.0035325202844324367 0.018026337627549783 0.013349764153024352 -0.015048041407622907 -0.0037544909022468645 -0.012113994388992707 0.0088243831918927637 0.011397156131029396 0.0060262330442757122 -0.022973121156394209 -0.00093424355136900977 4.7797962691340229e-05 -0.010405805763058181 0.011301855571860128
leaf_weight=11.364310301374646 22.664070058614016 14.071839772164823 12.441026577726005 20.946826228871942 17.2140177115798 15.083321979269384 16.378884889185429 15.940043528564273 21.048472325317562 9.3382855495437962 11.730034272186456 23.77107079513371 1788.1413969785208 15.932026908267288 17.554828004911542
leaf_count=129 157 95 78 142 103 113 109 109 167 117 106 155 12403 156 135
internal_value=0 4.41092e-05 0.00314584 0.000172091 -0.00684026 0.00628138 -8.55518e-05 2.36058e-05 -5.48776e-05 -0.00732584 2.91239e-05 0.00497927 -9.45392e-05 -0.00560263 0.00097175
internal_weight=0 2010.96 79.757 67.316 31.2859 36.0301 1931.2 1914.82 1898.88 20.7026 1878.18 44.8195 1833.36 45.2169 33.4869
internal_count=14274 14117 531 453 198 255 13586 13477 13368 246 13122 322 12800 397 291
is_linear=0
shrinkage=0.03


Tree=490
num_leaves=16
num_cat=0
split_feature=12 14 10 1 10 13 13 2 10 10 12 1 12 5 10
split_gain=0.520652 4.19114 2.71307 4.00941 3.51259 2.33857 4.82723 2.06241 2.05324 3.14308 3.0198 2.87191 2.59202 4.5915 2.72656
threshold=1.0000000180025095e-35 0.87500000000000011 17.946683000000004 0.51627900000000015 57.329092500000009 0.05552300000000001 0.086937500000000015 0.010465500000000001 2.3221795000000003 3.3617040000000005 1.3911710000000002 0.1141515 0.53198950000000012 1.5000000000000002 8.9671340000000015
decision_type=2 2 2 2 2 2 2 2 2 2 2 2 2 2 2
left_child=2 -2 7 4 -4 -3 -7 -1 -8 10 -10 -11 14 -14 -13
right_child=1 5 3 -5 -6 6 8 -9 9 11 -12 12 13 -15 -16
leaf_value=0.009345135387178391 -0.0068656265175307436 -0.0086701060199880081 0.01644081802942857 -0.0094012987883235876 -0.0067925042447945071 0.017716670086344841 0.0015704291322855349 -7.7004423302332663e-05 -0.0034427186340847448 -0.014906786023218334 -0.023365937592018653 -0.014255618321688255 0.021372624648557482 -0.0011362535366548285 0.00025294033665116078
leaf_weight=20.2360550314188 85.334031371865422 24.133135286159813 28.896441359538585 9.2276923209428769 6.6898924876004449 13.58097735699266 327.74044817010872 1353.7485062644118 17.74879807326943 10.560564268147571 10.598207719624041 12.655407471582292 12.52101945877075 20.318390387110412 79.458571354392916
leaf_count=114 782 182 461 153 137 95 2058 9033 150 90 68 137 93 141 580
internal_value=0 -0.00073661 0.000307978 0.00748973 0.0120069 0.000262568 0.000705577 6.84605e-05 0.000200617 -0.00253207 -0.0114339 -0.000599861 0.000718055 0.00782391 -0.00187206
internal_weight=0 614.65 1418.8 44.814 35.5863 529.316 505.182 1373.98 491.601 163.861 28.347 135.514 124.953 32.8394 92.114
internal_count=14274 4376 9898 751 598 3594 3412 9147 3317 1259 218 1041 951 234 717
is_linear=0
shrinkage=0.03


Tree=491
num_leaves=16
num_cat=0
split_feature=2 2 12 1 2 2 13 5 3 2 14 0 0 0 0
split_gain=0.522219 4.65968 6.03417 4.54883 3.71476 6.10361 4.02154 3.2381 4.9773 6.91388 4.10754 5.95572 4.62633 3.81291 5.83069
threshold=0.53675050000000013 0.48912250000000007 0.060726000000000009 0.38680900000000007 0.51513100000000012 0.52471750000000006 0.48348550000000007 4.5000000000000009 0.87500000000000011 0.64492600000000011 0.70833350000000006 0.56858000000000009 0.49437500000000006 0.39532050000000002 0.43822950000000005
decision_type=2 2 2 2 2 2 2 2 2 2 2 2 2 2 2
left_child=1 -1 4 7 6 -6 -3 10 9 -9 11 12 -2 -12 -15
right_child=3 2 -4 -5 5 -7 -8 8 -10 -11 13 -13 -14 14 -16
leaf_value=0.00015586057621483278 0.0051685322122785871 -0.016802905674288486 -0.018421443643791946 0.019263659627698566 0.01987928329556482 -0.0085011600981263757 0.0022177431235581896 -0.026141480383318493 0.0095934676838751436 0.0026907017051675452 0.010063262391121831 -0.0090882511003264246 0.027683278689746647 -0.015874684548892518 0.00028881683170772131
leaf_weight=1615.2991266418248 17.790671736933291 19.347928516333923 26.935815058182925 10.942644649185238 13.859766347566621 11.807132049929349 19.274842749349773 16.320362213533375 10.479291157796977 12.881188301835207 28.40698149939999 10.556545587256549 15.229324761778114 21.56408722884953 182.58701746724546
leaf_count=10896 158 156 235 67 120 113 153 149 86 139 274 71 104 214 1339
internal_value=0 -0.000218512 -0.00677722 0.00108886 -0.00169114 0.00699467 -0.00749417 0.000400309 -0.00750485 -0.0137552 0.00155927 0.00990145 0.0160612 -3.95815e-05 -0.00148756
internal_weight=0 1706.52 91.2255 326.758 64.2897 25.6669 38.6228 315.815 39.6808 29.2016 276.135 43.5765 33.02 232.558 204.151
internal_count=14274 11673 777 2601 542 233 309 2534 374 288 2160 333 262 1827 1553
is_linear=0
shrinkage=0.03


Tree=492
num_leaves=16
num_cat=0
split_feature=4 2 2 2 2 0 1 5 1 1 5 3 2 14 0
split_gain=0.515752 0.758788 6.60817 4.37619 5.40271 5.57632 4.15257 3.71272 4.23024 5.02314 3.31257 4.72268 6.61335 3.54619 5.33757
threshold=0.35416650000000005 0.53675050000000013 0.52471750000000006 0.51801750000000013 0.48912250000000007 0.60935800000000007 0.38680900000000007 3.5000000000000004 0.25188050000000006 0.16345700000000002 4.5000000000000009 0.87500000000000011 0.64492600000000011 0.70833350000000006 0.56309500000000012
decision_type=2 2 2 2 2 2 2 2 2 2 2 2 2 2 2
left_child=-1 2 3 4 -2 7 10 8 9 -6 13 12 -12 14 -3
right_child=1 6 -4 -5 5 -7 -8 -9 -10 -11 11 -13 -14 -15 -16
leaf_value=-0.0060273924744355181 0.000167323812240848 0.015583968250828124 -0.018101068779017068 0.017055398438440672 -0.0014038561089281213 -0.027723774519188161 0.018708779234594655 0.0097606218672362383 0.0027485796100904804 -0.029818400280084326 -0.025632060028730225 0.0093131482968576724 0.0026131979526374904 0.00037040090676960591 -0.0079626470580248868
leaf_weight=11.72995721164625 1607.0720116824377 32.632395354099572 17.40808544261381 12.38765482790768 10.188628848176451 10.558335505425928 10.958585512824355 11.701295610517262 15.899367803707717 11.717536050826309 16.167589559219781 10.500639013946055 12.894778558518736 230.19046524167061 10.968613371253012
leaf_count=99 10823 258 161 110 91 89 67 115 119 83 149 86 139 1810 75
internal_value=0 3.00736e-05 -0.000224242 -2.82901e-05 -0.000165378 -0.00892395 0.00135735 -0.00444498 -0.00898002 -0.0172409 0.000692956 -0.00731267 -0.0134298 0.00187217 0.00961468
internal_weight=0 2021.25 1696.93 1679.52 1667.14 60.0652 324.313 49.5068 37.8055 21.9062 313.354 39.563 29.0624 273.791 43.601
internal_count=14274 14175 11591 11430 11320 497 2584 408 293 174 2517 374 288 2143 333
is_linear=0
shrinkage=0.03


Tree=493
num_leaves=16
num_cat=0
split_feature=2 2 12 13 13 13 13 2 2 2 13 1 4 2 0
split_gain=0.523052 3.5087 3.44577 2.95477 6.06596 8.64617 5.65518 4.05678 3.64886 3.62253 4.39981 5.21973 6.48703 2.9055 2.83569
threshold=0.33724900000000008 0.33219800000000005 37.479372000000005 0.13133450000000005 0.086937500000000015 0.065355500000000025 0.047692000000000005 0.4315520000000001 0.56754150000000003 0.36621450000000005 0.82030600000000009 0.22704300000000002 0.82291650000000016 0.42966850000000006 0.7146475000000001
decision_type=2 2 2 2 2 2 2 2 2 2 2 2 2 2 2
left_child=1 2 -1 4 5 6 8 -6 13 10 11 -5 -13 -2 -11
right_child=3 -3 -4 9 7 -7 -8 -9 -10 14 -12 12 -14 -15 -16
leaf_value=-0.00041134134828837949 0.0035141035542064331 -0.014644038894799635 0.014683266353240765 -0.0066561362018194769 -0.028501754694565902 0.018671970350832102 -0.025086160154167494 -0.0053950116515576168 0.012466308020274052 0.00082972000126722986 -0.0057640300619754047 -0.002199921754013609 0.020696776018821215 -0.017560445176273448 -0.0085283326106887214
leaf_weight=1141.9922820630018 10.950088169658558 14.406399405561386 12.775120604783295 12.421462178463115 11.91472727735527 16.448940251138993 9.840172336669637 15.79288193490356 12.063408181536941 660.42291687405668 18.55755400005728 15.118748703040181 39.456860007252544 11.072011083830146 29.488129363395274
leaf_count=7450 90 112 67 109 97 136 96 150 102 5087 124 113 251 105 185
internal_value=0 -0.000421739 -0.000231791 0.000551292 -0.00462456 0.000761296 -0.00621208 -0.015978 -0.000203605 0.0011444 0.00692974 0.0104789 0.0144284 -0.00738404 0.000417974
internal_weight=0 1169.17 1154.77 863.548 88.0822 60.3746 43.9257 27.7076 34.0855 775.466 85.5546 66.9971 54.5756 22.0221 689.911
internal_count=14274 7629 7517 6645 776 529 393 247 297 5869 597 473 364 195 5272
is_linear=0
shrinkage=0.03


Tree=494
num_leaves=16
num_cat=0
split_feature=0 1 10 3 6 1 5 10 10 13 1 13 6 13 1
split_gain=0.515787 0.912873 2.33177 1.86818 1.76912 1.67128 4.35688 2.66593 2.60148 2.2436 1.47906 4.9172 9.4835 6.0939 5.38639
threshold=0.16396650000000004 0.052321500000000007 0.42579000000000006 0.62500000000000011 2.5000000000000004 0.10457050000000001 3.5000000000000004 1.3968570000000002 0.30310950000000009 0.46980150000000004 0.20424150000000005 0.88253450000000011 2.5000000000000004 0.66988700000000012 0.19691750000000002
decision_type=2 2 2 2 2 2 2 2 2 2 2 2 2 2 2
left_child=-1 2 3 -2 -4 6 7 8 9 -3 11 13 -13 14 -7
right_child=1 5 4 -5 -6 10 -8 -9 -10 -11 -12 12 -14 -15 -16
leaf_value=-0.0053887829424459893 -0.012046003952136593 -0.010297231716283326 0.021013343135193645 0.0044409084347646326 0.0026992781450919812 -0.0011632625896234184 -0.020102875482532676 -0.0095043361882050682 0.015823774447099651 0.0063019780806563633 -0.00024620487087866462 -0.024149933418780033 0.0085579233845793079 0.011155509004853648 0.014275669710702739
leaf_weight=14.912507371045647 8.9231568640097976 12.372712085489185 8.838210519403221 15.505529265850782 9.8313084039837104 168.96349715255201 12.237157342024146 20.409601498395205 10.279967330629004 15.240190981421618 1615.5814750560094 16.237407516688112 14.117788673378525 66.893208685331047 22.104867367073894
leaf_count=114 130 149 67 151 106 1385 175 158 78 134 10728 96 135 504 164
internal_value=0 3.36257e-05 0.00430257 -0.00181822 0.0119968 -6.16881e-05 -0.00456326 -0.00101765 0.00368024 -0.00123569 0.000107404 0.00208285 -0.00915017 0.00343491 0.000687908
internal_weight=0 2017.54 43.0982 24.4287 18.6695 1974.44 70.5396 58.3025 37.8929 27.6129 1903.9 288.317 30.3552 257.962 191.068
internal_count=14274 14160 454 281 173 13706 694 519 361 283 13012 2284 231 2053 1549
is_linear=0
shrinkage=0.03


Tree=495
num_leaves=16
num_cat=0
split_feature=13 13 0 2 2 0 10 0 1 11 12 7 1 5 5
split_gain=0.524148 2.57183 2.58112 7.28474 7.51335 6.38561 3.9808 2.37265 4.07858 3.15869 5.08041 3.2908 2.38346 5.15604 3.96062
threshold=0.83538150000000011 0.79784100000000013 0.67092000000000007 0.17813500000000002 0.26579200000000008 0.54297400000000018 0.23581500000000002 0.79622000000000015 0.59949150000000018 0.19463250000000001 2.9948295000000003 0.70833350000000006 0.23846350000000002 5.5000000000000009 1.5000000000000002
decision_type=2 2 2 2 2 2 2 2 2 2 2 2 2 2 2
left_child=1 -1 3 -3 -5 6 -6 8 9 12 11 -11 14 -14 -2
right_child=7 2 -4 4 5 -7 -8 -9 -10 10 -12 -13 13 -15 -16
leaf_value=3.6937914384058761e-05 -0.01441981316105175 -0.022394154529027863 0.0071301811926107617 0.019407118989265594 -0.011295492194815057 -0.02473228327068493 0.011676561329317417 0.013593176616059143 -0.0095646222095481567 -0.0016692478754318147 0.02407039315763243 0.01943511677962172 0.00012355338925337347 0.015201354601358521 0.00039643687600470694
leaf_weight=1608.1069393566577 22.578218189999461 20.0490129776299 11.729388786479829 11.101505309343336 11.676821521483363 12.073987197130917 13.627006772905586 12.074890481308101 31.343530173413455 31.515139984898269 12.673656390979884 7.3848833218216887 151.76654426008463 22.586803950369358 51.99390103854239
leaf_count=11388 142 127 66 75 112 82 95 77 175 251 72 183 900 139 390
internal_value=0 -0.00022616 -0.00543338 -0.00765539 -0.00123066 -0.00770621 0.00104936 0.00105716 0.000561537 0.00164597 0.00832766 0.00272394 0.000233835 0.00215238 -0.00422093
internal_weight=0 1688.36 80.2577 68.5283 48.4793 37.3778 25.3038 343.918 331.843 300.499 51.5737 38.9 248.925 174.353 74.5721
internal_count=14274 11945 557 491 364 289 207 2329 2252 2077 506 434 1571 1039 532
is_linear=0
shrinkage=0.03


Tree=496
num_leaves=16
num_cat=0
split_feature=1 1 2 6 1 3 1 1 5 0 4 2 14 1 1
split_gain=0.526701 3.49278 6.49006 4.38862 3.24023 11.2906 9.59208 6.87899 6.47101 8.31399 9.36582 6.70433 5.65412 5.36486 4.67835
threshold=0.41952850000000003 0.43687500000000007 0.11699500000000002 2.5000000000000004 0.36531700000000006 0.87500000000000011 0.36024100000000009 0.35629100000000008 4.5000000000000009 0.50091800000000009 0.64583350000000006 0.46327700000000005 0.87500000000000011 0.39704350000000005 0.39474600000000004
decision_type=2 2 2 2 2 2 2 2 2 2 2 2 2 2 2
left_child=4 2 -2 -4 6 8 7 -1 9 10 -6 12 -11 -14 -7
right_child=1 -3 3 -5 5 14 -8 -9 -10 11 -12 -13 13 -15 -16
leaf_value=0.00015133641842480648 -0.010890083362209729 -3.795282176629968e-05 0.016729430897455391 -0.0011113587237136667 -0.011322979101057978 -0.0072762443204769118 0.018157965858238659 -0.018500315025172066 0.016459557484383765 -0.029753861980642358 0.017277371868750169 0.0095148222723815939 -0.017208798107071148 0.0017430609660037237 -0.024758143321546296
leaf_weight=1007.3438661509426 13.999776929616926 708.74919533869252 39.78887390345335 17.664168696850538 14.322832804173229 32.873175712302327 25.336828018538654 17.116253320127726 19.04480351973325 11.969609345309435 31.237037774175406 15.627285026013849 24.836540979333222 27.678235186263919 24.359582277946174
leaf_count=7918 82 4300 217 146 97 199 167 111 138 99 196 113 162 178 151
internal_value=0 0.00060336 0.00687735 0.011319 -0.000389207 -0.00385931 0.000281373 -0.000178025 0.000625061 -0.00188556 0.00823609 -0.00767236 -0.0119192 -0.00737419 -0.0150143
internal_weight=0 780.202 71.4528 57.453 1251.75 201.949 1049.8 1024.46 144.716 125.672 45.5599 80.1117 64.4844 52.5148 57.2328
internal_count=14274 4745 445 363 9529 1333 8196 8029 983 845 293 552 439 340 350
is_linear=0
shrinkage=0.03


Tree=497
num_leaves=16
num_cat=0
split_feature=1 1 1 0 1 0 1 13 1 4 1 5 1 1 13
split_gain=0.504392 1.73672 1.25247 6.31338 1.54464 2.35191 2.81556 5.52268 3.08369 8.37915 3.73634 2.33453 2.08211 10.0037 9.93592
threshold=0.79362750000000015 0.75720150000000019 0.73166750000000003 0.81399200000000016 0.69749300000000014 0.7876740000000001 0.66583200000000009 0.60807500000000014 0.6391285000000001 0.96875000000000011 0.61692600000000009 1.5000000000000002 0.55230650000000014 0.54212850000000012 0.33496350000000003
decision_type=2 2 2 2 2 2 2 2 2 2 2 2 2 2 2
left_child=1 2 3 4 5 6 8 -8 10 -10 12 -12 13 -1 -14
right_child=-2 -3 -4 -5 -6 -7 7 -9 9 -11 11 -13 14 -15 -16
leaf_value=8.3865523477252713e-05 0.0041305786552846497 -0.0088321168809257899 0.0074831660344882277 -0.019670721825786084 0.0067369870339708425 0.012902672801737231 -0.019533945034296386 0.0046054003711019798 -0.0071995227251352833 0.022815791054808441 -0.00054723042277970816 -0.016465816132298715 0.014336696903400826 -0.018739360883612891 -0.0025182161206486219
leaf_weight=1656.1053131312365 25.157164257019758 19.119826791808009 19.067878602072597 13.649254046380518 30.034097153693438 11.612475262023507 17.803061874583364 15.037258314434437 14.79517289996147 17.220792438834906 14.203521668910978 19.161625873297453 48.678828380070627 24.806510847061872 85.264579670503736
leaf_count=12070 152 102 104 77 170 68 96 86 83 105 79 114 300 163 505
internal_value=0 -6.23838e-05 2.63832e-05 -4.96147e-05 9.73816e-05 -9.67174e-06 -9.47503e-05 -0.00867131 5.95781e-05 0.00914721 -0.000102705 -0.0099024 8.28116e-05 -0.0002049 0.00366819
internal_weight=0 2006.56 1987.44 1968.37 1954.72 1924.69 1913.08 32.8403 1880.24 32.016 1848.22 33.3651 1814.86 1680.91 133.943
internal_count=14274 14122 14020 13916 13839 13669 13601 182 13419 188 13231 193 13038 12233 805
is_linear=0
shrinkage=0.03


Tree=498
num_leaves=16
num_cat=0
split_feature=1 1 2 6 3 13 13 0 0 4 13 1 1 1 13
split_gain=0.503846 3.28294 6.12632 4.13662 3.12393 4.76554 9.92837 7.03535 13.9255 10.3139 7.56002 6.70544 8.7897 8.16539 6.47331
threshold=0.41952850000000003 0.43687500000000007 0.11699500000000002 2.5000000000000004 0.62500000000000011 0.56838150000000021 0.61212350000000015 0.61161100000000002 0.64162550000000007 0.89583350000000006 0.41001850000000001 0.6302215000000001 0.45387450000000001 0.71137950000000016 0.24647600000000003
decision_type=2 2 2 2 2 2 2 2 2 2 2 2 2 2 2
left_child=-1 2 -2 -4 -3 7 -7 10 -9 -10 14 12 -8 -13 -6
right_child=1 4 3 -5 5 6 11 8 9 -11 -12 13 -14 -15 -16
leaf_value=-0.00038136499347805376 -0.010600516734069186 0.0024655239194969936 0.01624112123963161 -0.0010825806577447362 -0.01988383543034276 0.01811011643775421 0.012877212232361622 0.020773839269177134 -0.021285112401117218 -0.00018495658717694176 -0.028981962554129957 0.016224617745485944 -0.0069491200379182289 -0.005665405478185075 0.0052721280635163841
leaf_weight=1251.5784040049184 13.981648135930298 274.73061050055549 39.7796576526016 17.657449435442686 15.290850551798938 26.376838602125645 22.480834783986211 20.305310757830739 27.391760034486651 78.551632303744555 19.034640265628695 36.560326043516397 141.99529526941478 25.237624805420637 20.440042596310377
leaf_count=9529 82 1820 217 146 87 150 135 118 142 445 113 201 828 142 119
internal_value=0 0.000589602 0.00667363 0.010988 -3.23175e-05 -0.00161675 0.00104565 -0.00531813 -0.00138659 -0.00578844 -0.0141939 -0.0010145 -0.00417779 0.0073371 -0.00574149
internal_weight=0 779.815 71.4188 57.4371 708.396 433.665 252.651 181.014 126.249 105.943 54.7655 226.274 164.476 61.798 35.7309
internal_count=14274 4745 445 363 4300 2480 1456 1024 705 587 319 1306 963 343 206
is_linear=0
shrinkage=0.03


Tree=499
num_leaves=16
num_cat=0
split_feature=13 1 0 0 2 13 1 13 0 13 5 0 10 10 0
split_gain=0.515988 2.73714 8.30629 9.57824 8.38334 4.89192 5.08448 4.79054 4.16617 4.27897 4.98619 4.07338 3.31991 2.69079 2.89726
threshold=0.85938800000000015 0.21023900000000004 0.47011800000000004 0.49769500000000005 0.30104200000000009 0.93694450000000018 0.095540500000000014 0.90639550000000013 0.57880200000000015 0.89326150000000004 3.5000000000000004 0.39385750000000003 0.28464650000000008 0.89767350000000012 0.6924315000000002
decision_type=2 2 2 2 2 2 2 2 2 2 2 2 2 2 2
left_child=-1 5 4 -4 11 7 -7 -2 9 -5 -11 -3 -10 -14 -15
right_child=1 2 3 8 -6 6 -8 -9 12 10 -12 -13 13 14 -16
leaf_value=-0.00020484123837611972 -0.0035416938360094538 0.013197192585027807 -0.021674469789987244 0.023377980533706353 0.030041923221339577 0.018823629402106336 -0.0056452809552460263 -0.027702878738391098 -0.0064437124828631695 -0.0044284033513041134 0.01698855907348875 -0.0059346182051891756 0.01556662369144025 -0.0066753818806899448 0.010085984448628769
leaf_weight=1738.066972335102 20.391857825219635 21.652875867672265 16.424907241016626 12.287310287356375 16.372161526232958 11.680173531174662 18.417045528069139 10.9030280765146 58.242267507594079 25.433958550915122 14.602084618993102 17.152658509090543 12.379632156342266 22.753620175644755 14.233802938833831
leaf_count=12277 170 147 113 84 113 83 140 97 334 165 109 112 64 162 104
internal_value=0 0.0011542 0.00264772 -0.000549339 0.012694 -0.00443068 0.0041506 -0.0125565 0.00174139 0.00860087 0.00360651 0.00480399 -0.00164241 0.00403754 -0.000129427
internal_weight=0 292.927 231.535 176.358 55.1777 61.3921 30.0972 31.2949 159.933 52.3234 40.036 38.8055 107.609 49.3671 36.9874
internal_count=14274 1997 1507 1135 372 490 223 267 1022 358 274 259 664 330 266
is_linear=0
shrinkage=0.03


end of trees

feature_importances:
match_mean=1351
category_popularity=1261
min_edge=1230
edge_spread=1116
liquidity_min=401
hours_since_created=380
count=349
liquidity_mean=317
size_spread=269
hours_in_stage=265
vote_velocity=200
progress=155
is_proposed=118
category_diversity=88

parameters:
[boosting: gbdt]
[objective: binary]
[metric: binary_logloss,auc]
[tree_learner: serial]
[device_type: cpu]
[data: ]
[valid: ]
[num_iterations: 500]
[learning_rate: 0.03]
[num_leaves: 16]
[num_threads: -1]
[deterministic: 0]
[force_col_wise: 0]
[force_row_wise: 0]
[histogram_pool_size: -1]
[max_depth: -1]
[min_data_in_leaf: 80]
[min_sum_hessian_in_leaf: 0.001]
[bagging_fraction: 1]
[pos_bagging_fraction: 1]
[neg_bagging_fraction: 1]
[bagging_freq: 0]
[bagging_seed: 400]
[feature_fraction: 1]
[feature_fraction_bynode: 1]
[feature_fraction_seed: 30056]
[extra_trees: 0]
[extra_seed: 12879]
[early_stopping_round: 0]
[first_metric_only: 0]
[max_delta_step: 0]
[lambda_l1: 0]
[lambda_l2: 1]
[linear_lambda: 0]
[min_gain_to_split: 0]
[drop_rate: 0.1]
[max_drop: 50]
[skip_drop: 0.5]
[xgboost_dart_mode: 0]
[uniform_drop: 0]
[drop_seed: 17869]
[top_rate: 0.2]
[other_rate: 0.1]
[min_data_per_group: 100]
[max_cat_threshold: 32]
[cat_l2: 10]
[cat_smooth: 10]
[max_cat_to_onehot: 4]
[top_k: 20]
[monotone_constraints: ]
[monotone_constraints_method: basic]
[monotone_penalty: 0]
[feature_contri: ]
[forcedsplits_filename: ]
[refit_decay_rate: 0.9]
[cegb_tradeoff: 1]
[cegb_penalty_split: 0]
[cegb_penalty_feature_lazy: ]
[cegb_penalty_feature_coupled: ]
[path_smooth: 0]
[interaction_constraints: ]
[verbosity: -1]
[saved_feature_importance_type: 0]
[linear_tree: 0]
[max_bin: 255]
[max_bin_by_feature: ]
[min_data_in_bin: 3]
[bin_construct_sample_cnt: 200000]
[data_random_seed: 175]
[is_enable_sparse: 1]
[enable_bundle: 1]
[use_missing: 1]
[zero_as_missing: 0]
[feature_pre_filter: 1]
[pre_partition: 0]
[two_round: 0]
[header: 0]
[label_column: ]
[weight_column: ]
[group_column: ]
[ignore_column: ]
[categorical_feature: ]
[forcedbins_filename: ]
[precise_float_parser: 0]
[objective_seed: 16083]
[num_class: 1]
[is_unbalance: 0]
[scale_pos_weight: 1]
[sigmoid: 1]
[boost_from_average: 1]
[reg_sqrt: 0]
[alpha: 0.9]
[fair_c: 1]
[poisson_max_delta_step: 0.7]
[tweedie_variance_power: 1.5]
[lambdarank_truncation_level: 30]
[lambdarank_norm: 1]
[label_gain: ]
[eval_at: ]
[multi_error_top_k: 1]
[auc_mu_weights: ]
[num_machines: 1]
[local_listen_port: 12400]
[time_out: 120]
[machine_list_filename: ]
[machines: ]
[gpu_platform_id: -1]
[gpu_device_id: -1]
[gpu_use_dp: 0]
[num_gpu: 1]

end of parameters

pandas_categorical:[]
